[2026-06-22 08:16:28] local.ERROR: Please provide a valid cache path. {"exception":"[object] (InvalidArgumentException(code: 0): Please provide a valid cache path. at C:/xampp/htdocs/HoneyBeeshop/vendor/laravel/framework/src/Illuminate/View/Compilers/Compiler.php:67)
[stacktrace]
#0 C:/xampp/htdocs/HoneyBeeshop/vendor/laravel/framework/src/Illuminate/View/ViewServiceProvider.php(97): Illuminate/View/Compilers/Compiler->__construct(Object(Illuminate/Filesystem/Filesystem), false, '', true, 'php')
#1 C:/xampp/htdocs/HoneyBeeshop/vendor/laravel/framework/src/Illuminate/Container/Container.php(952): Illuminate/View/ViewServiceProvider->Illuminate/View/{closure}(Object(Illuminate/Foundation/Application), Array)
#2 C:/xampp/htdocs/HoneyBeeshop/vendor/laravel/framework/src/Illuminate/Container/Container.php(832): Illuminate/Container/Container->build(Object(Closure))
#3 C:/xampp/htdocs/HoneyBeeshop/vendor/laravel/framework/src/Illuminate/Foundation/Application.php(1078): Illuminate/Container/Container->resolve('blade.compiler', Array, true)
#4 C:/xampp/htdocs/HoneyBeeshop/vendor/laravel/framework/src/Illuminate/Container/Container.php(763): Illuminate/Foundation/Application->resolve('blade.compiler', Array)
#5 C:/xampp/htdocs/HoneyBeeshop/vendor/laravel/framework/src/Illuminate/Foundation/Application.php(1058): Illuminate/Container/Container->make('blade.compiler', Array)
#6 C:/xampp/htdocs/HoneyBeeshop/vendor/laravel/framework/src/Illuminate/View/ViewServiceProvider.php(168): Illuminate/Foundation/Application->make('blade.compiler')
#7 [internal function]: Illuminate/View/ViewServiceProvider->Illuminate/View/{closure}()
#8 C:/xampp/htdocs/HoneyBeeshop/vendor/laravel/framework/src/Illuminate/View/Engines/EngineResolver.php(55): call_user_func(Object(Closure))
#9 C:/xampp/htdocs/HoneyBeeshop/vendor/laravel/framework/src/Illuminate/View/Factory.php(326): Illuminate/View/Engines/EngineResolver->resolve('blade')
#10 C:/xampp/htdocs/HoneyBeeshop/vendor/laravel/framework/src/Illuminate/View/Factory.php(288): Illuminate/View/Factory->getEngineFromPath('C://xampp//htdocs...')
#11 C:/xampp/htdocs/HoneyBeeshop/vendor/laravel/framework/src/Illuminate/View/Factory.php(160): Illuminate/View/Factory->viewInstance('home', 'C://xampp//htdocs...', Array)
#12 C:/xampp/htdocs/HoneyBeeshop/vendor/laravel/framework/src/Illuminate/Foundation/helpers.php(1062): Illuminate/View/Factory->make('home', Array, Array)
#13 C:/xampp/htdocs/HoneyBeeshop/app/Http/Controllers/HomeController.php(13): view('home', Array)
#14 C:/xampp/htdocs/HoneyBeeshop/vendor/laravel/framework/src/Illuminate/Routing/ControllerDispatcher.php(47): App/Http/Controllers/HomeController->index()
#15 C:/xampp/htdocs/HoneyBeeshop/vendor/laravel/framework/src/Illuminate/Routing/Route.php(266): Illuminate/Routing/ControllerDispatcher->dispatch(Object(Illuminate/Routing/Route), Object(App/Http/Controllers/HomeController), 'index')
#16 C:/xampp/htdocs/HoneyBeeshop/vendor/laravel/framework/src/Illuminate/Routing/Route.php(212): Illuminate/Routing/Route->runController()
#17 C:/xampp/htdocs/HoneyBeeshop/vendor/laravel/framework/src/Illuminate/Routing/Router.php(808): Illuminate/Routing/Route->run()
#18 C:/xampp/htdocs/HoneyBeeshop/vendor/laravel/framework/src/Illuminate/Pipeline/Pipeline.php(170): Illuminate/Routing/Router->Illuminate/Routing/{closure}(Object(Illuminate/Http/Request))
#19 C:/xampp/htdocs/HoneyBeeshop/vendor/laravel/framework/src/Illuminate/Routing/Middleware/SubstituteBindings.php(51): Illuminate/Pipeline/Pipeline->Illuminate/Pipeline/{closure}(Object(Illuminate/Http/Request))
#20 C:/xampp/htdocs/HoneyBeeshop/vendor/laravel/framework/src/Illuminate/Pipeline/Pipeline.php(209): Illuminate/Routing/Middleware/SubstituteBindings->handle(Object(Illuminate/Http/Request), Object(Closure))
#21 C:/xampp/htdocs/HoneyBeeshop/vendor/laravel/framework/src/Illuminate/Foundation/Http/Middleware/VerifyCsrfToken.php(88): Illuminate/Pipeline/Pipeline->Illuminate/Pipeline/{closure}(Object(Illuminate/Http/Request))
#22 C:/xampp/htdocs/HoneyBeeshop/vendor/laravel/framework/src/Illuminate/Pipeline/Pipeline.php(209): Illuminate/Foundation/Http/Middleware/VerifyCsrfToken->handle(Object(Illuminate/Http/Request), Object(Closure))
#23 C:/xampp/htdocs/HoneyBeeshop/vendor/laravel/framework/src/Illuminate/View/Middleware/ShareErrorsFromSession.php(49): Illuminate/Pipeline/Pipeline->Illuminate/Pipeline/{closure}(Object(Illuminate/Http/Request))
#24 C:/xampp/htdocs/HoneyBeeshop/vendor/laravel/framework/src/Illuminate/Pipeline/Pipeline.php(209): Illuminate/View/Middleware/ShareErrorsFromSession->handle(Object(Illuminate/Http/Request), Object(Closure))
#25 C:/xampp/htdocs/HoneyBeeshop/vendor/laravel/framework/src/Illuminate/Session/Middleware/StartSession.php(121): Illuminate/Pipeline/Pipeline->Illuminate/Pipeline/{closure}(Object(Illuminate/Http/Request))
#26 C:/xampp/htdocs/HoneyBeeshop/vendor/laravel/framework/src/Illuminate/Session/Middleware/StartSession.php(64): Illuminate/Session/Middleware/StartSession->handleStatefulRequest(Object(Illuminate/Http/Request), Object(Illuminate/Session/Store), Object(Closure))
#27 C:/xampp/htdocs/HoneyBeeshop/vendor/laravel/framework/src/Illuminate/Pipeline/Pipeline.php(209): Illuminate/Session/Middleware/StartSession->handle(Object(Illuminate/Http/Request), Object(Closure))
#28 C:/xampp/htdocs/HoneyBeeshop/vendor/laravel/framework/src/Illuminate/Cookie/Middleware/AddQueuedCookiesToResponse.php(37): Illuminate/Pipeline/Pipeline->Illuminate/Pipeline/{closure}(Object(Illuminate/Http/Request))
#29 C:/xampp/htdocs/HoneyBeeshop/vendor/laravel/framework/src/Illuminate/Pipeline/Pipeline.php(209): Illuminate/Cookie/Middleware/AddQueuedCookiesToResponse->handle(Object(Illuminate/Http/Request), Object(Closure))
#30 C:/xampp/htdocs/HoneyBeeshop/vendor/laravel/framework/src/Illuminate/Cookie/Middleware/EncryptCookies.php(75): Illuminate/Pipeline/Pipeline->Illuminate/Pipeline/{closure}(Object(Illuminate/Http/Request))
#31 C:/xampp/htdocs/HoneyBeeshop/vendor/laravel/framework/src/Illuminate/Pipeline/Pipeline.php(209): Illuminate/Cookie/Middleware/EncryptCookies->handle(Object(Illuminate/Http/Request), Object(Closure))
#32 C:/xampp/htdocs/HoneyBeeshop/vendor/laravel/framework/src/Illuminate/Pipeline/Pipeline.php(127): Illuminate/Pipeline/Pipeline->Illuminate/Pipeline/{closure}(Object(Illuminate/Http/Request))
#33 C:/xampp/htdocs/HoneyBeeshop/vendor/laravel/framework/src/Illuminate/Routing/Router.php(807): Illuminate/Pipeline/Pipeline->then(Object(Closure))
#34 C:/xampp/htdocs/HoneyBeeshop/vendor/laravel/framework/src/Illuminate/Routing/Router.php(786): Illuminate/Routing/Router->runRouteWithinStack(Object(Illuminate/Routing/Route), Object(Illuminate/Http/Request))
#35 C:/xampp/htdocs/HoneyBeeshop/vendor/laravel/framework/src/Illuminate/Routing/Router.php(750): Illuminate/Routing/Router->runRoute(Object(Illuminate/Http/Request), Object(Illuminate/Routing/Route))
#36 C:/xampp/htdocs/HoneyBeeshop/vendor/laravel/framework/src/Illuminate/Routing/Router.php(739): Illuminate/Routing/Router->dispatchToRoute(Object(Illuminate/Http/Request))
#37 C:/xampp/htdocs/HoneyBeeshop/vendor/laravel/framework/src/Illuminate/Foundation/Http/Kernel.php(201): Illuminate/Routing/Router->dispatch(Object(Illuminate/Http/Request))
#38 C:/xampp/htdocs/HoneyBeeshop/vendor/laravel/framework/src/Illuminate/Pipeline/Pipeline.php(170): Illuminate/Foundation/Http/Kernel->Illuminate/Foundation/Http/{closure}(Object(Illuminate/Http/Request))
#39 C:/xampp/htdocs/HoneyBeeshop/vendor/laravel/framework/src/Illuminate/Foundation/Http/Middleware/TransformsRequest.php(21): Illuminate/Pipeline/Pipeline->Illuminate/Pipeline/{closure}(Object(Illuminate/Http/Request))
#40 C:/xampp/htdocs/HoneyBeeshop/vendor/laravel/framework/src/Illuminate/Foundation/Http/Middleware/ConvertEmptyStringsToNull.php(31): Illuminate/Foundation/Http/Middleware/TransformsRequest->handle(Object(Illuminate/Http/Request), Object(Closure))
#41 C:/xampp/htdocs/HoneyBeeshop/vendor/laravel/framework/src/Illuminate/Pipeline/Pipeline.php(209): Illuminate/Foundation/Http/Middleware/ConvertEmptyStringsToNull->handle(Object(Illuminate/Http/Request), Object(Closure))
#42 C:/xampp/htdocs/HoneyBeeshop/vendor/laravel/framework/src/Illuminate/Foundation/Http/Middleware/TransformsRequest.php(21): Illuminate/Pipeline/Pipeline->Illuminate/Pipeline/{closure}(Object(Illuminate/Http/Request))
#43 C:/xampp/htdocs/HoneyBeeshop/vendor/laravel/framework/src/Illuminate/Foundation/Http/Middleware/TrimStrings.php(51): Illuminate/Foundation/Http/Middleware/TransformsRequest->handle(Object(Illuminate/Http/Request), Object(Closure))
#44 C:/xampp/htdocs/HoneyBeeshop/vendor/laravel/framework/src/Illuminate/Pipeline/Pipeline.php(209): Illuminate/Foundation/Http/Middleware/TrimStrings->handle(Object(Illuminate/Http/Request), Object(Closure))
#45 C:/xampp/htdocs/HoneyBeeshop/vendor/laravel/framework/src/Illuminate/Http/Middleware/ValidatePostSize.php(27): Illuminate/Pipeline/Pipeline->Illuminate/Pipeline/{closure}(Object(Illuminate/Http/Request))
#46 C:/xampp/htdocs/HoneyBeeshop/vendor/laravel/framework/src/Illuminate/Pipeline/Pipeline.php(209): Illuminate/Http/Middleware/ValidatePostSize->handle(Object(Illuminate/Http/Request), Object(Closure))
#47 C:/xampp/htdocs/HoneyBeeshop/vendor/laravel/framework/src/Illuminate/Foundation/Http/Middleware/PreventRequestsDuringMaintenance.php(110): Illuminate/Pipeline/Pipeline->Illuminate/Pipeline/{closure}(Object(Illuminate/Http/Request))
#48 C:/xampp/htdocs/HoneyBeeshop/vendor/laravel/framework/src/Illuminate/Pipeline/Pipeline.php(209): Illuminate/Foundation/Http/Middleware/PreventRequestsDuringMaintenance->handle(Object(Illuminate/Http/Request), Object(Closure))
#49 C:/xampp/htdocs/HoneyBeeshop/vendor/laravel/framework/src/Illuminate/Http/Middleware/HandleCors.php(49): Illuminate/Pipeline/Pipeline->Illuminate/Pipeline/{closure}(Object(Illuminate/Http/Request))
#50 C:/xampp/htdocs/HoneyBeeshop/vendor/laravel/framework/src/Illuminate/Pipeline/Pipeline.php(209): Illuminate/Http/Middleware/HandleCors->handle(Object(Illuminate/Http/Request), Object(Closure))
#51 C:/xampp/htdocs/HoneyBeeshop/vendor/laravel/framework/src/Illuminate/Http/Middleware/TrustProxies.php(58): Illuminate/Pipeline/Pipeline->Illuminate/Pipeline/{closure}(Object(Illuminate/Http/Request))
#52 C:/xampp/htdocs/HoneyBeeshop/vendor/laravel/framework/src/Illuminate/Pipeline/Pipeline.php(209): Illuminate/Http/Middleware/TrustProxies->handle(Object(Illuminate/Http/Request), Object(Closure))
#53 C:/xampp/htdocs/HoneyBeeshop/vendor/laravel/framework/src/Illuminate/Foundation/Http/Middleware/InvokeDeferredCallbacks.php(22): Illuminate/Pipeline/Pipeline->Illuminate/Pipeline/{closure}(Object(Illuminate/Http/Request))
#54 C:/xampp/htdocs/HoneyBeeshop/vendor/laravel/framework/src/Illuminate/Pipeline/Pipeline.php(209): Illuminate/Foundation/Http/Middleware/InvokeDeferredCallbacks->handle(Object(Illuminate/Http/Request), Object(Closure))
#55 C:/xampp/htdocs/HoneyBeeshop/vendor/laravel/framework/src/Illuminate/Pipeline/Pipeline.php(127): Illuminate/Pipeline/Pipeline->Illuminate/Pipeline/{closure}(Object(Illuminate/Http/Request))
#56 C:/xampp/htdocs/HoneyBeeshop/vendor/laravel/framework/src/Illuminate/Foundation/Http/Kernel.php(176): Illuminate/Pipeline/Pipeline->then(Object(Closure))
#57 C:/xampp/htdocs/HoneyBeeshop/vendor/laravel/framework/src/Illuminate/Foundation/Http/Kernel.php(145): Illuminate/Foundation/Http/Kernel->sendRequestThroughRouter(Object(Illuminate/Http/Request))
#58 C:/xampp/htdocs/HoneyBeeshop/vendor/laravel/framework/src/Illuminate/Foundation/Application.php(1220): Illuminate/Foundation/Http/Kernel->handle(Object(Illuminate/Http/Request))
#59 C:/xampp/htdocs/HoneyBeeshop/public/index.php(17): Illuminate/Foundation/Application->handleRequest(Object(Illuminate/Http/Request))
#60 C:/xampp/htdocs/HoneyBeeshop/vendor/laravel/framework/src/Illuminate/Foundation/resources/server.php(23): require_once('C://xampp//htdocs...')
#61 {main}
"} 
[2026-06-22 08:16:36] local.ERROR: Please provide a valid cache path. {"exception":"[object] (InvalidArgumentException(code: 0): Please provide a valid cache path. at C:/xampp/htdocs/HoneyBeeshop/vendor/laravel/framework/src/Illuminate/View/Compilers/Compiler.php:67)
[stacktrace]
#0 C:/xampp/htdocs/HoneyBeeshop/vendor/laravel/framework/src/Illuminate/View/ViewServiceProvider.php(97): Illuminate/View/Compilers/Compiler->__construct(Object(Illuminate/Filesystem/Filesystem), false, '', true, 'php')
#1 C:/xampp/htdocs/HoneyBeeshop/vendor/laravel/framework/src/Illuminate/Container/Container.php(952): Illuminate/View/ViewServiceProvider->Illuminate/View/{closure}(Object(Illuminate/Foundation/Application), Array)
#2 C:/xampp/htdocs/HoneyBeeshop/vendor/laravel/framework/src/Illuminate/Container/Container.php(832): Illuminate/Container/Container->build(Object(Closure))
#3 C:/xampp/htdocs/HoneyBeeshop/vendor/laravel/framework/src/Illuminate/Foundation/Application.php(1078): Illuminate/Container/Container->resolve('blade.compiler', Array, true)
#4 C:/xampp/htdocs/HoneyBeeshop/vendor/laravel/framework/src/Illuminate/Container/Container.php(763): Illuminate/Foundation/Application->resolve('blade.compiler', Array)
#5 C:/xampp/htdocs/HoneyBeeshop/vendor/laravel/framework/src/Illuminate/Foundation/Application.php(1058): Illuminate/Container/Container->make('blade.compiler', Array)
#6 C:/xampp/htdocs/HoneyBeeshop/vendor/laravel/framework/src/Illuminate/View/ViewServiceProvider.php(168): Illuminate/Foundation/Application->make('blade.compiler')
#7 [internal function]: Illuminate/View/ViewServiceProvider->Illuminate/View/{closure}()
#8 C:/xampp/htdocs/HoneyBeeshop/vendor/laravel/framework/src/Illuminate/View/Engines/EngineResolver.php(55): call_user_func(Object(Closure))
#9 C:/xampp/htdocs/HoneyBeeshop/vendor/laravel/framework/src/Illuminate/View/Factory.php(326): Illuminate/View/Engines/EngineResolver->resolve('blade')
#10 C:/xampp/htdocs/HoneyBeeshop/vendor/laravel/framework/src/Illuminate/View/Factory.php(288): Illuminate/View/Factory->getEngineFromPath('C://xampp//htdocs...')
#11 C:/xampp/htdocs/HoneyBeeshop/vendor/laravel/framework/src/Illuminate/View/Factory.php(160): Illuminate/View/Factory->viewInstance('home', 'C://xampp//htdocs...', Array)
#12 C:/xampp/htdocs/HoneyBeeshop/vendor/laravel/framework/src/Illuminate/Foundation/helpers.php(1062): Illuminate/View/Factory->make('home', Array, Array)
#13 C:/xampp/htdocs/HoneyBeeshop/app/Http/Controllers/HomeController.php(13): view('home', Array)
#14 C:/xampp/htdocs/HoneyBeeshop/vendor/laravel/framework/src/Illuminate/Routing/ControllerDispatcher.php(47): App/Http/Controllers/HomeController->index()
#15 C:/xampp/htdocs/HoneyBeeshop/vendor/laravel/framework/src/Illuminate/Routing/Route.php(266): Illuminate/Routing/ControllerDispatcher->dispatch(Object(Illuminate/Routing/Route), Object(App/Http/Controllers/HomeController), 'index')
#16 C:/xampp/htdocs/HoneyBeeshop/vendor/laravel/framework/src/Illuminate/Routing/Route.php(212): Illuminate/Routing/Route->runController()
#17 C:/xampp/htdocs/HoneyBeeshop/vendor/laravel/framework/src/Illuminate/Routing/Router.php(808): Illuminate/Routing/Route->run()
#18 C:/xampp/htdocs/HoneyBeeshop/vendor/laravel/framework/src/Illuminate/Pipeline/Pipeline.php(170): Illuminate/Routing/Router->Illuminate/Routing/{closure}(Object(Illuminate/Http/Request))
#19 C:/xampp/htdocs/HoneyBeeshop/vendor/laravel/framework/src/Illuminate/Routing/Middleware/SubstituteBindings.php(51): Illuminate/Pipeline/Pipeline->Illuminate/Pipeline/{closure}(Object(Illuminate/Http/Request))
#20 C:/xampp/htdocs/HoneyBeeshop/vendor/laravel/framework/src/Illuminate/Pipeline/Pipeline.php(209): Illuminate/Routing/Middleware/SubstituteBindings->handle(Object(Illuminate/Http/Request), Object(Closure))
#21 C:/xampp/htdocs/HoneyBeeshop/vendor/laravel/framework/src/Illuminate/Foundation/Http/Middleware/VerifyCsrfToken.php(88): Illuminate/Pipeline/Pipeline->Illuminate/Pipeline/{closure}(Object(Illuminate/Http/Request))
#22 C:/xampp/htdocs/HoneyBeeshop/vendor/laravel/framework/src/Illuminate/Pipeline/Pipeline.php(209): Illuminate/Foundation/Http/Middleware/VerifyCsrfToken->handle(Object(Illuminate/Http/Request), Object(Closure))
#23 C:/xampp/htdocs/HoneyBeeshop/vendor/laravel/framework/src/Illuminate/View/Middleware/ShareErrorsFromSession.php(49): Illuminate/Pipeline/Pipeline->Illuminate/Pipeline/{closure}(Object(Illuminate/Http/Request))
#24 C:/xampp/htdocs/HoneyBeeshop/vendor/laravel/framework/src/Illuminate/Pipeline/Pipeline.php(209): Illuminate/View/Middleware/ShareErrorsFromSession->handle(Object(Illuminate/Http/Request), Object(Closure))
#25 C:/xampp/htdocs/HoneyBeeshop/vendor/laravel/framework/src/Illuminate/Session/Middleware/StartSession.php(121): Illuminate/Pipeline/Pipeline->Illuminate/Pipeline/{closure}(Object(Illuminate/Http/Request))
#26 C:/xampp/htdocs/HoneyBeeshop/vendor/laravel/framework/src/Illuminate/Session/Middleware/StartSession.php(64): Illuminate/Session/Middleware/StartSession->handleStatefulRequest(Object(Illuminate/Http/Request), Object(Illuminate/Session/Store), Object(Closure))
#27 C:/xampp/htdocs/HoneyBeeshop/vendor/laravel/framework/src/Illuminate/Pipeline/Pipeline.php(209): Illuminate/Session/Middleware/StartSession->handle(Object(Illuminate/Http/Request), Object(Closure))
#28 C:/xampp/htdocs/HoneyBeeshop/vendor/laravel/framework/src/Illuminate/Cookie/Middleware/AddQueuedCookiesToResponse.php(37): Illuminate/Pipeline/Pipeline->Illuminate/Pipeline/{closure}(Object(Illuminate/Http/Request))
#29 C:/xampp/htdocs/HoneyBeeshop/vendor/laravel/framework/src/Illuminate/Pipeline/Pipeline.php(209): Illuminate/Cookie/Middleware/AddQueuedCookiesToResponse->handle(Object(Illuminate/Http/Request), Object(Closure))
#30 C:/xampp/htdocs/HoneyBeeshop/vendor/laravel/framework/src/Illuminate/Cookie/Middleware/EncryptCookies.php(75): Illuminate/Pipeline/Pipeline->Illuminate/Pipeline/{closure}(Object(Illuminate/Http/Request))
#31 C:/xampp/htdocs/HoneyBeeshop/vendor/laravel/framework/src/Illuminate/Pipeline/Pipeline.php(209): Illuminate/Cookie/Middleware/EncryptCookies->handle(Object(Illuminate/Http/Request), Object(Closure))
#32 C:/xampp/htdocs/HoneyBeeshop/vendor/laravel/framework/src/Illuminate/Pipeline/Pipeline.php(127): Illuminate/Pipeline/Pipeline->Illuminate/Pipeline/{closure}(Object(Illuminate/Http/Request))
#33 C:/xampp/htdocs/HoneyBeeshop/vendor/laravel/framework/src/Illuminate/Routing/Router.php(807): Illuminate/Pipeline/Pipeline->then(Object(Closure))
#34 C:/xampp/htdocs/HoneyBeeshop/vendor/laravel/framework/src/Illuminate/Routing/Router.php(786): Illuminate/Routing/Router->runRouteWithinStack(Object(Illuminate/Routing/Route), Object(Illuminate/Http/Request))
#35 C:/xampp/htdocs/HoneyBeeshop/vendor/laravel/framework/src/Illuminate/Routing/Router.php(750): Illuminate/Routing/Router->runRoute(Object(Illuminate/Http/Request), Object(Illuminate/Routing/Route))
#36 C:/xampp/htdocs/HoneyBeeshop/vendor/laravel/framework/src/Illuminate/Routing/Router.php(739): Illuminate/Routing/Router->dispatchToRoute(Object(Illuminate/Http/Request))
#37 C:/xampp/htdocs/HoneyBeeshop/vendor/laravel/framework/src/Illuminate/Foundation/Http/Kernel.php(201): Illuminate/Routing/Router->dispatch(Object(Illuminate/Http/Request))
#38 C:/xampp/htdocs/HoneyBeeshop/vendor/laravel/framework/src/Illuminate/Pipeline/Pipeline.php(170): Illuminate/Foundation/Http/Kernel->Illuminate/Foundation/Http/{closure}(Object(Illuminate/Http/Request))
#39 C:/xampp/htdocs/HoneyBeeshop/vendor/laravel/framework/src/Illuminate/Foundation/Http/Middleware/TransformsRequest.php(21): Illuminate/Pipeline/Pipeline->Illuminate/Pipeline/{closure}(Object(Illuminate/Http/Request))
#40 C:/xampp/htdocs/HoneyBeeshop/vendor/laravel/framework/src/Illuminate/Foundation/Http/Middleware/ConvertEmptyStringsToNull.php(31): Illuminate/Foundation/Http/Middleware/TransformsRequest->handle(Object(Illuminate/Http/Request), Object(Closure))
#41 C:/xampp/htdocs/HoneyBeeshop/vendor/laravel/framework/src/Illuminate/Pipeline/Pipeline.php(209): Illuminate/Foundation/Http/Middleware/ConvertEmptyStringsToNull->handle(Object(Illuminate/Http/Request), Object(Closure))
#42 C:/xampp/htdocs/HoneyBeeshop/vendor/laravel/framework/src/Illuminate/Foundation/Http/Middleware/TransformsRequest.php(21): Illuminate/Pipeline/Pipeline->Illuminate/Pipeline/{closure}(Object(Illuminate/Http/Request))
#43 C:/xampp/htdocs/HoneyBeeshop/vendor/laravel/framework/src/Illuminate/Foundation/Http/Middleware/TrimStrings.php(51): Illuminate/Foundation/Http/Middleware/TransformsRequest->handle(Object(Illuminate/Http/Request), Object(Closure))
#44 C:/xampp/htdocs/HoneyBeeshop/vendor/laravel/framework/src/Illuminate/Pipeline/Pipeline.php(209): Illuminate/Foundation/Http/Middleware/TrimStrings->handle(Object(Illuminate/Http/Request), Object(Closure))
#45 C:/xampp/htdocs/HoneyBeeshop/vendor/laravel/framework/src/Illuminate/Http/Middleware/ValidatePostSize.php(27): Illuminate/Pipeline/Pipeline->Illuminate/Pipeline/{closure}(Object(Illuminate/Http/Request))
#46 C:/xampp/htdocs/HoneyBeeshop/vendor/laravel/framework/src/Illuminate/Pipeline/Pipeline.php(209): Illuminate/Http/Middleware/ValidatePostSize->handle(Object(Illuminate/Http/Request), Object(Closure))
#47 C:/xampp/htdocs/HoneyBeeshop/vendor/laravel/framework/src/Illuminate/Foundation/Http/Middleware/PreventRequestsDuringMaintenance.php(110): Illuminate/Pipeline/Pipeline->Illuminate/Pipeline/{closure}(Object(Illuminate/Http/Request))
#48 C:/xampp/htdocs/HoneyBeeshop/vendor/laravel/framework/src/Illuminate/Pipeline/Pipeline.php(209): Illuminate/Foundation/Http/Middleware/PreventRequestsDuringMaintenance->handle(Object(Illuminate/Http/Request), Object(Closure))
#49 C:/xampp/htdocs/HoneyBeeshop/vendor/laravel/framework/src/Illuminate/Http/Middleware/HandleCors.php(49): Illuminate/Pipeline/Pipeline->Illuminate/Pipeline/{closure}(Object(Illuminate/Http/Request))
#50 C:/xampp/htdocs/HoneyBeeshop/vendor/laravel/framework/src/Illuminate/Pipeline/Pipeline.php(209): Illuminate/Http/Middleware/HandleCors->handle(Object(Illuminate/Http/Request), Object(Closure))
#51 C:/xampp/htdocs/HoneyBeeshop/vendor/laravel/framework/src/Illuminate/Http/Middleware/TrustProxies.php(58): Illuminate/Pipeline/Pipeline->Illuminate/Pipeline/{closure}(Object(Illuminate/Http/Request))
#52 C:/xampp/htdocs/HoneyBeeshop/vendor/laravel/framework/src/Illuminate/Pipeline/Pipeline.php(209): Illuminate/Http/Middleware/TrustProxies->handle(Object(Illuminate/Http/Request), Object(Closure))
#53 C:/xampp/htdocs/HoneyBeeshop/vendor/laravel/framework/src/Illuminate/Foundation/Http/Middleware/InvokeDeferredCallbacks.php(22): Illuminate/Pipeline/Pipeline->Illuminate/Pipeline/{closure}(Object(Illuminate/Http/Request))
#54 C:/xampp/htdocs/HoneyBeeshop/vendor/laravel/framework/src/Illuminate/Pipeline/Pipeline.php(209): Illuminate/Foundation/Http/Middleware/InvokeDeferredCallbacks->handle(Object(Illuminate/Http/Request), Object(Closure))
#55 C:/xampp/htdocs/HoneyBeeshop/vendor/laravel/framework/src/Illuminate/Pipeline/Pipeline.php(127): Illuminate/Pipeline/Pipeline->Illuminate/Pipeline/{closure}(Object(Illuminate/Http/Request))
#56 C:/xampp/htdocs/HoneyBeeshop/vendor/laravel/framework/src/Illuminate/Foundation/Http/Kernel.php(176): Illuminate/Pipeline/Pipeline->then(Object(Closure))
#57 C:/xampp/htdocs/HoneyBeeshop/vendor/laravel/framework/src/Illuminate/Foundation/Http/Kernel.php(145): Illuminate/Foundation/Http/Kernel->sendRequestThroughRouter(Object(Illuminate/Http/Request))
#58 C:/xampp/htdocs/HoneyBeeshop/vendor/laravel/framework/src/Illuminate/Foundation/Application.php(1220): Illuminate/Foundation/Http/Kernel->handle(Object(Illuminate/Http/Request))
#59 C:/xampp/htdocs/HoneyBeeshop/public/index.php(17): Illuminate/Foundation/Application->handleRequest(Object(Illuminate/Http/Request))
#60 C:/xampp/htdocs/HoneyBeeshop/vendor/laravel/framework/src/Illuminate/Foundation/resources/server.php(23): require_once('C://xampp//htdocs...')
#61 {main}
"} 
[2026-06-22 08:20:55] local.ERROR: Please provide a valid cache path. {"exception":"[object] (InvalidArgumentException(code: 0): Please provide a valid cache path. at C:/xampp/htdocs/HoneyBeeshop/vendor/laravel/framework/src/Illuminate/View/Compilers/Compiler.php:67)
[stacktrace]
#0 C:/xampp/htdocs/HoneyBeeshop/vendor/laravel/framework/src/Illuminate/View/ViewServiceProvider.php(97): Illuminate/View/Compilers/Compiler->__construct(Object(Illuminate/Filesystem/Filesystem), false, '', true, 'php')
#1 C:/xampp/htdocs/HoneyBeeshop/vendor/laravel/framework/src/Illuminate/Container/Container.php(952): Illuminate/View/ViewServiceProvider->Illuminate/View/{closure}(Object(Illuminate/Foundation/Application), Array)
#2 C:/xampp/htdocs/HoneyBeeshop/vendor/laravel/framework/src/Illuminate/Container/Container.php(832): Illuminate/Container/Container->build(Object(Closure))
#3 C:/xampp/htdocs/HoneyBeeshop/vendor/laravel/framework/src/Illuminate/Foundation/Application.php(1078): Illuminate/Container/Container->resolve('blade.compiler', Array, true)
#4 C:/xampp/htdocs/HoneyBeeshop/vendor/laravel/framework/src/Illuminate/Container/Container.php(763): Illuminate/Foundation/Application->resolve('blade.compiler', Array)
#5 C:/xampp/htdocs/HoneyBeeshop/vendor/laravel/framework/src/Illuminate/Foundation/Application.php(1058): Illuminate/Container/Container->make('blade.compiler', Array)
#6 C:/xampp/htdocs/HoneyBeeshop/vendor/laravel/framework/src/Illuminate/View/ViewServiceProvider.php(168): Illuminate/Foundation/Application->make('blade.compiler')
#7 [internal function]: Illuminate/View/ViewServiceProvider->Illuminate/View/{closure}()
#8 C:/xampp/htdocs/HoneyBeeshop/vendor/laravel/framework/src/Illuminate/View/Engines/EngineResolver.php(55): call_user_func(Object(Closure))
#9 C:/xampp/htdocs/HoneyBeeshop/vendor/laravel/framework/src/Illuminate/View/Factory.php(326): Illuminate/View/Engines/EngineResolver->resolve('blade')
#10 C:/xampp/htdocs/HoneyBeeshop/vendor/laravel/framework/src/Illuminate/View/Factory.php(288): Illuminate/View/Factory->getEngineFromPath('C://xampp//htdocs...')
#11 C:/xampp/htdocs/HoneyBeeshop/vendor/laravel/framework/src/Illuminate/View/Factory.php(160): Illuminate/View/Factory->viewInstance('home', 'C://xampp//htdocs...', Array)
#12 C:/xampp/htdocs/HoneyBeeshop/vendor/laravel/framework/src/Illuminate/Foundation/helpers.php(1062): Illuminate/View/Factory->make('home', Array, Array)
#13 C:/xampp/htdocs/HoneyBeeshop/app/Http/Controllers/HomeController.php(13): view('home', Array)
#14 C:/xampp/htdocs/HoneyBeeshop/vendor/laravel/framework/src/Illuminate/Routing/ControllerDispatcher.php(47): App/Http/Controllers/HomeController->index()
#15 C:/xampp/htdocs/HoneyBeeshop/vendor/laravel/framework/src/Illuminate/Routing/Route.php(266): Illuminate/Routing/ControllerDispatcher->dispatch(Object(Illuminate/Routing/Route), Object(App/Http/Controllers/HomeController), 'index')
#16 C:/xampp/htdocs/HoneyBeeshop/vendor/laravel/framework/src/Illuminate/Routing/Route.php(212): Illuminate/Routing/Route->runController()
#17 C:/xampp/htdocs/HoneyBeeshop/vendor/laravel/framework/src/Illuminate/Routing/Router.php(808): Illuminate/Routing/Route->run()
#18 C:/xampp/htdocs/HoneyBeeshop/vendor/laravel/framework/src/Illuminate/Pipeline/Pipeline.php(170): Illuminate/Routing/Router->Illuminate/Routing/{closure}(Object(Illuminate/Http/Request))
#19 C:/xampp/htdocs/HoneyBeeshop/vendor/laravel/framework/src/Illuminate/Routing/Middleware/SubstituteBindings.php(51): Illuminate/Pipeline/Pipeline->Illuminate/Pipeline/{closure}(Object(Illuminate/Http/Request))
#20 C:/xampp/htdocs/HoneyBeeshop/vendor/laravel/framework/src/Illuminate/Pipeline/Pipeline.php(209): Illuminate/Routing/Middleware/SubstituteBindings->handle(Object(Illuminate/Http/Request), Object(Closure))
#21 C:/xampp/htdocs/HoneyBeeshop/vendor/laravel/framework/src/Illuminate/Foundation/Http/Middleware/VerifyCsrfToken.php(88): Illuminate/Pipeline/Pipeline->Illuminate/Pipeline/{closure}(Object(Illuminate/Http/Request))
#22 C:/xampp/htdocs/HoneyBeeshop/vendor/laravel/framework/src/Illuminate/Pipeline/Pipeline.php(209): Illuminate/Foundation/Http/Middleware/VerifyCsrfToken->handle(Object(Illuminate/Http/Request), Object(Closure))
#23 C:/xampp/htdocs/HoneyBeeshop/vendor/laravel/framework/src/Illuminate/View/Middleware/ShareErrorsFromSession.php(49): Illuminate/Pipeline/Pipeline->Illuminate/Pipeline/{closure}(Object(Illuminate/Http/Request))
#24 C:/xampp/htdocs/HoneyBeeshop/vendor/laravel/framework/src/Illuminate/Pipeline/Pipeline.php(209): Illuminate/View/Middleware/ShareErrorsFromSession->handle(Object(Illuminate/Http/Request), Object(Closure))
#25 C:/xampp/htdocs/HoneyBeeshop/vendor/laravel/framework/src/Illuminate/Session/Middleware/StartSession.php(121): Illuminate/Pipeline/Pipeline->Illuminate/Pipeline/{closure}(Object(Illuminate/Http/Request))
#26 C:/xampp/htdocs/HoneyBeeshop/vendor/laravel/framework/src/Illuminate/Session/Middleware/StartSession.php(64): Illuminate/Session/Middleware/StartSession->handleStatefulRequest(Object(Illuminate/Http/Request), Object(Illuminate/Session/Store), Object(Closure))
#27 C:/xampp/htdocs/HoneyBeeshop/vendor/laravel/framework/src/Illuminate/Pipeline/Pipeline.php(209): Illuminate/Session/Middleware/StartSession->handle(Object(Illuminate/Http/Request), Object(Closure))
#28 C:/xampp/htdocs/HoneyBeeshop/vendor/laravel/framework/src/Illuminate/Cookie/Middleware/AddQueuedCookiesToResponse.php(37): Illuminate/Pipeline/Pipeline->Illuminate/Pipeline/{closure}(Object(Illuminate/Http/Request))
#29 C:/xampp/htdocs/HoneyBeeshop/vendor/laravel/framework/src/Illuminate/Pipeline/Pipeline.php(209): Illuminate/Cookie/Middleware/AddQueuedCookiesToResponse->handle(Object(Illuminate/Http/Request), Object(Closure))
#30 C:/xampp/htdocs/HoneyBeeshop/vendor/laravel/framework/src/Illuminate/Cookie/Middleware/EncryptCookies.php(75): Illuminate/Pipeline/Pipeline->Illuminate/Pipeline/{closure}(Object(Illuminate/Http/Request))
#31 C:/xampp/htdocs/HoneyBeeshop/vendor/laravel/framework/src/Illuminate/Pipeline/Pipeline.php(209): Illuminate/Cookie/Middleware/EncryptCookies->handle(Object(Illuminate/Http/Request), Object(Closure))
#32 C:/xampp/htdocs/HoneyBeeshop/vendor/laravel/framework/src/Illuminate/Pipeline/Pipeline.php(127): Illuminate/Pipeline/Pipeline->Illuminate/Pipeline/{closure}(Object(Illuminate/Http/Request))
#33 C:/xampp/htdocs/HoneyBeeshop/vendor/laravel/framework/src/Illuminate/Routing/Router.php(807): Illuminate/Pipeline/Pipeline->then(Object(Closure))
#34 C:/xampp/htdocs/HoneyBeeshop/vendor/laravel/framework/src/Illuminate/Routing/Router.php(786): Illuminate/Routing/Router->runRouteWithinStack(Object(Illuminate/Routing/Route), Object(Illuminate/Http/Request))
#35 C:/xampp/htdocs/HoneyBeeshop/vendor/laravel/framework/src/Illuminate/Routing/Router.php(750): Illuminate/Routing/Router->runRoute(Object(Illuminate/Http/Request), Object(Illuminate/Routing/Route))
#36 C:/xampp/htdocs/HoneyBeeshop/vendor/laravel/framework/src/Illuminate/Routing/Router.php(739): Illuminate/Routing/Router->dispatchToRoute(Object(Illuminate/Http/Request))
#37 C:/xampp/htdocs/HoneyBeeshop/vendor/laravel/framework/src/Illuminate/Foundation/Http/Kernel.php(201): Illuminate/Routing/Router->dispatch(Object(Illuminate/Http/Request))
#38 C:/xampp/htdocs/HoneyBeeshop/vendor/laravel/framework/src/Illuminate/Pipeline/Pipeline.php(170): Illuminate/Foundation/Http/Kernel->Illuminate/Foundation/Http/{closure}(Object(Illuminate/Http/Request))
#39 C:/xampp/htdocs/HoneyBeeshop/vendor/laravel/framework/src/Illuminate/Foundation/Http/Middleware/TransformsRequest.php(21): Illuminate/Pipeline/Pipeline->Illuminate/Pipeline/{closure}(Object(Illuminate/Http/Request))
#40 C:/xampp/htdocs/HoneyBeeshop/vendor/laravel/framework/src/Illuminate/Foundation/Http/Middleware/ConvertEmptyStringsToNull.php(31): Illuminate/Foundation/Http/Middleware/TransformsRequest->handle(Object(Illuminate/Http/Request), Object(Closure))
#41 C:/xampp/htdocs/HoneyBeeshop/vendor/laravel/framework/src/Illuminate/Pipeline/Pipeline.php(209): Illuminate/Foundation/Http/Middleware/ConvertEmptyStringsToNull->handle(Object(Illuminate/Http/Request), Object(Closure))
#42 C:/xampp/htdocs/HoneyBeeshop/vendor/laravel/framework/src/Illuminate/Foundation/Http/Middleware/TransformsRequest.php(21): Illuminate/Pipeline/Pipeline->Illuminate/Pipeline/{closure}(Object(Illuminate/Http/Request))
#43 C:/xampp/htdocs/HoneyBeeshop/vendor/laravel/framework/src/Illuminate/Foundation/Http/Middleware/TrimStrings.php(51): Illuminate/Foundation/Http/Middleware/TransformsRequest->handle(Object(Illuminate/Http/Request), Object(Closure))
#44 C:/xampp/htdocs/HoneyBeeshop/vendor/laravel/framework/src/Illuminate/Pipeline/Pipeline.php(209): Illuminate/Foundation/Http/Middleware/TrimStrings->handle(Object(Illuminate/Http/Request), Object(Closure))
#45 C:/xampp/htdocs/HoneyBeeshop/vendor/laravel/framework/src/Illuminate/Http/Middleware/ValidatePostSize.php(27): Illuminate/Pipeline/Pipeline->Illuminate/Pipeline/{closure}(Object(Illuminate/Http/Request))
#46 C:/xampp/htdocs/HoneyBeeshop/vendor/laravel/framework/src/Illuminate/Pipeline/Pipeline.php(209): Illuminate/Http/Middleware/ValidatePostSize->handle(Object(Illuminate/Http/Request), Object(Closure))
#47 C:/xampp/htdocs/HoneyBeeshop/vendor/laravel/framework/src/Illuminate/Foundation/Http/Middleware/PreventRequestsDuringMaintenance.php(110): Illuminate/Pipeline/Pipeline->Illuminate/Pipeline/{closure}(Object(Illuminate/Http/Request))
#48 C:/xampp/htdocs/HoneyBeeshop/vendor/laravel/framework/src/Illuminate/Pipeline/Pipeline.php(209): Illuminate/Foundation/Http/Middleware/PreventRequestsDuringMaintenance->handle(Object(Illuminate/Http/Request), Object(Closure))
#49 C:/xampp/htdocs/HoneyBeeshop/vendor/laravel/framework/src/Illuminate/Http/Middleware/HandleCors.php(49): Illuminate/Pipeline/Pipeline->Illuminate/Pipeline/{closure}(Object(Illuminate/Http/Request))
#50 C:/xampp/htdocs/HoneyBeeshop/vendor/laravel/framework/src/Illuminate/Pipeline/Pipeline.php(209): Illuminate/Http/Middleware/HandleCors->handle(Object(Illuminate/Http/Request), Object(Closure))
#51 C:/xampp/htdocs/HoneyBeeshop/vendor/laravel/framework/src/Illuminate/Http/Middleware/TrustProxies.php(58): Illuminate/Pipeline/Pipeline->Illuminate/Pipeline/{closure}(Object(Illuminate/Http/Request))
#52 C:/xampp/htdocs/HoneyBeeshop/vendor/laravel/framework/src/Illuminate/Pipeline/Pipeline.php(209): Illuminate/Http/Middleware/TrustProxies->handle(Object(Illuminate/Http/Request), Object(Closure))
#53 C:/xampp/htdocs/HoneyBeeshop/vendor/laravel/framework/src/Illuminate/Foundation/Http/Middleware/InvokeDeferredCallbacks.php(22): Illuminate/Pipeline/Pipeline->Illuminate/Pipeline/{closure}(Object(Illuminate/Http/Request))
#54 C:/xampp/htdocs/HoneyBeeshop/vendor/laravel/framework/src/Illuminate/Pipeline/Pipeline.php(209): Illuminate/Foundation/Http/Middleware/InvokeDeferredCallbacks->handle(Object(Illuminate/Http/Request), Object(Closure))
#55 C:/xampp/htdocs/HoneyBeeshop/vendor/laravel/framework/src/Illuminate/Pipeline/Pipeline.php(127): Illuminate/Pipeline/Pipeline->Illuminate/Pipeline/{closure}(Object(Illuminate/Http/Request))
#56 C:/xampp/htdocs/HoneyBeeshop/vendor/laravel/framework/src/Illuminate/Foundation/Http/Kernel.php(176): Illuminate/Pipeline/Pipeline->then(Object(Closure))
#57 C:/xampp/htdocs/HoneyBeeshop/vendor/laravel/framework/src/Illuminate/Foundation/Http/Kernel.php(145): Illuminate/Foundation/Http/Kernel->sendRequestThroughRouter(Object(Illuminate/Http/Request))
#58 C:/xampp/htdocs/HoneyBeeshop/vendor/laravel/framework/src/Illuminate/Foundation/Application.php(1220): Illuminate/Foundation/Http/Kernel->handle(Object(Illuminate/Http/Request))
#59 C:/xampp/htdocs/HoneyBeeshop/public/index.php(17): Illuminate/Foundation/Application->handleRequest(Object(Illuminate/Http/Request))
#60 C:/xampp/htdocs/HoneyBeeshop/vendor/laravel/framework/src/Illuminate/Foundation/resources/server.php(23): require_once('C://xampp//htdocs...')
#61 {main}
"} 
[2026-06-22 08:33:55] local.ERROR: View [admin.businesses.index] not found. {"exception":"[object] (InvalidArgumentException(code: 0): View [admin.businesses.index] not found. at C:/xampp/htdocs/HoneyBeeshop/vendor/laravel/framework/src/Illuminate/View/FileViewFinder.php:139)
[stacktrace]
#0 C:/xampp/htdocs/HoneyBeeshop/vendor/laravel/framework/src/Illuminate/View/FileViewFinder.php(79): Illuminate/View/FileViewFinder->findInPaths('admin.businesse...', Array)
#1 C:/xampp/htdocs/HoneyBeeshop/vendor/laravel/framework/src/Illuminate/View/Factory.php(151): Illuminate/View/FileViewFinder->find('admin.businesse...')
#2 C:/xampp/htdocs/HoneyBeeshop/vendor/laravel/framework/src/Illuminate/Foundation/helpers.php(1062): Illuminate/View/Factory->make('admin.businesse...', Array, Array)
#3 C:/xampp/htdocs/HoneyBeeshop/app/Http/Controllers/AdminController.php(34): view('admin.businesse...', Array)
#4 C:/xampp/htdocs/HoneyBeeshop/vendor/laravel/framework/src/Illuminate/Routing/ControllerDispatcher.php(47): App/Http/Controllers/AdminController->businesses()
#5 C:/xampp/htdocs/HoneyBeeshop/vendor/laravel/framework/src/Illuminate/Routing/Route.php(266): Illuminate/Routing/ControllerDispatcher->dispatch(Object(Illuminate/Routing/Route), Object(App/Http/Controllers/AdminController), 'businesses')
#6 C:/xampp/htdocs/HoneyBeeshop/vendor/laravel/framework/src/Illuminate/Routing/Route.php(212): Illuminate/Routing/Route->runController()
#7 C:/xampp/htdocs/HoneyBeeshop/vendor/laravel/framework/src/Illuminate/Routing/Router.php(808): Illuminate/Routing/Route->run()
#8 C:/xampp/htdocs/HoneyBeeshop/vendor/laravel/framework/src/Illuminate/Pipeline/Pipeline.php(170): Illuminate/Routing/Router->Illuminate/Routing/{closure}(Object(Illuminate/Http/Request))
#9 C:/xampp/htdocs/HoneyBeeshop/vendor/laravel/framework/src/Illuminate/Routing/Middleware/SubstituteBindings.php(51): Illuminate/Pipeline/Pipeline->Illuminate/Pipeline/{closure}(Object(Illuminate/Http/Request))
#10 C:/xampp/htdocs/HoneyBeeshop/vendor/laravel/framework/src/Illuminate/Pipeline/Pipeline.php(209): Illuminate/Routing/Middleware/SubstituteBindings->handle(Object(Illuminate/Http/Request), Object(Closure))
#11 C:/xampp/htdocs/HoneyBeeshop/vendor/laravel/framework/src/Illuminate/Foundation/Http/Middleware/VerifyCsrfToken.php(88): Illuminate/Pipeline/Pipeline->Illuminate/Pipeline/{closure}(Object(Illuminate/Http/Request))
#12 C:/xampp/htdocs/HoneyBeeshop/vendor/laravel/framework/src/Illuminate/Pipeline/Pipeline.php(209): Illuminate/Foundation/Http/Middleware/VerifyCsrfToken->handle(Object(Illuminate/Http/Request), Object(Closure))
#13 C:/xampp/htdocs/HoneyBeeshop/vendor/laravel/framework/src/Illuminate/View/Middleware/ShareErrorsFromSession.php(49): Illuminate/Pipeline/Pipeline->Illuminate/Pipeline/{closure}(Object(Illuminate/Http/Request))
#14 C:/xampp/htdocs/HoneyBeeshop/vendor/laravel/framework/src/Illuminate/Pipeline/Pipeline.php(209): Illuminate/View/Middleware/ShareErrorsFromSession->handle(Object(Illuminate/Http/Request), Object(Closure))
#15 C:/xampp/htdocs/HoneyBeeshop/vendor/laravel/framework/src/Illuminate/Session/Middleware/StartSession.php(121): Illuminate/Pipeline/Pipeline->Illuminate/Pipeline/{closure}(Object(Illuminate/Http/Request))
#16 C:/xampp/htdocs/HoneyBeeshop/vendor/laravel/framework/src/Illuminate/Session/Middleware/StartSession.php(64): Illuminate/Session/Middleware/StartSession->handleStatefulRequest(Object(Illuminate/Http/Request), Object(Illuminate/Session/Store), Object(Closure))
#17 C:/xampp/htdocs/HoneyBeeshop/vendor/laravel/framework/src/Illuminate/Pipeline/Pipeline.php(209): Illuminate/Session/Middleware/StartSession->handle(Object(Illuminate/Http/Request), Object(Closure))
#18 C:/xampp/htdocs/HoneyBeeshop/vendor/laravel/framework/src/Illuminate/Cookie/Middleware/AddQueuedCookiesToResponse.php(37): Illuminate/Pipeline/Pipeline->Illuminate/Pipeline/{closure}(Object(Illuminate/Http/Request))
#19 C:/xampp/htdocs/HoneyBeeshop/vendor/laravel/framework/src/Illuminate/Pipeline/Pipeline.php(209): Illuminate/Cookie/Middleware/AddQueuedCookiesToResponse->handle(Object(Illuminate/Http/Request), Object(Closure))
#20 C:/xampp/htdocs/HoneyBeeshop/vendor/laravel/framework/src/Illuminate/Cookie/Middleware/EncryptCookies.php(75): Illuminate/Pipeline/Pipeline->Illuminate/Pipeline/{closure}(Object(Illuminate/Http/Request))
#21 C:/xampp/htdocs/HoneyBeeshop/vendor/laravel/framework/src/Illuminate/Pipeline/Pipeline.php(209): Illuminate/Cookie/Middleware/EncryptCookies->handle(Object(Illuminate/Http/Request), Object(Closure))
#22 C:/xampp/htdocs/HoneyBeeshop/vendor/laravel/framework/src/Illuminate/Pipeline/Pipeline.php(127): Illuminate/Pipeline/Pipeline->Illuminate/Pipeline/{closure}(Object(Illuminate/Http/Request))
#23 C:/xampp/htdocs/HoneyBeeshop/vendor/laravel/framework/src/Illuminate/Routing/Router.php(807): Illuminate/Pipeline/Pipeline->then(Object(Closure))
#24 C:/xampp/htdocs/HoneyBeeshop/vendor/laravel/framework/src/Illuminate/Routing/Router.php(786): Illuminate/Routing/Router->runRouteWithinStack(Object(Illuminate/Routing/Route), Object(Illuminate/Http/Request))
#25 C:/xampp/htdocs/HoneyBeeshop/vendor/laravel/framework/src/Illuminate/Routing/Router.php(750): Illuminate/Routing/Router->runRoute(Object(Illuminate/Http/Request), Object(Illuminate/Routing/Route))
#26 C:/xampp/htdocs/HoneyBeeshop/vendor/laravel/framework/src/Illuminate/Routing/Router.php(739): Illuminate/Routing/Router->dispatchToRoute(Object(Illuminate/Http/Request))
#27 C:/xampp/htdocs/HoneyBeeshop/vendor/laravel/framework/src/Illuminate/Foundation/Http/Kernel.php(201): Illuminate/Routing/Router->dispatch(Object(Illuminate/Http/Request))
#28 C:/xampp/htdocs/HoneyBeeshop/vendor/laravel/framework/src/Illuminate/Pipeline/Pipeline.php(170): Illuminate/Foundation/Http/Kernel->Illuminate/Foundation/Http/{closure}(Object(Illuminate/Http/Request))
#29 C:/xampp/htdocs/HoneyBeeshop/vendor/laravel/framework/src/Illuminate/Foundation/Http/Middleware/TransformsRequest.php(21): Illuminate/Pipeline/Pipeline->Illuminate/Pipeline/{closure}(Object(Illuminate/Http/Request))
#30 C:/xampp/htdocs/HoneyBeeshop/vendor/laravel/framework/src/Illuminate/Foundation/Http/Middleware/ConvertEmptyStringsToNull.php(31): Illuminate/Foundation/Http/Middleware/TransformsRequest->handle(Object(Illuminate/Http/Request), Object(Closure))
#31 C:/xampp/htdocs/HoneyBeeshop/vendor/laravel/framework/src/Illuminate/Pipeline/Pipeline.php(209): Illuminate/Foundation/Http/Middleware/ConvertEmptyStringsToNull->handle(Object(Illuminate/Http/Request), Object(Closure))
#32 C:/xampp/htdocs/HoneyBeeshop/vendor/laravel/framework/src/Illuminate/Foundation/Http/Middleware/TransformsRequest.php(21): Illuminate/Pipeline/Pipeline->Illuminate/Pipeline/{closure}(Object(Illuminate/Http/Request))
#33 C:/xampp/htdocs/HoneyBeeshop/vendor/laravel/framework/src/Illuminate/Foundation/Http/Middleware/TrimStrings.php(51): Illuminate/Foundation/Http/Middleware/TransformsRequest->handle(Object(Illuminate/Http/Request), Object(Closure))
#34 C:/xampp/htdocs/HoneyBeeshop/vendor/laravel/framework/src/Illuminate/Pipeline/Pipeline.php(209): Illuminate/Foundation/Http/Middleware/TrimStrings->handle(Object(Illuminate/Http/Request), Object(Closure))
#35 C:/xampp/htdocs/HoneyBeeshop/vendor/laravel/framework/src/Illuminate/Http/Middleware/ValidatePostSize.php(27): Illuminate/Pipeline/Pipeline->Illuminate/Pipeline/{closure}(Object(Illuminate/Http/Request))
#36 C:/xampp/htdocs/HoneyBeeshop/vendor/laravel/framework/src/Illuminate/Pipeline/Pipeline.php(209): Illuminate/Http/Middleware/ValidatePostSize->handle(Object(Illuminate/Http/Request), Object(Closure))
#37 C:/xampp/htdocs/HoneyBeeshop/vendor/laravel/framework/src/Illuminate/Foundation/Http/Middleware/PreventRequestsDuringMaintenance.php(110): Illuminate/Pipeline/Pipeline->Illuminate/Pipeline/{closure}(Object(Illuminate/Http/Request))
#38 C:/xampp/htdocs/HoneyBeeshop/vendor/laravel/framework/src/Illuminate/Pipeline/Pipeline.php(209): Illuminate/Foundation/Http/Middleware/PreventRequestsDuringMaintenance->handle(Object(Illuminate/Http/Request), Object(Closure))
#39 C:/xampp/htdocs/HoneyBeeshop/vendor/laravel/framework/src/Illuminate/Http/Middleware/HandleCors.php(49): Illuminate/Pipeline/Pipeline->Illuminate/Pipeline/{closure}(Object(Illuminate/Http/Request))
#40 C:/xampp/htdocs/HoneyBeeshop/vendor/laravel/framework/src/Illuminate/Pipeline/Pipeline.php(209): Illuminate/Http/Middleware/HandleCors->handle(Object(Illuminate/Http/Request), Object(Closure))
#41 C:/xampp/htdocs/HoneyBeeshop/vendor/laravel/framework/src/Illuminate/Http/Middleware/TrustProxies.php(58): Illuminate/Pipeline/Pipeline->Illuminate/Pipeline/{closure}(Object(Illuminate/Http/Request))
#42 C:/xampp/htdocs/HoneyBeeshop/vendor/laravel/framework/src/Illuminate/Pipeline/Pipeline.php(209): Illuminate/Http/Middleware/TrustProxies->handle(Object(Illuminate/Http/Request), Object(Closure))
#43 C:/xampp/htdocs/HoneyBeeshop/vendor/laravel/framework/src/Illuminate/Foundation/Http/Middleware/InvokeDeferredCallbacks.php(22): Illuminate/Pipeline/Pipeline->Illuminate/Pipeline/{closure}(Object(Illuminate/Http/Request))
#44 C:/xampp/htdocs/HoneyBeeshop/vendor/laravel/framework/src/Illuminate/Pipeline/Pipeline.php(209): Illuminate/Foundation/Http/Middleware/InvokeDeferredCallbacks->handle(Object(Illuminate/Http/Request), Object(Closure))
#45 C:/xampp/htdocs/HoneyBeeshop/vendor/laravel/framework/src/Illuminate/Pipeline/Pipeline.php(127): Illuminate/Pipeline/Pipeline->Illuminate/Pipeline/{closure}(Object(Illuminate/Http/Request))
#46 C:/xampp/htdocs/HoneyBeeshop/vendor/laravel/framework/src/Illuminate/Foundation/Http/Kernel.php(176): Illuminate/Pipeline/Pipeline->then(Object(Closure))
#47 C:/xampp/htdocs/HoneyBeeshop/vendor/laravel/framework/src/Illuminate/Foundation/Http/Kernel.php(145): Illuminate/Foundation/Http/Kernel->sendRequestThroughRouter(Object(Illuminate/Http/Request))
#48 C:/xampp/htdocs/HoneyBeeshop/vendor/laravel/framework/src/Illuminate/Foundation/Application.php(1220): Illuminate/Foundation/Http/Kernel->handle(Object(Illuminate/Http/Request))
#49 C:/xampp/htdocs/HoneyBeeshop/public/index.php(17): Illuminate/Foundation/Application->handleRequest(Object(Illuminate/Http/Request))
#50 C:/xampp/htdocs/HoneyBeeshop/vendor/laravel/framework/src/Illuminate/Foundation/resources/server.php(23): require_once('C://xampp//htdocs...')
#51 {main}
"} 
[2026-06-22 08:33:59] local.ERROR: View [admin.businesses.index] not found. {"exception":"[object] (InvalidArgumentException(code: 0): View [admin.businesses.index] not found. at C:/xampp/htdocs/HoneyBeeshop/vendor/laravel/framework/src/Illuminate/View/FileViewFinder.php:139)
[stacktrace]
#0 C:/xampp/htdocs/HoneyBeeshop/vendor/laravel/framework/src/Illuminate/View/FileViewFinder.php(79): Illuminate/View/FileViewFinder->findInPaths('admin.businesse...', Array)
#1 C:/xampp/htdocs/HoneyBeeshop/vendor/laravel/framework/src/Illuminate/View/Factory.php(151): Illuminate/View/FileViewFinder->find('admin.businesse...')
#2 C:/xampp/htdocs/HoneyBeeshop/vendor/laravel/framework/src/Illuminate/Foundation/helpers.php(1062): Illuminate/View/Factory->make('admin.businesse...', Array, Array)
#3 C:/xampp/htdocs/HoneyBeeshop/app/Http/Controllers/AdminController.php(34): view('admin.businesse...', Array)
#4 C:/xampp/htdocs/HoneyBeeshop/vendor/laravel/framework/src/Illuminate/Routing/ControllerDispatcher.php(47): App/Http/Controllers/AdminController->businesses()
#5 C:/xampp/htdocs/HoneyBeeshop/vendor/laravel/framework/src/Illuminate/Routing/Route.php(266): Illuminate/Routing/ControllerDispatcher->dispatch(Object(Illuminate/Routing/Route), Object(App/Http/Controllers/AdminController), 'businesses')
#6 C:/xampp/htdocs/HoneyBeeshop/vendor/laravel/framework/src/Illuminate/Routing/Route.php(212): Illuminate/Routing/Route->runController()
#7 C:/xampp/htdocs/HoneyBeeshop/vendor/laravel/framework/src/Illuminate/Routing/Router.php(808): Illuminate/Routing/Route->run()
#8 C:/xampp/htdocs/HoneyBeeshop/vendor/laravel/framework/src/Illuminate/Pipeline/Pipeline.php(170): Illuminate/Routing/Router->Illuminate/Routing/{closure}(Object(Illuminate/Http/Request))
#9 C:/xampp/htdocs/HoneyBeeshop/vendor/laravel/framework/src/Illuminate/Routing/Middleware/SubstituteBindings.php(51): Illuminate/Pipeline/Pipeline->Illuminate/Pipeline/{closure}(Object(Illuminate/Http/Request))
#10 C:/xampp/htdocs/HoneyBeeshop/vendor/laravel/framework/src/Illuminate/Pipeline/Pipeline.php(209): Illuminate/Routing/Middleware/SubstituteBindings->handle(Object(Illuminate/Http/Request), Object(Closure))
#11 C:/xampp/htdocs/HoneyBeeshop/vendor/laravel/framework/src/Illuminate/Foundation/Http/Middleware/VerifyCsrfToken.php(88): Illuminate/Pipeline/Pipeline->Illuminate/Pipeline/{closure}(Object(Illuminate/Http/Request))
#12 C:/xampp/htdocs/HoneyBeeshop/vendor/laravel/framework/src/Illuminate/Pipeline/Pipeline.php(209): Illuminate/Foundation/Http/Middleware/VerifyCsrfToken->handle(Object(Illuminate/Http/Request), Object(Closure))
#13 C:/xampp/htdocs/HoneyBeeshop/vendor/laravel/framework/src/Illuminate/View/Middleware/ShareErrorsFromSession.php(49): Illuminate/Pipeline/Pipeline->Illuminate/Pipeline/{closure}(Object(Illuminate/Http/Request))
#14 C:/xampp/htdocs/HoneyBeeshop/vendor/laravel/framework/src/Illuminate/Pipeline/Pipeline.php(209): Illuminate/View/Middleware/ShareErrorsFromSession->handle(Object(Illuminate/Http/Request), Object(Closure))
#15 C:/xampp/htdocs/HoneyBeeshop/vendor/laravel/framework/src/Illuminate/Session/Middleware/StartSession.php(121): Illuminate/Pipeline/Pipeline->Illuminate/Pipeline/{closure}(Object(Illuminate/Http/Request))
#16 C:/xampp/htdocs/HoneyBeeshop/vendor/laravel/framework/src/Illuminate/Session/Middleware/StartSession.php(64): Illuminate/Session/Middleware/StartSession->handleStatefulRequest(Object(Illuminate/Http/Request), Object(Illuminate/Session/Store), Object(Closure))
#17 C:/xampp/htdocs/HoneyBeeshop/vendor/laravel/framework/src/Illuminate/Pipeline/Pipeline.php(209): Illuminate/Session/Middleware/StartSession->handle(Object(Illuminate/Http/Request), Object(Closure))
#18 C:/xampp/htdocs/HoneyBeeshop/vendor/laravel/framework/src/Illuminate/Cookie/Middleware/AddQueuedCookiesToResponse.php(37): Illuminate/Pipeline/Pipeline->Illuminate/Pipeline/{closure}(Object(Illuminate/Http/Request))
#19 C:/xampp/htdocs/HoneyBeeshop/vendor/laravel/framework/src/Illuminate/Pipeline/Pipeline.php(209): Illuminate/Cookie/Middleware/AddQueuedCookiesToResponse->handle(Object(Illuminate/Http/Request), Object(Closure))
#20 C:/xampp/htdocs/HoneyBeeshop/vendor/laravel/framework/src/Illuminate/Cookie/Middleware/EncryptCookies.php(75): Illuminate/Pipeline/Pipeline->Illuminate/Pipeline/{closure}(Object(Illuminate/Http/Request))
#21 C:/xampp/htdocs/HoneyBeeshop/vendor/laravel/framework/src/Illuminate/Pipeline/Pipeline.php(209): Illuminate/Cookie/Middleware/EncryptCookies->handle(Object(Illuminate/Http/Request), Object(Closure))
#22 C:/xampp/htdocs/HoneyBeeshop/vendor/laravel/framework/src/Illuminate/Pipeline/Pipeline.php(127): Illuminate/Pipeline/Pipeline->Illuminate/Pipeline/{closure}(Object(Illuminate/Http/Request))
#23 C:/xampp/htdocs/HoneyBeeshop/vendor/laravel/framework/src/Illuminate/Routing/Router.php(807): Illuminate/Pipeline/Pipeline->then(Object(Closure))
#24 C:/xampp/htdocs/HoneyBeeshop/vendor/laravel/framework/src/Illuminate/Routing/Router.php(786): Illuminate/Routing/Router->runRouteWithinStack(Object(Illuminate/Routing/Route), Object(Illuminate/Http/Request))
#25 C:/xampp/htdocs/HoneyBeeshop/vendor/laravel/framework/src/Illuminate/Routing/Router.php(750): Illuminate/Routing/Router->runRoute(Object(Illuminate/Http/Request), Object(Illuminate/Routing/Route))
#26 C:/xampp/htdocs/HoneyBeeshop/vendor/laravel/framework/src/Illuminate/Routing/Router.php(739): Illuminate/Routing/Router->dispatchToRoute(Object(Illuminate/Http/Request))
#27 C:/xampp/htdocs/HoneyBeeshop/vendor/laravel/framework/src/Illuminate/Foundation/Http/Kernel.php(201): Illuminate/Routing/Router->dispatch(Object(Illuminate/Http/Request))
#28 C:/xampp/htdocs/HoneyBeeshop/vendor/laravel/framework/src/Illuminate/Pipeline/Pipeline.php(170): Illuminate/Foundation/Http/Kernel->Illuminate/Foundation/Http/{closure}(Object(Illuminate/Http/Request))
#29 C:/xampp/htdocs/HoneyBeeshop/vendor/laravel/framework/src/Illuminate/Foundation/Http/Middleware/TransformsRequest.php(21): Illuminate/Pipeline/Pipeline->Illuminate/Pipeline/{closure}(Object(Illuminate/Http/Request))
#30 C:/xampp/htdocs/HoneyBeeshop/vendor/laravel/framework/src/Illuminate/Foundation/Http/Middleware/ConvertEmptyStringsToNull.php(31): Illuminate/Foundation/Http/Middleware/TransformsRequest->handle(Object(Illuminate/Http/Request), Object(Closure))
#31 C:/xampp/htdocs/HoneyBeeshop/vendor/laravel/framework/src/Illuminate/Pipeline/Pipeline.php(209): Illuminate/Foundation/Http/Middleware/ConvertEmptyStringsToNull->handle(Object(Illuminate/Http/Request), Object(Closure))
#32 C:/xampp/htdocs/HoneyBeeshop/vendor/laravel/framework/src/Illuminate/Foundation/Http/Middleware/TransformsRequest.php(21): Illuminate/Pipeline/Pipeline->Illuminate/Pipeline/{closure}(Object(Illuminate/Http/Request))
#33 C:/xampp/htdocs/HoneyBeeshop/vendor/laravel/framework/src/Illuminate/Foundation/Http/Middleware/TrimStrings.php(51): Illuminate/Foundation/Http/Middleware/TransformsRequest->handle(Object(Illuminate/Http/Request), Object(Closure))
#34 C:/xampp/htdocs/HoneyBeeshop/vendor/laravel/framework/src/Illuminate/Pipeline/Pipeline.php(209): Illuminate/Foundation/Http/Middleware/TrimStrings->handle(Object(Illuminate/Http/Request), Object(Closure))
#35 C:/xampp/htdocs/HoneyBeeshop/vendor/laravel/framework/src/Illuminate/Http/Middleware/ValidatePostSize.php(27): Illuminate/Pipeline/Pipeline->Illuminate/Pipeline/{closure}(Object(Illuminate/Http/Request))
#36 C:/xampp/htdocs/HoneyBeeshop/vendor/laravel/framework/src/Illuminate/Pipeline/Pipeline.php(209): Illuminate/Http/Middleware/ValidatePostSize->handle(Object(Illuminate/Http/Request), Object(Closure))
#37 C:/xampp/htdocs/HoneyBeeshop/vendor/laravel/framework/src/Illuminate/Foundation/Http/Middleware/PreventRequestsDuringMaintenance.php(110): Illuminate/Pipeline/Pipeline->Illuminate/Pipeline/{closure}(Object(Illuminate/Http/Request))
#38 C:/xampp/htdocs/HoneyBeeshop/vendor/laravel/framework/src/Illuminate/Pipeline/Pipeline.php(209): Illuminate/Foundation/Http/Middleware/PreventRequestsDuringMaintenance->handle(Object(Illuminate/Http/Request), Object(Closure))
#39 C:/xampp/htdocs/HoneyBeeshop/vendor/laravel/framework/src/Illuminate/Http/Middleware/HandleCors.php(49): Illuminate/Pipeline/Pipeline->Illuminate/Pipeline/{closure}(Object(Illuminate/Http/Request))
#40 C:/xampp/htdocs/HoneyBeeshop/vendor/laravel/framework/src/Illuminate/Pipeline/Pipeline.php(209): Illuminate/Http/Middleware/HandleCors->handle(Object(Illuminate/Http/Request), Object(Closure))
#41 C:/xampp/htdocs/HoneyBeeshop/vendor/laravel/framework/src/Illuminate/Http/Middleware/TrustProxies.php(58): Illuminate/Pipeline/Pipeline->Illuminate/Pipeline/{closure}(Object(Illuminate/Http/Request))
#42 C:/xampp/htdocs/HoneyBeeshop/vendor/laravel/framework/src/Illuminate/Pipeline/Pipeline.php(209): Illuminate/Http/Middleware/TrustProxies->handle(Object(Illuminate/Http/Request), Object(Closure))
#43 C:/xampp/htdocs/HoneyBeeshop/vendor/laravel/framework/src/Illuminate/Foundation/Http/Middleware/InvokeDeferredCallbacks.php(22): Illuminate/Pipeline/Pipeline->Illuminate/Pipeline/{closure}(Object(Illuminate/Http/Request))
#44 C:/xampp/htdocs/HoneyBeeshop/vendor/laravel/framework/src/Illuminate/Pipeline/Pipeline.php(209): Illuminate/Foundation/Http/Middleware/InvokeDeferredCallbacks->handle(Object(Illuminate/Http/Request), Object(Closure))
#45 C:/xampp/htdocs/HoneyBeeshop/vendor/laravel/framework/src/Illuminate/Pipeline/Pipeline.php(127): Illuminate/Pipeline/Pipeline->Illuminate/Pipeline/{closure}(Object(Illuminate/Http/Request))
#46 C:/xampp/htdocs/HoneyBeeshop/vendor/laravel/framework/src/Illuminate/Foundation/Http/Kernel.php(176): Illuminate/Pipeline/Pipeline->then(Object(Closure))
#47 C:/xampp/htdocs/HoneyBeeshop/vendor/laravel/framework/src/Illuminate/Foundation/Http/Kernel.php(145): Illuminate/Foundation/Http/Kernel->sendRequestThroughRouter(Object(Illuminate/Http/Request))
#48 C:/xampp/htdocs/HoneyBeeshop/vendor/laravel/framework/src/Illuminate/Foundation/Application.php(1220): Illuminate/Foundation/Http/Kernel->handle(Object(Illuminate/Http/Request))
#49 C:/xampp/htdocs/HoneyBeeshop/public/index.php(17): Illuminate/Foundation/Application->handleRequest(Object(Illuminate/Http/Request))
#50 C:/xampp/htdocs/HoneyBeeshop/vendor/laravel/framework/src/Illuminate/Foundation/resources/server.php(23): require_once('C://xampp//htdocs...')
#51 {main}
"} 
[2026-06-22 08:35:05] local.ERROR: View [admin.businesses.index] not found. {"exception":"[object] (InvalidArgumentException(code: 0): View [admin.businesses.index] not found. at C:/xampp/htdocs/HoneyBeeshop/vendor/laravel/framework/src/Illuminate/View/FileViewFinder.php:139)
[stacktrace]
#0 C:/xampp/htdocs/HoneyBeeshop/vendor/laravel/framework/src/Illuminate/View/FileViewFinder.php(79): Illuminate/View/FileViewFinder->findInPaths('admin.businesse...', Array)
#1 C:/xampp/htdocs/HoneyBeeshop/vendor/laravel/framework/src/Illuminate/View/Factory.php(151): Illuminate/View/FileViewFinder->find('admin.businesse...')
#2 C:/xampp/htdocs/HoneyBeeshop/vendor/laravel/framework/src/Illuminate/Foundation/helpers.php(1062): Illuminate/View/Factory->make('admin.businesse...', Array, Array)
#3 C:/xampp/htdocs/HoneyBeeshop/app/Http/Controllers/AdminController.php(34): view('admin.businesse...', Array)
#4 C:/xampp/htdocs/HoneyBeeshop/vendor/laravel/framework/src/Illuminate/Routing/ControllerDispatcher.php(47): App/Http/Controllers/AdminController->businesses()
#5 C:/xampp/htdocs/HoneyBeeshop/vendor/laravel/framework/src/Illuminate/Routing/Route.php(266): Illuminate/Routing/ControllerDispatcher->dispatch(Object(Illuminate/Routing/Route), Object(App/Http/Controllers/AdminController), 'businesses')
#6 C:/xampp/htdocs/HoneyBeeshop/vendor/laravel/framework/src/Illuminate/Routing/Route.php(212): Illuminate/Routing/Route->runController()
#7 C:/xampp/htdocs/HoneyBeeshop/vendor/laravel/framework/src/Illuminate/Routing/Router.php(808): Illuminate/Routing/Route->run()
#8 C:/xampp/htdocs/HoneyBeeshop/vendor/laravel/framework/src/Illuminate/Pipeline/Pipeline.php(170): Illuminate/Routing/Router->Illuminate/Routing/{closure}(Object(Illuminate/Http/Request))
#9 C:/xampp/htdocs/HoneyBeeshop/vendor/laravel/framework/src/Illuminate/Routing/Middleware/SubstituteBindings.php(51): Illuminate/Pipeline/Pipeline->Illuminate/Pipeline/{closure}(Object(Illuminate/Http/Request))
#10 C:/xampp/htdocs/HoneyBeeshop/vendor/laravel/framework/src/Illuminate/Pipeline/Pipeline.php(209): Illuminate/Routing/Middleware/SubstituteBindings->handle(Object(Illuminate/Http/Request), Object(Closure))
#11 C:/xampp/htdocs/HoneyBeeshop/vendor/laravel/framework/src/Illuminate/Foundation/Http/Middleware/VerifyCsrfToken.php(88): Illuminate/Pipeline/Pipeline->Illuminate/Pipeline/{closure}(Object(Illuminate/Http/Request))
#12 C:/xampp/htdocs/HoneyBeeshop/vendor/laravel/framework/src/Illuminate/Pipeline/Pipeline.php(209): Illuminate/Foundation/Http/Middleware/VerifyCsrfToken->handle(Object(Illuminate/Http/Request), Object(Closure))
#13 C:/xampp/htdocs/HoneyBeeshop/vendor/laravel/framework/src/Illuminate/View/Middleware/ShareErrorsFromSession.php(49): Illuminate/Pipeline/Pipeline->Illuminate/Pipeline/{closure}(Object(Illuminate/Http/Request))
#14 C:/xampp/htdocs/HoneyBeeshop/vendor/laravel/framework/src/Illuminate/Pipeline/Pipeline.php(209): Illuminate/View/Middleware/ShareErrorsFromSession->handle(Object(Illuminate/Http/Request), Object(Closure))
#15 C:/xampp/htdocs/HoneyBeeshop/vendor/laravel/framework/src/Illuminate/Session/Middleware/StartSession.php(121): Illuminate/Pipeline/Pipeline->Illuminate/Pipeline/{closure}(Object(Illuminate/Http/Request))
#16 C:/xampp/htdocs/HoneyBeeshop/vendor/laravel/framework/src/Illuminate/Session/Middleware/StartSession.php(64): Illuminate/Session/Middleware/StartSession->handleStatefulRequest(Object(Illuminate/Http/Request), Object(Illuminate/Session/Store), Object(Closure))
#17 C:/xampp/htdocs/HoneyBeeshop/vendor/laravel/framework/src/Illuminate/Pipeline/Pipeline.php(209): Illuminate/Session/Middleware/StartSession->handle(Object(Illuminate/Http/Request), Object(Closure))
#18 C:/xampp/htdocs/HoneyBeeshop/vendor/laravel/framework/src/Illuminate/Cookie/Middleware/AddQueuedCookiesToResponse.php(37): Illuminate/Pipeline/Pipeline->Illuminate/Pipeline/{closure}(Object(Illuminate/Http/Request))
#19 C:/xampp/htdocs/HoneyBeeshop/vendor/laravel/framework/src/Illuminate/Pipeline/Pipeline.php(209): Illuminate/Cookie/Middleware/AddQueuedCookiesToResponse->handle(Object(Illuminate/Http/Request), Object(Closure))
#20 C:/xampp/htdocs/HoneyBeeshop/vendor/laravel/framework/src/Illuminate/Cookie/Middleware/EncryptCookies.php(75): Illuminate/Pipeline/Pipeline->Illuminate/Pipeline/{closure}(Object(Illuminate/Http/Request))
#21 C:/xampp/htdocs/HoneyBeeshop/vendor/laravel/framework/src/Illuminate/Pipeline/Pipeline.php(209): Illuminate/Cookie/Middleware/EncryptCookies->handle(Object(Illuminate/Http/Request), Object(Closure))
#22 C:/xampp/htdocs/HoneyBeeshop/vendor/laravel/framework/src/Illuminate/Pipeline/Pipeline.php(127): Illuminate/Pipeline/Pipeline->Illuminate/Pipeline/{closure}(Object(Illuminate/Http/Request))
#23 C:/xampp/htdocs/HoneyBeeshop/vendor/laravel/framework/src/Illuminate/Routing/Router.php(807): Illuminate/Pipeline/Pipeline->then(Object(Closure))
#24 C:/xampp/htdocs/HoneyBeeshop/vendor/laravel/framework/src/Illuminate/Routing/Router.php(786): Illuminate/Routing/Router->runRouteWithinStack(Object(Illuminate/Routing/Route), Object(Illuminate/Http/Request))
#25 C:/xampp/htdocs/HoneyBeeshop/vendor/laravel/framework/src/Illuminate/Routing/Router.php(750): Illuminate/Routing/Router->runRoute(Object(Illuminate/Http/Request), Object(Illuminate/Routing/Route))
#26 C:/xampp/htdocs/HoneyBeeshop/vendor/laravel/framework/src/Illuminate/Routing/Router.php(739): Illuminate/Routing/Router->dispatchToRoute(Object(Illuminate/Http/Request))
#27 C:/xampp/htdocs/HoneyBeeshop/vendor/laravel/framework/src/Illuminate/Foundation/Http/Kernel.php(201): Illuminate/Routing/Router->dispatch(Object(Illuminate/Http/Request))
#28 C:/xampp/htdocs/HoneyBeeshop/vendor/laravel/framework/src/Illuminate/Pipeline/Pipeline.php(170): Illuminate/Foundation/Http/Kernel->Illuminate/Foundation/Http/{closure}(Object(Illuminate/Http/Request))
#29 C:/xampp/htdocs/HoneyBeeshop/vendor/laravel/framework/src/Illuminate/Foundation/Http/Middleware/TransformsRequest.php(21): Illuminate/Pipeline/Pipeline->Illuminate/Pipeline/{closure}(Object(Illuminate/Http/Request))
#30 C:/xampp/htdocs/HoneyBeeshop/vendor/laravel/framework/src/Illuminate/Foundation/Http/Middleware/ConvertEmptyStringsToNull.php(31): Illuminate/Foundation/Http/Middleware/TransformsRequest->handle(Object(Illuminate/Http/Request), Object(Closure))
#31 C:/xampp/htdocs/HoneyBeeshop/vendor/laravel/framework/src/Illuminate/Pipeline/Pipeline.php(209): Illuminate/Foundation/Http/Middleware/ConvertEmptyStringsToNull->handle(Object(Illuminate/Http/Request), Object(Closure))
#32 C:/xampp/htdocs/HoneyBeeshop/vendor/laravel/framework/src/Illuminate/Foundation/Http/Middleware/TransformsRequest.php(21): Illuminate/Pipeline/Pipeline->Illuminate/Pipeline/{closure}(Object(Illuminate/Http/Request))
#33 C:/xampp/htdocs/HoneyBeeshop/vendor/laravel/framework/src/Illuminate/Foundation/Http/Middleware/TrimStrings.php(51): Illuminate/Foundation/Http/Middleware/TransformsRequest->handle(Object(Illuminate/Http/Request), Object(Closure))
#34 C:/xampp/htdocs/HoneyBeeshop/vendor/laravel/framework/src/Illuminate/Pipeline/Pipeline.php(209): Illuminate/Foundation/Http/Middleware/TrimStrings->handle(Object(Illuminate/Http/Request), Object(Closure))
#35 C:/xampp/htdocs/HoneyBeeshop/vendor/laravel/framework/src/Illuminate/Http/Middleware/ValidatePostSize.php(27): Illuminate/Pipeline/Pipeline->Illuminate/Pipeline/{closure}(Object(Illuminate/Http/Request))
#36 C:/xampp/htdocs/HoneyBeeshop/vendor/laravel/framework/src/Illuminate/Pipeline/Pipeline.php(209): Illuminate/Http/Middleware/ValidatePostSize->handle(Object(Illuminate/Http/Request), Object(Closure))
#37 C:/xampp/htdocs/HoneyBeeshop/vendor/laravel/framework/src/Illuminate/Foundation/Http/Middleware/PreventRequestsDuringMaintenance.php(110): Illuminate/Pipeline/Pipeline->Illuminate/Pipeline/{closure}(Object(Illuminate/Http/Request))
#38 C:/xampp/htdocs/HoneyBeeshop/vendor/laravel/framework/src/Illuminate/Pipeline/Pipeline.php(209): Illuminate/Foundation/Http/Middleware/PreventRequestsDuringMaintenance->handle(Object(Illuminate/Http/Request), Object(Closure))
#39 C:/xampp/htdocs/HoneyBeeshop/vendor/laravel/framework/src/Illuminate/Http/Middleware/HandleCors.php(49): Illuminate/Pipeline/Pipeline->Illuminate/Pipeline/{closure}(Object(Illuminate/Http/Request))
#40 C:/xampp/htdocs/HoneyBeeshop/vendor/laravel/framework/src/Illuminate/Pipeline/Pipeline.php(209): Illuminate/Http/Middleware/HandleCors->handle(Object(Illuminate/Http/Request), Object(Closure))
#41 C:/xampp/htdocs/HoneyBeeshop/vendor/laravel/framework/src/Illuminate/Http/Middleware/TrustProxies.php(58): Illuminate/Pipeline/Pipeline->Illuminate/Pipeline/{closure}(Object(Illuminate/Http/Request))
#42 C:/xampp/htdocs/HoneyBeeshop/vendor/laravel/framework/src/Illuminate/Pipeline/Pipeline.php(209): Illuminate/Http/Middleware/TrustProxies->handle(Object(Illuminate/Http/Request), Object(Closure))
#43 C:/xampp/htdocs/HoneyBeeshop/vendor/laravel/framework/src/Illuminate/Foundation/Http/Middleware/InvokeDeferredCallbacks.php(22): Illuminate/Pipeline/Pipeline->Illuminate/Pipeline/{closure}(Object(Illuminate/Http/Request))
#44 C:/xampp/htdocs/HoneyBeeshop/vendor/laravel/framework/src/Illuminate/Pipeline/Pipeline.php(209): Illuminate/Foundation/Http/Middleware/InvokeDeferredCallbacks->handle(Object(Illuminate/Http/Request), Object(Closure))
#45 C:/xampp/htdocs/HoneyBeeshop/vendor/laravel/framework/src/Illuminate/Pipeline/Pipeline.php(127): Illuminate/Pipeline/Pipeline->Illuminate/Pipeline/{closure}(Object(Illuminate/Http/Request))
#46 C:/xampp/htdocs/HoneyBeeshop/vendor/laravel/framework/src/Illuminate/Foundation/Http/Kernel.php(176): Illuminate/Pipeline/Pipeline->then(Object(Closure))
#47 C:/xampp/htdocs/HoneyBeeshop/vendor/laravel/framework/src/Illuminate/Foundation/Http/Kernel.php(145): Illuminate/Foundation/Http/Kernel->sendRequestThroughRouter(Object(Illuminate/Http/Request))
#48 C:/xampp/htdocs/HoneyBeeshop/vendor/laravel/framework/src/Illuminate/Foundation/Application.php(1220): Illuminate/Foundation/Http/Kernel->handle(Object(Illuminate/Http/Request))
#49 C:/xampp/htdocs/HoneyBeeshop/public/index.php(17): Illuminate/Foundation/Application->handleRequest(Object(Illuminate/Http/Request))
#50 C:/xampp/htdocs/HoneyBeeshop/vendor/laravel/framework/src/Illuminate/Foundation/resources/server.php(23): require_once('C://xampp//htdocs...')
#51 {main}
"} 
[2026-06-22 08:36:06] local.ERROR: Cannot declare class App\Http\Controllers\LaserWorkController, because the name is already in use {"exception":"[object] (Symfony\\Component\\ErrorHandler\\Error\\FatalError(code: 0): Cannot declare class App\\Http\\Controllers\\LaserWorkController, because the name is already in use at C:/xampp/htdocs/HoneyBeeshop/app/Http/Controllers/EventController.php:8)
[stacktrace]
#0 {main}
"} 
[2026-06-22 09:21:07] local.ERROR: View [admin.customers.index] not found. {"exception":"[object] (InvalidArgumentException(code: 0): View [admin.customers.index] not found. at C:/xampp/htdocs/HoneyBeeshop/vendor/laravel/framework/src/Illuminate/View/FileViewFinder.php:139)
[stacktrace]
#0 C:/xampp/htdocs/HoneyBeeshop/vendor/laravel/framework/src/Illuminate/View/FileViewFinder.php(79): Illuminate/View/FileViewFinder->findInPaths('admin.customers...', Array)
#1 C:/xampp/htdocs/HoneyBeeshop/vendor/laravel/framework/src/Illuminate/View/Factory.php(151): Illuminate/View/FileViewFinder->find('admin.customers...')
#2 C:/xampp/htdocs/HoneyBeeshop/vendor/laravel/framework/src/Illuminate/Foundation/helpers.php(1062): Illuminate/View/Factory->make('admin.customers...', Array, Array)
#3 C:/xampp/htdocs/HoneyBeeshop/app/Http/Controllers/Admin/CustomerController.php(14): view('admin.customers...', Array)
#4 C:/xampp/htdocs/HoneyBeeshop/vendor/laravel/framework/src/Illuminate/Routing/ControllerDispatcher.php(47): App/Http/Controllers/Admin/CustomerController->index()
#5 C:/xampp/htdocs/HoneyBeeshop/vendor/laravel/framework/src/Illuminate/Routing/Route.php(266): Illuminate/Routing/ControllerDispatcher->dispatch(Object(Illuminate/Routing/Route), Object(App/Http/Controllers/Admin/CustomerController), 'index')
#6 C:/xampp/htdocs/HoneyBeeshop/vendor/laravel/framework/src/Illuminate/Routing/Route.php(212): Illuminate/Routing/Route->runController()
#7 C:/xampp/htdocs/HoneyBeeshop/vendor/laravel/framework/src/Illuminate/Routing/Router.php(808): Illuminate/Routing/Route->run()
#8 C:/xampp/htdocs/HoneyBeeshop/vendor/laravel/framework/src/Illuminate/Pipeline/Pipeline.php(170): Illuminate/Routing/Router->Illuminate/Routing/{closure}(Object(Illuminate/Http/Request))
#9 C:/xampp/htdocs/HoneyBeeshop/vendor/laravel/framework/src/Illuminate/Routing/Middleware/SubstituteBindings.php(51): Illuminate/Pipeline/Pipeline->Illuminate/Pipeline/{closure}(Object(Illuminate/Http/Request))
#10 C:/xampp/htdocs/HoneyBeeshop/vendor/laravel/framework/src/Illuminate/Pipeline/Pipeline.php(209): Illuminate/Routing/Middleware/SubstituteBindings->handle(Object(Illuminate/Http/Request), Object(Closure))
#11 C:/xampp/htdocs/HoneyBeeshop/vendor/laravel/framework/src/Illuminate/Foundation/Http/Middleware/VerifyCsrfToken.php(88): Illuminate/Pipeline/Pipeline->Illuminate/Pipeline/{closure}(Object(Illuminate/Http/Request))
#12 C:/xampp/htdocs/HoneyBeeshop/vendor/laravel/framework/src/Illuminate/Pipeline/Pipeline.php(209): Illuminate/Foundation/Http/Middleware/VerifyCsrfToken->handle(Object(Illuminate/Http/Request), Object(Closure))
#13 C:/xampp/htdocs/HoneyBeeshop/vendor/laravel/framework/src/Illuminate/View/Middleware/ShareErrorsFromSession.php(49): Illuminate/Pipeline/Pipeline->Illuminate/Pipeline/{closure}(Object(Illuminate/Http/Request))
#14 C:/xampp/htdocs/HoneyBeeshop/vendor/laravel/framework/src/Illuminate/Pipeline/Pipeline.php(209): Illuminate/View/Middleware/ShareErrorsFromSession->handle(Object(Illuminate/Http/Request), Object(Closure))
#15 C:/xampp/htdocs/HoneyBeeshop/vendor/laravel/framework/src/Illuminate/Session/Middleware/StartSession.php(121): Illuminate/Pipeline/Pipeline->Illuminate/Pipeline/{closure}(Object(Illuminate/Http/Request))
#16 C:/xampp/htdocs/HoneyBeeshop/vendor/laravel/framework/src/Illuminate/Session/Middleware/StartSession.php(64): Illuminate/Session/Middleware/StartSession->handleStatefulRequest(Object(Illuminate/Http/Request), Object(Illuminate/Session/Store), Object(Closure))
#17 C:/xampp/htdocs/HoneyBeeshop/vendor/laravel/framework/src/Illuminate/Pipeline/Pipeline.php(209): Illuminate/Session/Middleware/StartSession->handle(Object(Illuminate/Http/Request), Object(Closure))
#18 C:/xampp/htdocs/HoneyBeeshop/vendor/laravel/framework/src/Illuminate/Cookie/Middleware/AddQueuedCookiesToResponse.php(37): Illuminate/Pipeline/Pipeline->Illuminate/Pipeline/{closure}(Object(Illuminate/Http/Request))
#19 C:/xampp/htdocs/HoneyBeeshop/vendor/laravel/framework/src/Illuminate/Pipeline/Pipeline.php(209): Illuminate/Cookie/Middleware/AddQueuedCookiesToResponse->handle(Object(Illuminate/Http/Request), Object(Closure))
#20 C:/xampp/htdocs/HoneyBeeshop/vendor/laravel/framework/src/Illuminate/Cookie/Middleware/EncryptCookies.php(75): Illuminate/Pipeline/Pipeline->Illuminate/Pipeline/{closure}(Object(Illuminate/Http/Request))
#21 C:/xampp/htdocs/HoneyBeeshop/vendor/laravel/framework/src/Illuminate/Pipeline/Pipeline.php(209): Illuminate/Cookie/Middleware/EncryptCookies->handle(Object(Illuminate/Http/Request), Object(Closure))
#22 C:/xampp/htdocs/HoneyBeeshop/vendor/laravel/framework/src/Illuminate/Pipeline/Pipeline.php(127): Illuminate/Pipeline/Pipeline->Illuminate/Pipeline/{closure}(Object(Illuminate/Http/Request))
#23 C:/xampp/htdocs/HoneyBeeshop/vendor/laravel/framework/src/Illuminate/Routing/Router.php(807): Illuminate/Pipeline/Pipeline->then(Object(Closure))
#24 C:/xampp/htdocs/HoneyBeeshop/vendor/laravel/framework/src/Illuminate/Routing/Router.php(786): Illuminate/Routing/Router->runRouteWithinStack(Object(Illuminate/Routing/Route), Object(Illuminate/Http/Request))
#25 C:/xampp/htdocs/HoneyBeeshop/vendor/laravel/framework/src/Illuminate/Routing/Router.php(750): Illuminate/Routing/Router->runRoute(Object(Illuminate/Http/Request), Object(Illuminate/Routing/Route))
#26 C:/xampp/htdocs/HoneyBeeshop/vendor/laravel/framework/src/Illuminate/Routing/Router.php(739): Illuminate/Routing/Router->dispatchToRoute(Object(Illuminate/Http/Request))
#27 C:/xampp/htdocs/HoneyBeeshop/vendor/laravel/framework/src/Illuminate/Foundation/Http/Kernel.php(201): Illuminate/Routing/Router->dispatch(Object(Illuminate/Http/Request))
#28 C:/xampp/htdocs/HoneyBeeshop/vendor/laravel/framework/src/Illuminate/Pipeline/Pipeline.php(170): Illuminate/Foundation/Http/Kernel->Illuminate/Foundation/Http/{closure}(Object(Illuminate/Http/Request))
#29 C:/xampp/htdocs/HoneyBeeshop/vendor/laravel/framework/src/Illuminate/Foundation/Http/Middleware/TransformsRequest.php(21): Illuminate/Pipeline/Pipeline->Illuminate/Pipeline/{closure}(Object(Illuminate/Http/Request))
#30 C:/xampp/htdocs/HoneyBeeshop/vendor/laravel/framework/src/Illuminate/Foundation/Http/Middleware/ConvertEmptyStringsToNull.php(31): Illuminate/Foundation/Http/Middleware/TransformsRequest->handle(Object(Illuminate/Http/Request), Object(Closure))
#31 C:/xampp/htdocs/HoneyBeeshop/vendor/laravel/framework/src/Illuminate/Pipeline/Pipeline.php(209): Illuminate/Foundation/Http/Middleware/ConvertEmptyStringsToNull->handle(Object(Illuminate/Http/Request), Object(Closure))
#32 C:/xampp/htdocs/HoneyBeeshop/vendor/laravel/framework/src/Illuminate/Foundation/Http/Middleware/TransformsRequest.php(21): Illuminate/Pipeline/Pipeline->Illuminate/Pipeline/{closure}(Object(Illuminate/Http/Request))
#33 C:/xampp/htdocs/HoneyBeeshop/vendor/laravel/framework/src/Illuminate/Foundation/Http/Middleware/TrimStrings.php(51): Illuminate/Foundation/Http/Middleware/TransformsRequest->handle(Object(Illuminate/Http/Request), Object(Closure))
#34 C:/xampp/htdocs/HoneyBeeshop/vendor/laravel/framework/src/Illuminate/Pipeline/Pipeline.php(209): Illuminate/Foundation/Http/Middleware/TrimStrings->handle(Object(Illuminate/Http/Request), Object(Closure))
#35 C:/xampp/htdocs/HoneyBeeshop/vendor/laravel/framework/src/Illuminate/Http/Middleware/ValidatePostSize.php(27): Illuminate/Pipeline/Pipeline->Illuminate/Pipeline/{closure}(Object(Illuminate/Http/Request))
#36 C:/xampp/htdocs/HoneyBeeshop/vendor/laravel/framework/src/Illuminate/Pipeline/Pipeline.php(209): Illuminate/Http/Middleware/ValidatePostSize->handle(Object(Illuminate/Http/Request), Object(Closure))
#37 C:/xampp/htdocs/HoneyBeeshop/vendor/laravel/framework/src/Illuminate/Foundation/Http/Middleware/PreventRequestsDuringMaintenance.php(110): Illuminate/Pipeline/Pipeline->Illuminate/Pipeline/{closure}(Object(Illuminate/Http/Request))
#38 C:/xampp/htdocs/HoneyBeeshop/vendor/laravel/framework/src/Illuminate/Pipeline/Pipeline.php(209): Illuminate/Foundation/Http/Middleware/PreventRequestsDuringMaintenance->handle(Object(Illuminate/Http/Request), Object(Closure))
#39 C:/xampp/htdocs/HoneyBeeshop/vendor/laravel/framework/src/Illuminate/Http/Middleware/HandleCors.php(49): Illuminate/Pipeline/Pipeline->Illuminate/Pipeline/{closure}(Object(Illuminate/Http/Request))
#40 C:/xampp/htdocs/HoneyBeeshop/vendor/laravel/framework/src/Illuminate/Pipeline/Pipeline.php(209): Illuminate/Http/Middleware/HandleCors->handle(Object(Illuminate/Http/Request), Object(Closure))
#41 C:/xampp/htdocs/HoneyBeeshop/vendor/laravel/framework/src/Illuminate/Http/Middleware/TrustProxies.php(58): Illuminate/Pipeline/Pipeline->Illuminate/Pipeline/{closure}(Object(Illuminate/Http/Request))
#42 C:/xampp/htdocs/HoneyBeeshop/vendor/laravel/framework/src/Illuminate/Pipeline/Pipeline.php(209): Illuminate/Http/Middleware/TrustProxies->handle(Object(Illuminate/Http/Request), Object(Closure))
#43 C:/xampp/htdocs/HoneyBeeshop/vendor/laravel/framework/src/Illuminate/Foundation/Http/Middleware/InvokeDeferredCallbacks.php(22): Illuminate/Pipeline/Pipeline->Illuminate/Pipeline/{closure}(Object(Illuminate/Http/Request))
#44 C:/xampp/htdocs/HoneyBeeshop/vendor/laravel/framework/src/Illuminate/Pipeline/Pipeline.php(209): Illuminate/Foundation/Http/Middleware/InvokeDeferredCallbacks->handle(Object(Illuminate/Http/Request), Object(Closure))
#45 C:/xampp/htdocs/HoneyBeeshop/vendor/laravel/framework/src/Illuminate/Pipeline/Pipeline.php(127): Illuminate/Pipeline/Pipeline->Illuminate/Pipeline/{closure}(Object(Illuminate/Http/Request))
#46 C:/xampp/htdocs/HoneyBeeshop/vendor/laravel/framework/src/Illuminate/Foundation/Http/Kernel.php(176): Illuminate/Pipeline/Pipeline->then(Object(Closure))
#47 C:/xampp/htdocs/HoneyBeeshop/vendor/laravel/framework/src/Illuminate/Foundation/Http/Kernel.php(145): Illuminate/Foundation/Http/Kernel->sendRequestThroughRouter(Object(Illuminate/Http/Request))
#48 C:/xampp/htdocs/HoneyBeeshop/vendor/laravel/framework/src/Illuminate/Foundation/Application.php(1220): Illuminate/Foundation/Http/Kernel->handle(Object(Illuminate/Http/Request))
#49 C:/xampp/htdocs/HoneyBeeshop/public/index.php(17): Illuminate/Foundation/Application->handleRequest(Object(Illuminate/Http/Request))
#50 C:/xampp/htdocs/HoneyBeeshop/vendor/laravel/framework/src/Illuminate/Foundation/resources/server.php(23): require_once('C://xampp//htdocs...')
#51 {main}
"} 
[2026-06-22 09:35:21] local.ERROR: SQLSTATE[23000]: Integrity constraint violation: 1452 Cannot add or update a child row: a foreign key constraint fails (`honeybeeshop`.`staff`, CONSTRAINT `staff_business_id_foreign` FOREIGN KEY (`business_id`) REFERENCES `businesses` (`business_id`) ON DELETE CASCADE) (Connection: mysql, SQL: insert into `staff` (`business_id`, `full_name`, `role`, `email`, `phone`, `hire_date`, `updated_at`, `created_at`) values (1, utdjyutcv, utdtrj, jhguyf@gmail.com, 0766975438, 2026-06-22, 2026-06-22 09:35:21, 2026-06-22 09:35:21)) {"exception":"[object] (Illuminate\\Database\\QueryException(code: 23000): SQLSTATE[23000]: Integrity constraint violation: 1452 Cannot add or update a child row: a foreign key constraint fails (`honeybeeshop`.`staff`, CONSTRAINT `staff_business_id_foreign` FOREIGN KEY (`business_id`) REFERENCES `businesses` (`business_id`) ON DELETE CASCADE) (Connection: mysql, SQL: insert into `staff` (`business_id`, `full_name`, `role`, `email`, `phone`, `hire_date`, `updated_at`, `created_at`) values (1, utdjyutcv, utdtrj, jhguyf@gmail.com, 0766975438, 2026-06-22, 2026-06-22 09:35:21, 2026-06-22 09:35:21)) at C:/xampp/htdocs/HoneyBeeshop/vendor/laravel/framework/src/Illuminate/Database/Connection.php:825)
[stacktrace]
#0 C:/xampp/htdocs/HoneyBeeshop/vendor/laravel/framework/src/Illuminate/Database/Connection.php(779): Illuminate/Database/Connection->runQueryCallback('insert into `st...', Array, Object(Closure))
#1 C:/xampp/htdocs/HoneyBeeshop/vendor/laravel/framework/src/Illuminate/Database/MySqlConnection.php(42): Illuminate/Database/Connection->run('insert into `st...', Array, Object(Closure))
#2 C:/xampp/htdocs/HoneyBeeshop/vendor/laravel/framework/src/Illuminate/Database/Query/Processors/MySqlProcessor.php(35): Illuminate/Database/MySqlConnection->insert('insert into `st...', Array, 'staff_id')
#3 C:/xampp/htdocs/HoneyBeeshop/vendor/laravel/framework/src/Illuminate/Database/Query/Builder.php(3766): Illuminate/Database/Query/Processors/MySqlProcessor->processInsertGetId(Object(Illuminate/Database/Query/Builder), 'insert into `st...', Array, 'staff_id')
#4 C:/xampp/htdocs/HoneyBeeshop/vendor/laravel/framework/src/Illuminate/Database/Eloquent/Builder.php(2120): Illuminate/Database/Query/Builder->insertGetId(Array, 'staff_id')
#5 C:/xampp/htdocs/HoneyBeeshop/vendor/laravel/framework/src/Illuminate/Database/Eloquent/Model.php(1359): Illuminate/Database/Eloquent/Builder->__call('insertGetId', Array)
#6 C:/xampp/htdocs/HoneyBeeshop/vendor/laravel/framework/src/Illuminate/Database/Eloquent/Model.php(1324): Illuminate/Database/Eloquent/Model->insertAndSetId(Object(Illuminate/Database/Eloquent/Builder), Array)
#7 C:/xampp/htdocs/HoneyBeeshop/vendor/laravel/framework/src/Illuminate/Database/Eloquent/Model.php(1163): Illuminate/Database/Eloquent/Model->performInsert(Object(Illuminate/Database/Eloquent/Builder))
#8 C:/xampp/htdocs/HoneyBeeshop/vendor/laravel/framework/src/Illuminate/Database/Eloquent/Builder.php(1128): Illuminate/Database/Eloquent/Model->save()
#9 C:/xampp/htdocs/HoneyBeeshop/vendor/laravel/framework/src/Illuminate/Support/helpers.php(399): Illuminate/Database/Eloquent/Builder->Illuminate/Database/Eloquent/{closure}(Object(App/Models/Staff))
#10 C:/xampp/htdocs/HoneyBeeshop/vendor/laravel/framework/src/Illuminate/Database/Eloquent/Builder.php(1127): tap(Object(App/Models/Staff), Object(Closure))
#11 C:/xampp/htdocs/HoneyBeeshop/vendor/laravel/framework/src/Illuminate/Support/Traits/ForwardsCalls.php(23): Illuminate/Database/Eloquent/Builder->create(Array)
#12 C:/xampp/htdocs/HoneyBeeshop/vendor/laravel/framework/src/Illuminate/Database/Eloquent/Model.php(2372): Illuminate/Database/Eloquent/Model->forwardCallTo(Object(Illuminate/Database/Eloquent/Builder), 'create', Array)
#13 C:/xampp/htdocs/HoneyBeeshop/vendor/laravel/framework/src/Illuminate/Database/Eloquent/Model.php(2384): Illuminate/Database/Eloquent/Model->__call('create', Array)
#14 C:/xampp/htdocs/HoneyBeeshop/app/Http/Controllers/Admin/StaffController.php(27): Illuminate/Database/Eloquent/Model::__callStatic('create', Array)
#15 C:/xampp/htdocs/HoneyBeeshop/vendor/laravel/framework/src/Illuminate/Routing/ControllerDispatcher.php(47): App/Http/Controllers/Admin/StaffController->store(Object(Illuminate/Http/Request))
#16 C:/xampp/htdocs/HoneyBeeshop/vendor/laravel/framework/src/Illuminate/Routing/Route.php(266): Illuminate/Routing/ControllerDispatcher->dispatch(Object(Illuminate/Routing/Route), Object(App/Http/Controllers/Admin/StaffController), 'store')
#17 C:/xampp/htdocs/HoneyBeeshop/vendor/laravel/framework/src/Illuminate/Routing/Route.php(212): Illuminate/Routing/Route->runController()
#18 C:/xampp/htdocs/HoneyBeeshop/vendor/laravel/framework/src/Illuminate/Routing/Router.php(808): Illuminate/Routing/Route->run()
#19 C:/xampp/htdocs/HoneyBeeshop/vendor/laravel/framework/src/Illuminate/Pipeline/Pipeline.php(170): Illuminate/Routing/Router->Illuminate/Routing/{closure}(Object(Illuminate/Http/Request))
#20 C:/xampp/htdocs/HoneyBeeshop/vendor/laravel/framework/src/Illuminate/Routing/Middleware/SubstituteBindings.php(51): Illuminate/Pipeline/Pipeline->Illuminate/Pipeline/{closure}(Object(Illuminate/Http/Request))
#21 C:/xampp/htdocs/HoneyBeeshop/vendor/laravel/framework/src/Illuminate/Pipeline/Pipeline.php(209): Illuminate/Routing/Middleware/SubstituteBindings->handle(Object(Illuminate/Http/Request), Object(Closure))
#22 C:/xampp/htdocs/HoneyBeeshop/vendor/laravel/framework/src/Illuminate/Foundation/Http/Middleware/VerifyCsrfToken.php(88): Illuminate/Pipeline/Pipeline->Illuminate/Pipeline/{closure}(Object(Illuminate/Http/Request))
#23 C:/xampp/htdocs/HoneyBeeshop/vendor/laravel/framework/src/Illuminate/Pipeline/Pipeline.php(209): Illuminate/Foundation/Http/Middleware/VerifyCsrfToken->handle(Object(Illuminate/Http/Request), Object(Closure))
#24 C:/xampp/htdocs/HoneyBeeshop/vendor/laravel/framework/src/Illuminate/View/Middleware/ShareErrorsFromSession.php(49): Illuminate/Pipeline/Pipeline->Illuminate/Pipeline/{closure}(Object(Illuminate/Http/Request))
#25 C:/xampp/htdocs/HoneyBeeshop/vendor/laravel/framework/src/Illuminate/Pipeline/Pipeline.php(209): Illuminate/View/Middleware/ShareErrorsFromSession->handle(Object(Illuminate/Http/Request), Object(Closure))
#26 C:/xampp/htdocs/HoneyBeeshop/vendor/laravel/framework/src/Illuminate/Session/Middleware/StartSession.php(121): Illuminate/Pipeline/Pipeline->Illuminate/Pipeline/{closure}(Object(Illuminate/Http/Request))
#27 C:/xampp/htdocs/HoneyBeeshop/vendor/laravel/framework/src/Illuminate/Session/Middleware/StartSession.php(64): Illuminate/Session/Middleware/StartSession->handleStatefulRequest(Object(Illuminate/Http/Request), Object(Illuminate/Session/Store), Object(Closure))
#28 C:/xampp/htdocs/HoneyBeeshop/vendor/laravel/framework/src/Illuminate/Pipeline/Pipeline.php(209): Illuminate/Session/Middleware/StartSession->handle(Object(Illuminate/Http/Request), Object(Closure))
#29 C:/xampp/htdocs/HoneyBeeshop/vendor/laravel/framework/src/Illuminate/Cookie/Middleware/AddQueuedCookiesToResponse.php(37): Illuminate/Pipeline/Pipeline->Illuminate/Pipeline/{closure}(Object(Illuminate/Http/Request))
#30 C:/xampp/htdocs/HoneyBeeshop/vendor/laravel/framework/src/Illuminate/Pipeline/Pipeline.php(209): Illuminate/Cookie/Middleware/AddQueuedCookiesToResponse->handle(Object(Illuminate/Http/Request), Object(Closure))
#31 C:/xampp/htdocs/HoneyBeeshop/vendor/laravel/framework/src/Illuminate/Cookie/Middleware/EncryptCookies.php(75): Illuminate/Pipeline/Pipeline->Illuminate/Pipeline/{closure}(Object(Illuminate/Http/Request))
#32 C:/xampp/htdocs/HoneyBeeshop/vendor/laravel/framework/src/Illuminate/Pipeline/Pipeline.php(209): Illuminate/Cookie/Middleware/EncryptCookies->handle(Object(Illuminate/Http/Request), Object(Closure))
#33 C:/xampp/htdocs/HoneyBeeshop/vendor/laravel/framework/src/Illuminate/Pipeline/Pipeline.php(127): Illuminate/Pipeline/Pipeline->Illuminate/Pipeline/{closure}(Object(Illuminate/Http/Request))
#34 C:/xampp/htdocs/HoneyBeeshop/vendor/laravel/framework/src/Illuminate/Routing/Router.php(807): Illuminate/Pipeline/Pipeline->then(Object(Closure))
#35 C:/xampp/htdocs/HoneyBeeshop/vendor/laravel/framework/src/Illuminate/Routing/Router.php(786): Illuminate/Routing/Router->runRouteWithinStack(Object(Illuminate/Routing/Route), Object(Illuminate/Http/Request))
#36 C:/xampp/htdocs/HoneyBeeshop/vendor/laravel/framework/src/Illuminate/Routing/Router.php(750): Illuminate/Routing/Router->runRoute(Object(Illuminate/Http/Request), Object(Illuminate/Routing/Route))
#37 C:/xampp/htdocs/HoneyBeeshop/vendor/laravel/framework/src/Illuminate/Routing/Router.php(739): Illuminate/Routing/Router->dispatchToRoute(Object(Illuminate/Http/Request))
#38 C:/xampp/htdocs/HoneyBeeshop/vendor/laravel/framework/src/Illuminate/Foundation/Http/Kernel.php(201): Illuminate/Routing/Router->dispatch(Object(Illuminate/Http/Request))
#39 C:/xampp/htdocs/HoneyBeeshop/vendor/laravel/framework/src/Illuminate/Pipeline/Pipeline.php(170): Illuminate/Foundation/Http/Kernel->Illuminate/Foundation/Http/{closure}(Object(Illuminate/Http/Request))
#40 C:/xampp/htdocs/HoneyBeeshop/vendor/laravel/framework/src/Illuminate/Foundation/Http/Middleware/TransformsRequest.php(21): Illuminate/Pipeline/Pipeline->Illuminate/Pipeline/{closure}(Object(Illuminate/Http/Request))
#41 C:/xampp/htdocs/HoneyBeeshop/vendor/laravel/framework/src/Illuminate/Foundation/Http/Middleware/ConvertEmptyStringsToNull.php(31): Illuminate/Foundation/Http/Middleware/TransformsRequest->handle(Object(Illuminate/Http/Request), Object(Closure))
#42 C:/xampp/htdocs/HoneyBeeshop/vendor/laravel/framework/src/Illuminate/Pipeline/Pipeline.php(209): Illuminate/Foundation/Http/Middleware/ConvertEmptyStringsToNull->handle(Object(Illuminate/Http/Request), Object(Closure))
#43 C:/xampp/htdocs/HoneyBeeshop/vendor/laravel/framework/src/Illuminate/Foundation/Http/Middleware/TransformsRequest.php(21): Illuminate/Pipeline/Pipeline->Illuminate/Pipeline/{closure}(Object(Illuminate/Http/Request))
#44 C:/xampp/htdocs/HoneyBeeshop/vendor/laravel/framework/src/Illuminate/Foundation/Http/Middleware/TrimStrings.php(51): Illuminate/Foundation/Http/Middleware/TransformsRequest->handle(Object(Illuminate/Http/Request), Object(Closure))
#45 C:/xampp/htdocs/HoneyBeeshop/vendor/laravel/framework/src/Illuminate/Pipeline/Pipeline.php(209): Illuminate/Foundation/Http/Middleware/TrimStrings->handle(Object(Illuminate/Http/Request), Object(Closure))
#46 C:/xampp/htdocs/HoneyBeeshop/vendor/laravel/framework/src/Illuminate/Http/Middleware/ValidatePostSize.php(27): Illuminate/Pipeline/Pipeline->Illuminate/Pipeline/{closure}(Object(Illuminate/Http/Request))
#47 C:/xampp/htdocs/HoneyBeeshop/vendor/laravel/framework/src/Illuminate/Pipeline/Pipeline.php(209): Illuminate/Http/Middleware/ValidatePostSize->handle(Object(Illuminate/Http/Request), Object(Closure))
#48 C:/xampp/htdocs/HoneyBeeshop/vendor/laravel/framework/src/Illuminate/Foundation/Http/Middleware/PreventRequestsDuringMaintenance.php(110): Illuminate/Pipeline/Pipeline->Illuminate/Pipeline/{closure}(Object(Illuminate/Http/Request))
#49 C:/xampp/htdocs/HoneyBeeshop/vendor/laravel/framework/src/Illuminate/Pipeline/Pipeline.php(209): Illuminate/Foundation/Http/Middleware/PreventRequestsDuringMaintenance->handle(Object(Illuminate/Http/Request), Object(Closure))
#50 C:/xampp/htdocs/HoneyBeeshop/vendor/laravel/framework/src/Illuminate/Http/Middleware/HandleCors.php(49): Illuminate/Pipeline/Pipeline->Illuminate/Pipeline/{closure}(Object(Illuminate/Http/Request))
#51 C:/xampp/htdocs/HoneyBeeshop/vendor/laravel/framework/src/Illuminate/Pipeline/Pipeline.php(209): Illuminate/Http/Middleware/HandleCors->handle(Object(Illuminate/Http/Request), Object(Closure))
#52 C:/xampp/htdocs/HoneyBeeshop/vendor/laravel/framework/src/Illuminate/Http/Middleware/TrustProxies.php(58): Illuminate/Pipeline/Pipeline->Illuminate/Pipeline/{closure}(Object(Illuminate/Http/Request))
#53 C:/xampp/htdocs/HoneyBeeshop/vendor/laravel/framework/src/Illuminate/Pipeline/Pipeline.php(209): Illuminate/Http/Middleware/TrustProxies->handle(Object(Illuminate/Http/Request), Object(Closure))
#54 C:/xampp/htdocs/HoneyBeeshop/vendor/laravel/framework/src/Illuminate/Foundation/Http/Middleware/InvokeDeferredCallbacks.php(22): Illuminate/Pipeline/Pipeline->Illuminate/Pipeline/{closure}(Object(Illuminate/Http/Request))
#55 C:/xampp/htdocs/HoneyBeeshop/vendor/laravel/framework/src/Illuminate/Pipeline/Pipeline.php(209): Illuminate/Foundation/Http/Middleware/InvokeDeferredCallbacks->handle(Object(Illuminate/Http/Request), Object(Closure))
#56 C:/xampp/htdocs/HoneyBeeshop/vendor/laravel/framework/src/Illuminate/Pipeline/Pipeline.php(127): Illuminate/Pipeline/Pipeline->Illuminate/Pipeline/{closure}(Object(Illuminate/Http/Request))
#57 C:/xampp/htdocs/HoneyBeeshop/vendor/laravel/framework/src/Illuminate/Foundation/Http/Kernel.php(176): Illuminate/Pipeline/Pipeline->then(Object(Closure))
#58 C:/xampp/htdocs/HoneyBeeshop/vendor/laravel/framework/src/Illuminate/Foundation/Http/Kernel.php(145): Illuminate/Foundation/Http/Kernel->sendRequestThroughRouter(Object(Illuminate/Http/Request))
#59 C:/xampp/htdocs/HoneyBeeshop/vendor/laravel/framework/src/Illuminate/Foundation/Application.php(1220): Illuminate/Foundation/Http/Kernel->handle(Object(Illuminate/Http/Request))
#60 C:/xampp/htdocs/HoneyBeeshop/public/index.php(17): Illuminate/Foundation/Application->handleRequest(Object(Illuminate/Http/Request))
#61 C:/xampp/htdocs/HoneyBeeshop/vendor/laravel/framework/src/Illuminate/Foundation/resources/server.php(23): require_once('C://xampp//htdocs...')
#62 {main}

[previous exception] [object] (PDOException(code: 23000): SQLSTATE[23000]: Integrity constraint violation: 1452 Cannot add or update a child row: a foreign key constraint fails (`honeybeeshop`.`staff`, CONSTRAINT `staff_business_id_foreign` FOREIGN KEY (`business_id`) REFERENCES `businesses` (`business_id`) ON DELETE CASCADE) at C:/xampp/htdocs/HoneyBeeshop/vendor/laravel/framework/src/Illuminate/Database/MySqlConnection.php:53)
[stacktrace]
#0 C:/xampp/htdocs/HoneyBeeshop/vendor/laravel/framework/src/Illuminate/Database/MySqlConnection.php(53): PDOStatement->execute()
#1 C:/xampp/htdocs/HoneyBeeshop/vendor/laravel/framework/src/Illuminate/Database/Connection.php(812): Illuminate/Database/MySqlConnection->Illuminate/Database/{closure}('insert into `st...', Array)
#2 C:/xampp/htdocs/HoneyBeeshop/vendor/laravel/framework/src/Illuminate/Database/Connection.php(779): Illuminate/Database/Connection->runQueryCallback('insert into `st...', Array, Object(Closure))
#3 C:/xampp/htdocs/HoneyBeeshop/vendor/laravel/framework/src/Illuminate/Database/MySqlConnection.php(42): Illuminate/Database/Connection->run('insert into `st...', Array, Object(Closure))
#4 C:/xampp/htdocs/HoneyBeeshop/vendor/laravel/framework/src/Illuminate/Database/Query/Processors/MySqlProcessor.php(35): Illuminate/Database/MySqlConnection->insert('insert into `st...', Array, 'staff_id')
#5 C:/xampp/htdocs/HoneyBeeshop/vendor/laravel/framework/src/Illuminate/Database/Query/Builder.php(3766): Illuminate/Database/Query/Processors/MySqlProcessor->processInsertGetId(Object(Illuminate/Database/Query/Builder), 'insert into `st...', Array, 'staff_id')
#6 C:/xampp/htdocs/HoneyBeeshop/vendor/laravel/framework/src/Illuminate/Database/Eloquent/Builder.php(2120): Illuminate/Database/Query/Builder->insertGetId(Array, 'staff_id')
#7 C:/xampp/htdocs/HoneyBeeshop/vendor/laravel/framework/src/Illuminate/Database/Eloquent/Model.php(1359): Illuminate/Database/Eloquent/Builder->__call('insertGetId', Array)
#8 C:/xampp/htdocs/HoneyBeeshop/vendor/laravel/framework/src/Illuminate/Database/Eloquent/Model.php(1324): Illuminate/Database/Eloquent/Model->insertAndSetId(Object(Illuminate/Database/Eloquent/Builder), Array)
#9 C:/xampp/htdocs/HoneyBeeshop/vendor/laravel/framework/src/Illuminate/Database/Eloquent/Model.php(1163): Illuminate/Database/Eloquent/Model->performInsert(Object(Illuminate/Database/Eloquent/Builder))
#10 C:/xampp/htdocs/HoneyBeeshop/vendor/laravel/framework/src/Illuminate/Database/Eloquent/Builder.php(1128): Illuminate/Database/Eloquent/Model->save()
#11 C:/xampp/htdocs/HoneyBeeshop/vendor/laravel/framework/src/Illuminate/Support/helpers.php(399): Illuminate/Database/Eloquent/Builder->Illuminate/Database/Eloquent/{closure}(Object(App/Models/Staff))
#12 C:/xampp/htdocs/HoneyBeeshop/vendor/laravel/framework/src/Illuminate/Database/Eloquent/Builder.php(1127): tap(Object(App/Models/Staff), Object(Closure))
#13 C:/xampp/htdocs/HoneyBeeshop/vendor/laravel/framework/src/Illuminate/Support/Traits/ForwardsCalls.php(23): Illuminate/Database/Eloquent/Builder->create(Array)
#14 C:/xampp/htdocs/HoneyBeeshop/vendor/laravel/framework/src/Illuminate/Database/Eloquent/Model.php(2372): Illuminate/Database/Eloquent/Model->forwardCallTo(Object(Illuminate/Database/Eloquent/Builder), 'create', Array)
#15 C:/xampp/htdocs/HoneyBeeshop/vendor/laravel/framework/src/Illuminate/Database/Eloquent/Model.php(2384): Illuminate/Database/Eloquent/Model->__call('create', Array)
#16 C:/xampp/htdocs/HoneyBeeshop/app/Http/Controllers/Admin/StaffController.php(27): Illuminate/Database/Eloquent/Model::__callStatic('create', Array)
#17 C:/xampp/htdocs/HoneyBeeshop/vendor/laravel/framework/src/Illuminate/Routing/ControllerDispatcher.php(47): App/Http/Controllers/Admin/StaffController->store(Object(Illuminate/Http/Request))
#18 C:/xampp/htdocs/HoneyBeeshop/vendor/laravel/framework/src/Illuminate/Routing/Route.php(266): Illuminate/Routing/ControllerDispatcher->dispatch(Object(Illuminate/Routing/Route), Object(App/Http/Controllers/Admin/StaffController), 'store')
#19 C:/xampp/htdocs/HoneyBeeshop/vendor/laravel/framework/src/Illuminate/Routing/Route.php(212): Illuminate/Routing/Route->runController()
#20 C:/xampp/htdocs/HoneyBeeshop/vendor/laravel/framework/src/Illuminate/Routing/Router.php(808): Illuminate/Routing/Route->run()
#21 C:/xampp/htdocs/HoneyBeeshop/vendor/laravel/framework/src/Illuminate/Pipeline/Pipeline.php(170): Illuminate/Routing/Router->Illuminate/Routing/{closure}(Object(Illuminate/Http/Request))
#22 C:/xampp/htdocs/HoneyBeeshop/vendor/laravel/framework/src/Illuminate/Routing/Middleware/SubstituteBindings.php(51): Illuminate/Pipeline/Pipeline->Illuminate/Pipeline/{closure}(Object(Illuminate/Http/Request))
#23 C:/xampp/htdocs/HoneyBeeshop/vendor/laravel/framework/src/Illuminate/Pipeline/Pipeline.php(209): Illuminate/Routing/Middleware/SubstituteBindings->handle(Object(Illuminate/Http/Request), Object(Closure))
#24 C:/xampp/htdocs/HoneyBeeshop/vendor/laravel/framework/src/Illuminate/Foundation/Http/Middleware/VerifyCsrfToken.php(88): Illuminate/Pipeline/Pipeline->Illuminate/Pipeline/{closure}(Object(Illuminate/Http/Request))
#25 C:/xampp/htdocs/HoneyBeeshop/vendor/laravel/framework/src/Illuminate/Pipeline/Pipeline.php(209): Illuminate/Foundation/Http/Middleware/VerifyCsrfToken->handle(Object(Illuminate/Http/Request), Object(Closure))
#26 C:/xampp/htdocs/HoneyBeeshop/vendor/laravel/framework/src/Illuminate/View/Middleware/ShareErrorsFromSession.php(49): Illuminate/Pipeline/Pipeline->Illuminate/Pipeline/{closure}(Object(Illuminate/Http/Request))
#27 C:/xampp/htdocs/HoneyBeeshop/vendor/laravel/framework/src/Illuminate/Pipeline/Pipeline.php(209): Illuminate/View/Middleware/ShareErrorsFromSession->handle(Object(Illuminate/Http/Request), Object(Closure))
#28 C:/xampp/htdocs/HoneyBeeshop/vendor/laravel/framework/src/Illuminate/Session/Middleware/StartSession.php(121): Illuminate/Pipeline/Pipeline->Illuminate/Pipeline/{closure}(Object(Illuminate/Http/Request))
#29 C:/xampp/htdocs/HoneyBeeshop/vendor/laravel/framework/src/Illuminate/Session/Middleware/StartSession.php(64): Illuminate/Session/Middleware/StartSession->handleStatefulRequest(Object(Illuminate/Http/Request), Object(Illuminate/Session/Store), Object(Closure))
#30 C:/xampp/htdocs/HoneyBeeshop/vendor/laravel/framework/src/Illuminate/Pipeline/Pipeline.php(209): Illuminate/Session/Middleware/StartSession->handle(Object(Illuminate/Http/Request), Object(Closure))
#31 C:/xampp/htdocs/HoneyBeeshop/vendor/laravel/framework/src/Illuminate/Cookie/Middleware/AddQueuedCookiesToResponse.php(37): Illuminate/Pipeline/Pipeline->Illuminate/Pipeline/{closure}(Object(Illuminate/Http/Request))
#32 C:/xampp/htdocs/HoneyBeeshop/vendor/laravel/framework/src/Illuminate/Pipeline/Pipeline.php(209): Illuminate/Cookie/Middleware/AddQueuedCookiesToResponse->handle(Object(Illuminate/Http/Request), Object(Closure))
#33 C:/xampp/htdocs/HoneyBeeshop/vendor/laravel/framework/src/Illuminate/Cookie/Middleware/EncryptCookies.php(75): Illuminate/Pipeline/Pipeline->Illuminate/Pipeline/{closure}(Object(Illuminate/Http/Request))
#34 C:/xampp/htdocs/HoneyBeeshop/vendor/laravel/framework/src/Illuminate/Pipeline/Pipeline.php(209): Illuminate/Cookie/Middleware/EncryptCookies->handle(Object(Illuminate/Http/Request), Object(Closure))
#35 C:/xampp/htdocs/HoneyBeeshop/vendor/laravel/framework/src/Illuminate/Pipeline/Pipeline.php(127): Illuminate/Pipeline/Pipeline->Illuminate/Pipeline/{closure}(Object(Illuminate/Http/Request))
#36 C:/xampp/htdocs/HoneyBeeshop/vendor/laravel/framework/src/Illuminate/Routing/Router.php(807): Illuminate/Pipeline/Pipeline->then(Object(Closure))
#37 C:/xampp/htdocs/HoneyBeeshop/vendor/laravel/framework/src/Illuminate/Routing/Router.php(786): Illuminate/Routing/Router->runRouteWithinStack(Object(Illuminate/Routing/Route), Object(Illuminate/Http/Request))
#38 C:/xampp/htdocs/HoneyBeeshop/vendor/laravel/framework/src/Illuminate/Routing/Router.php(750): Illuminate/Routing/Router->runRoute(Object(Illuminate/Http/Request), Object(Illuminate/Routing/Route))
#39 C:/xampp/htdocs/HoneyBeeshop/vendor/laravel/framework/src/Illuminate/Routing/Router.php(739): Illuminate/Routing/Router->dispatchToRoute(Object(Illuminate/Http/Request))
#40 C:/xampp/htdocs/HoneyBeeshop/vendor/laravel/framework/src/Illuminate/Foundation/Http/Kernel.php(201): Illuminate/Routing/Router->dispatch(Object(Illuminate/Http/Request))
#41 C:/xampp/htdocs/HoneyBeeshop/vendor/laravel/framework/src/Illuminate/Pipeline/Pipeline.php(170): Illuminate/Foundation/Http/Kernel->Illuminate/Foundation/Http/{closure}(Object(Illuminate/Http/Request))
#42 C:/xampp/htdocs/HoneyBeeshop/vendor/laravel/framework/src/Illuminate/Foundation/Http/Middleware/TransformsRequest.php(21): Illuminate/Pipeline/Pipeline->Illuminate/Pipeline/{closure}(Object(Illuminate/Http/Request))
#43 C:/xampp/htdocs/HoneyBeeshop/vendor/laravel/framework/src/Illuminate/Foundation/Http/Middleware/ConvertEmptyStringsToNull.php(31): Illuminate/Foundation/Http/Middleware/TransformsRequest->handle(Object(Illuminate/Http/Request), Object(Closure))
#44 C:/xampp/htdocs/HoneyBeeshop/vendor/laravel/framework/src/Illuminate/Pipeline/Pipeline.php(209): Illuminate/Foundation/Http/Middleware/ConvertEmptyStringsToNull->handle(Object(Illuminate/Http/Request), Object(Closure))
#45 C:/xampp/htdocs/HoneyBeeshop/vendor/laravel/framework/src/Illuminate/Foundation/Http/Middleware/TransformsRequest.php(21): Illuminate/Pipeline/Pipeline->Illuminate/Pipeline/{closure}(Object(Illuminate/Http/Request))
#46 C:/xampp/htdocs/HoneyBeeshop/vendor/laravel/framework/src/Illuminate/Foundation/Http/Middleware/TrimStrings.php(51): Illuminate/Foundation/Http/Middleware/TransformsRequest->handle(Object(Illuminate/Http/Request), Object(Closure))
#47 C:/xampp/htdocs/HoneyBeeshop/vendor/laravel/framework/src/Illuminate/Pipeline/Pipeline.php(209): Illuminate/Foundation/Http/Middleware/TrimStrings->handle(Object(Illuminate/Http/Request), Object(Closure))
#48 C:/xampp/htdocs/HoneyBeeshop/vendor/laravel/framework/src/Illuminate/Http/Middleware/ValidatePostSize.php(27): Illuminate/Pipeline/Pipeline->Illuminate/Pipeline/{closure}(Object(Illuminate/Http/Request))
#49 C:/xampp/htdocs/HoneyBeeshop/vendor/laravel/framework/src/Illuminate/Pipeline/Pipeline.php(209): Illuminate/Http/Middleware/ValidatePostSize->handle(Object(Illuminate/Http/Request), Object(Closure))
#50 C:/xampp/htdocs/HoneyBeeshop/vendor/laravel/framework/src/Illuminate/Foundation/Http/Middleware/PreventRequestsDuringMaintenance.php(110): Illuminate/Pipeline/Pipeline->Illuminate/Pipeline/{closure}(Object(Illuminate/Http/Request))
#51 C:/xampp/htdocs/HoneyBeeshop/vendor/laravel/framework/src/Illuminate/Pipeline/Pipeline.php(209): Illuminate/Foundation/Http/Middleware/PreventRequestsDuringMaintenance->handle(Object(Illuminate/Http/Request), Object(Closure))
#52 C:/xampp/htdocs/HoneyBeeshop/vendor/laravel/framework/src/Illuminate/Http/Middleware/HandleCors.php(49): Illuminate/Pipeline/Pipeline->Illuminate/Pipeline/{closure}(Object(Illuminate/Http/Request))
#53 C:/xampp/htdocs/HoneyBeeshop/vendor/laravel/framework/src/Illuminate/Pipeline/Pipeline.php(209): Illuminate/Http/Middleware/HandleCors->handle(Object(Illuminate/Http/Request), Object(Closure))
#54 C:/xampp/htdocs/HoneyBeeshop/vendor/laravel/framework/src/Illuminate/Http/Middleware/TrustProxies.php(58): Illuminate/Pipeline/Pipeline->Illuminate/Pipeline/{closure}(Object(Illuminate/Http/Request))
#55 C:/xampp/htdocs/HoneyBeeshop/vendor/laravel/framework/src/Illuminate/Pipeline/Pipeline.php(209): Illuminate/Http/Middleware/TrustProxies->handle(Object(Illuminate/Http/Request), Object(Closure))
#56 C:/xampp/htdocs/HoneyBeeshop/vendor/laravel/framework/src/Illuminate/Foundation/Http/Middleware/InvokeDeferredCallbacks.php(22): Illuminate/Pipeline/Pipeline->Illuminate/Pipeline/{closure}(Object(Illuminate/Http/Request))
#57 C:/xampp/htdocs/HoneyBeeshop/vendor/laravel/framework/src/Illuminate/Pipeline/Pipeline.php(209): Illuminate/Foundation/Http/Middleware/InvokeDeferredCallbacks->handle(Object(Illuminate/Http/Request), Object(Closure))
#58 C:/xampp/htdocs/HoneyBeeshop/vendor/laravel/framework/src/Illuminate/Pipeline/Pipeline.php(127): Illuminate/Pipeline/Pipeline->Illuminate/Pipeline/{closure}(Object(Illuminate/Http/Request))
#59 C:/xampp/htdocs/HoneyBeeshop/vendor/laravel/framework/src/Illuminate/Foundation/Http/Kernel.php(176): Illuminate/Pipeline/Pipeline->then(Object(Closure))
#60 C:/xampp/htdocs/HoneyBeeshop/vendor/laravel/framework/src/Illuminate/Foundation/Http/Kernel.php(145): Illuminate/Foundation/Http/Kernel->sendRequestThroughRouter(Object(Illuminate/Http/Request))
#61 C:/xampp/htdocs/HoneyBeeshop/vendor/laravel/framework/src/Illuminate/Foundation/Application.php(1220): Illuminate/Foundation/Http/Kernel->handle(Object(Illuminate/Http/Request))
#62 C:/xampp/htdocs/HoneyBeeshop/public/index.php(17): Illuminate/Foundation/Application->handleRequest(Object(Illuminate/Http/Request))
#63 C:/xampp/htdocs/HoneyBeeshop/vendor/laravel/framework/src/Illuminate/Foundation/resources/server.php(23): require_once('C://xampp//htdocs...')
#64 {main}
"} 
[2026-06-22 09:36:04] local.ERROR: Call to undefined method App\Http\Controllers\Admin\CustomerController::store() {"exception":"[object] (Error(code: 0): Call to undefined method App\\Http\\Controllers\\Admin\\CustomerController::store() at C:/xampp/htdocs/HoneyBeeshop/vendor/laravel/framework/src/Illuminate/Routing/ControllerDispatcher.php:47)
[stacktrace]
#0 C:/xampp/htdocs/HoneyBeeshop/vendor/laravel/framework/src/Illuminate/Routing/Route.php(266): Illuminate/Routing/ControllerDispatcher->dispatch(Object(Illuminate/Routing/Route), Object(App/Http/Controllers/Admin/CustomerController), 'store')
#1 C:/xampp/htdocs/HoneyBeeshop/vendor/laravel/framework/src/Illuminate/Routing/Route.php(212): Illuminate/Routing/Route->runController()
#2 C:/xampp/htdocs/HoneyBeeshop/vendor/laravel/framework/src/Illuminate/Routing/Router.php(808): Illuminate/Routing/Route->run()
#3 C:/xampp/htdocs/HoneyBeeshop/vendor/laravel/framework/src/Illuminate/Pipeline/Pipeline.php(170): Illuminate/Routing/Router->Illuminate/Routing/{closure}(Object(Illuminate/Http/Request))
#4 C:/xampp/htdocs/HoneyBeeshop/vendor/laravel/framework/src/Illuminate/Routing/Middleware/SubstituteBindings.php(51): Illuminate/Pipeline/Pipeline->Illuminate/Pipeline/{closure}(Object(Illuminate/Http/Request))
#5 C:/xampp/htdocs/HoneyBeeshop/vendor/laravel/framework/src/Illuminate/Pipeline/Pipeline.php(209): Illuminate/Routing/Middleware/SubstituteBindings->handle(Object(Illuminate/Http/Request), Object(Closure))
#6 C:/xampp/htdocs/HoneyBeeshop/vendor/laravel/framework/src/Illuminate/Foundation/Http/Middleware/VerifyCsrfToken.php(88): Illuminate/Pipeline/Pipeline->Illuminate/Pipeline/{closure}(Object(Illuminate/Http/Request))
#7 C:/xampp/htdocs/HoneyBeeshop/vendor/laravel/framework/src/Illuminate/Pipeline/Pipeline.php(209): Illuminate/Foundation/Http/Middleware/VerifyCsrfToken->handle(Object(Illuminate/Http/Request), Object(Closure))
#8 C:/xampp/htdocs/HoneyBeeshop/vendor/laravel/framework/src/Illuminate/View/Middleware/ShareErrorsFromSession.php(49): Illuminate/Pipeline/Pipeline->Illuminate/Pipeline/{closure}(Object(Illuminate/Http/Request))
#9 C:/xampp/htdocs/HoneyBeeshop/vendor/laravel/framework/src/Illuminate/Pipeline/Pipeline.php(209): Illuminate/View/Middleware/ShareErrorsFromSession->handle(Object(Illuminate/Http/Request), Object(Closure))
#10 C:/xampp/htdocs/HoneyBeeshop/vendor/laravel/framework/src/Illuminate/Session/Middleware/StartSession.php(121): Illuminate/Pipeline/Pipeline->Illuminate/Pipeline/{closure}(Object(Illuminate/Http/Request))
#11 C:/xampp/htdocs/HoneyBeeshop/vendor/laravel/framework/src/Illuminate/Session/Middleware/StartSession.php(64): Illuminate/Session/Middleware/StartSession->handleStatefulRequest(Object(Illuminate/Http/Request), Object(Illuminate/Session/Store), Object(Closure))
#12 C:/xampp/htdocs/HoneyBeeshop/vendor/laravel/framework/src/Illuminate/Pipeline/Pipeline.php(209): Illuminate/Session/Middleware/StartSession->handle(Object(Illuminate/Http/Request), Object(Closure))
#13 C:/xampp/htdocs/HoneyBeeshop/vendor/laravel/framework/src/Illuminate/Cookie/Middleware/AddQueuedCookiesToResponse.php(37): Illuminate/Pipeline/Pipeline->Illuminate/Pipeline/{closure}(Object(Illuminate/Http/Request))
#14 C:/xampp/htdocs/HoneyBeeshop/vendor/laravel/framework/src/Illuminate/Pipeline/Pipeline.php(209): Illuminate/Cookie/Middleware/AddQueuedCookiesToResponse->handle(Object(Illuminate/Http/Request), Object(Closure))
#15 C:/xampp/htdocs/HoneyBeeshop/vendor/laravel/framework/src/Illuminate/Cookie/Middleware/EncryptCookies.php(75): Illuminate/Pipeline/Pipeline->Illuminate/Pipeline/{closure}(Object(Illuminate/Http/Request))
#16 C:/xampp/htdocs/HoneyBeeshop/vendor/laravel/framework/src/Illuminate/Pipeline/Pipeline.php(209): Illuminate/Cookie/Middleware/EncryptCookies->handle(Object(Illuminate/Http/Request), Object(Closure))
#17 C:/xampp/htdocs/HoneyBeeshop/vendor/laravel/framework/src/Illuminate/Pipeline/Pipeline.php(127): Illuminate/Pipeline/Pipeline->Illuminate/Pipeline/{closure}(Object(Illuminate/Http/Request))
#18 C:/xampp/htdocs/HoneyBeeshop/vendor/laravel/framework/src/Illuminate/Routing/Router.php(807): Illuminate/Pipeline/Pipeline->then(Object(Closure))
#19 C:/xampp/htdocs/HoneyBeeshop/vendor/laravel/framework/src/Illuminate/Routing/Router.php(786): Illuminate/Routing/Router->runRouteWithinStack(Object(Illuminate/Routing/Route), Object(Illuminate/Http/Request))
#20 C:/xampp/htdocs/HoneyBeeshop/vendor/laravel/framework/src/Illuminate/Routing/Router.php(750): Illuminate/Routing/Router->runRoute(Object(Illuminate/Http/Request), Object(Illuminate/Routing/Route))
#21 C:/xampp/htdocs/HoneyBeeshop/vendor/laravel/framework/src/Illuminate/Routing/Router.php(739): Illuminate/Routing/Router->dispatchToRoute(Object(Illuminate/Http/Request))
#22 C:/xampp/htdocs/HoneyBeeshop/vendor/laravel/framework/src/Illuminate/Foundation/Http/Kernel.php(201): Illuminate/Routing/Router->dispatch(Object(Illuminate/Http/Request))
#23 C:/xampp/htdocs/HoneyBeeshop/vendor/laravel/framework/src/Illuminate/Pipeline/Pipeline.php(170): Illuminate/Foundation/Http/Kernel->Illuminate/Foundation/Http/{closure}(Object(Illuminate/Http/Request))
#24 C:/xampp/htdocs/HoneyBeeshop/vendor/laravel/framework/src/Illuminate/Foundation/Http/Middleware/TransformsRequest.php(21): Illuminate/Pipeline/Pipeline->Illuminate/Pipeline/{closure}(Object(Illuminate/Http/Request))
#25 C:/xampp/htdocs/HoneyBeeshop/vendor/laravel/framework/src/Illuminate/Foundation/Http/Middleware/ConvertEmptyStringsToNull.php(31): Illuminate/Foundation/Http/Middleware/TransformsRequest->handle(Object(Illuminate/Http/Request), Object(Closure))
#26 C:/xampp/htdocs/HoneyBeeshop/vendor/laravel/framework/src/Illuminate/Pipeline/Pipeline.php(209): Illuminate/Foundation/Http/Middleware/ConvertEmptyStringsToNull->handle(Object(Illuminate/Http/Request), Object(Closure))
#27 C:/xampp/htdocs/HoneyBeeshop/vendor/laravel/framework/src/Illuminate/Foundation/Http/Middleware/TransformsRequest.php(21): Illuminate/Pipeline/Pipeline->Illuminate/Pipeline/{closure}(Object(Illuminate/Http/Request))
#28 C:/xampp/htdocs/HoneyBeeshop/vendor/laravel/framework/src/Illuminate/Foundation/Http/Middleware/TrimStrings.php(51): Illuminate/Foundation/Http/Middleware/TransformsRequest->handle(Object(Illuminate/Http/Request), Object(Closure))
#29 C:/xampp/htdocs/HoneyBeeshop/vendor/laravel/framework/src/Illuminate/Pipeline/Pipeline.php(209): Illuminate/Foundation/Http/Middleware/TrimStrings->handle(Object(Illuminate/Http/Request), Object(Closure))
#30 C:/xampp/htdocs/HoneyBeeshop/vendor/laravel/framework/src/Illuminate/Http/Middleware/ValidatePostSize.php(27): Illuminate/Pipeline/Pipeline->Illuminate/Pipeline/{closure}(Object(Illuminate/Http/Request))
#31 C:/xampp/htdocs/HoneyBeeshop/vendor/laravel/framework/src/Illuminate/Pipeline/Pipeline.php(209): Illuminate/Http/Middleware/ValidatePostSize->handle(Object(Illuminate/Http/Request), Object(Closure))
#32 C:/xampp/htdocs/HoneyBeeshop/vendor/laravel/framework/src/Illuminate/Foundation/Http/Middleware/PreventRequestsDuringMaintenance.php(110): Illuminate/Pipeline/Pipeline->Illuminate/Pipeline/{closure}(Object(Illuminate/Http/Request))
#33 C:/xampp/htdocs/HoneyBeeshop/vendor/laravel/framework/src/Illuminate/Pipeline/Pipeline.php(209): Illuminate/Foundation/Http/Middleware/PreventRequestsDuringMaintenance->handle(Object(Illuminate/Http/Request), Object(Closure))
#34 C:/xampp/htdocs/HoneyBeeshop/vendor/laravel/framework/src/Illuminate/Http/Middleware/HandleCors.php(49): Illuminate/Pipeline/Pipeline->Illuminate/Pipeline/{closure}(Object(Illuminate/Http/Request))
#35 C:/xampp/htdocs/HoneyBeeshop/vendor/laravel/framework/src/Illuminate/Pipeline/Pipeline.php(209): Illuminate/Http/Middleware/HandleCors->handle(Object(Illuminate/Http/Request), Object(Closure))
#36 C:/xampp/htdocs/HoneyBeeshop/vendor/laravel/framework/src/Illuminate/Http/Middleware/TrustProxies.php(58): Illuminate/Pipeline/Pipeline->Illuminate/Pipeline/{closure}(Object(Illuminate/Http/Request))
#37 C:/xampp/htdocs/HoneyBeeshop/vendor/laravel/framework/src/Illuminate/Pipeline/Pipeline.php(209): Illuminate/Http/Middleware/TrustProxies->handle(Object(Illuminate/Http/Request), Object(Closure))
#38 C:/xampp/htdocs/HoneyBeeshop/vendor/laravel/framework/src/Illuminate/Foundation/Http/Middleware/InvokeDeferredCallbacks.php(22): Illuminate/Pipeline/Pipeline->Illuminate/Pipeline/{closure}(Object(Illuminate/Http/Request))
#39 C:/xampp/htdocs/HoneyBeeshop/vendor/laravel/framework/src/Illuminate/Pipeline/Pipeline.php(209): Illuminate/Foundation/Http/Middleware/InvokeDeferredCallbacks->handle(Object(Illuminate/Http/Request), Object(Closure))
#40 C:/xampp/htdocs/HoneyBeeshop/vendor/laravel/framework/src/Illuminate/Pipeline/Pipeline.php(127): Illuminate/Pipeline/Pipeline->Illuminate/Pipeline/{closure}(Object(Illuminate/Http/Request))
#41 C:/xampp/htdocs/HoneyBeeshop/vendor/laravel/framework/src/Illuminate/Foundation/Http/Kernel.php(176): Illuminate/Pipeline/Pipeline->then(Object(Closure))
#42 C:/xampp/htdocs/HoneyBeeshop/vendor/laravel/framework/src/Illuminate/Foundation/Http/Kernel.php(145): Illuminate/Foundation/Http/Kernel->sendRequestThroughRouter(Object(Illuminate/Http/Request))
#43 C:/xampp/htdocs/HoneyBeeshop/vendor/laravel/framework/src/Illuminate/Foundation/Application.php(1220): Illuminate/Foundation/Http/Kernel->handle(Object(Illuminate/Http/Request))
#44 C:/xampp/htdocs/HoneyBeeshop/public/index.php(17): Illuminate/Foundation/Application->handleRequest(Object(Illuminate/Http/Request))
#45 C:/xampp/htdocs/HoneyBeeshop/vendor/laravel/framework/src/Illuminate/Foundation/resources/server.php(23): require_once('C://xampp//htdocs...')
#46 {main}
"} 
[2026-06-22 15:35:28] local.ERROR: Call to undefined method App\Http\Controllers\Admin\CustomerController::store() {"exception":"[object] (Error(code: 0): Call to undefined method App\\Http\\Controllers\\Admin\\CustomerController::store() at C:/xampp/htdocs/HoneyBeeshop/vendor/laravel/framework/src/Illuminate/Routing/ControllerDispatcher.php:47)
[stacktrace]
#0 C:/xampp/htdocs/HoneyBeeshop/vendor/laravel/framework/src/Illuminate/Routing/Route.php(266): Illuminate/Routing/ControllerDispatcher->dispatch(Object(Illuminate/Routing/Route), Object(App/Http/Controllers/Admin/CustomerController), 'store')
#1 C:/xampp/htdocs/HoneyBeeshop/vendor/laravel/framework/src/Illuminate/Routing/Route.php(212): Illuminate/Routing/Route->runController()
#2 C:/xampp/htdocs/HoneyBeeshop/vendor/laravel/framework/src/Illuminate/Routing/Router.php(808): Illuminate/Routing/Route->run()
#3 C:/xampp/htdocs/HoneyBeeshop/vendor/laravel/framework/src/Illuminate/Pipeline/Pipeline.php(170): Illuminate/Routing/Router->Illuminate/Routing/{closure}(Object(Illuminate/Http/Request))
#4 C:/xampp/htdocs/HoneyBeeshop/vendor/laravel/framework/src/Illuminate/Routing/Middleware/SubstituteBindings.php(51): Illuminate/Pipeline/Pipeline->Illuminate/Pipeline/{closure}(Object(Illuminate/Http/Request))
#5 C:/xampp/htdocs/HoneyBeeshop/vendor/laravel/framework/src/Illuminate/Pipeline/Pipeline.php(209): Illuminate/Routing/Middleware/SubstituteBindings->handle(Object(Illuminate/Http/Request), Object(Closure))
#6 C:/xampp/htdocs/HoneyBeeshop/vendor/laravel/framework/src/Illuminate/Foundation/Http/Middleware/VerifyCsrfToken.php(88): Illuminate/Pipeline/Pipeline->Illuminate/Pipeline/{closure}(Object(Illuminate/Http/Request))
#7 C:/xampp/htdocs/HoneyBeeshop/vendor/laravel/framework/src/Illuminate/Pipeline/Pipeline.php(209): Illuminate/Foundation/Http/Middleware/VerifyCsrfToken->handle(Object(Illuminate/Http/Request), Object(Closure))
#8 C:/xampp/htdocs/HoneyBeeshop/vendor/laravel/framework/src/Illuminate/View/Middleware/ShareErrorsFromSession.php(49): Illuminate/Pipeline/Pipeline->Illuminate/Pipeline/{closure}(Object(Illuminate/Http/Request))
#9 C:/xampp/htdocs/HoneyBeeshop/vendor/laravel/framework/src/Illuminate/Pipeline/Pipeline.php(209): Illuminate/View/Middleware/ShareErrorsFromSession->handle(Object(Illuminate/Http/Request), Object(Closure))
#10 C:/xampp/htdocs/HoneyBeeshop/vendor/laravel/framework/src/Illuminate/Session/Middleware/StartSession.php(121): Illuminate/Pipeline/Pipeline->Illuminate/Pipeline/{closure}(Object(Illuminate/Http/Request))
#11 C:/xampp/htdocs/HoneyBeeshop/vendor/laravel/framework/src/Illuminate/Session/Middleware/StartSession.php(64): Illuminate/Session/Middleware/StartSession->handleStatefulRequest(Object(Illuminate/Http/Request), Object(Illuminate/Session/Store), Object(Closure))
#12 C:/xampp/htdocs/HoneyBeeshop/vendor/laravel/framework/src/Illuminate/Pipeline/Pipeline.php(209): Illuminate/Session/Middleware/StartSession->handle(Object(Illuminate/Http/Request), Object(Closure))
#13 C:/xampp/htdocs/HoneyBeeshop/vendor/laravel/framework/src/Illuminate/Cookie/Middleware/AddQueuedCookiesToResponse.php(37): Illuminate/Pipeline/Pipeline->Illuminate/Pipeline/{closure}(Object(Illuminate/Http/Request))
#14 C:/xampp/htdocs/HoneyBeeshop/vendor/laravel/framework/src/Illuminate/Pipeline/Pipeline.php(209): Illuminate/Cookie/Middleware/AddQueuedCookiesToResponse->handle(Object(Illuminate/Http/Request), Object(Closure))
#15 C:/xampp/htdocs/HoneyBeeshop/vendor/laravel/framework/src/Illuminate/Cookie/Middleware/EncryptCookies.php(75): Illuminate/Pipeline/Pipeline->Illuminate/Pipeline/{closure}(Object(Illuminate/Http/Request))
#16 C:/xampp/htdocs/HoneyBeeshop/vendor/laravel/framework/src/Illuminate/Pipeline/Pipeline.php(209): Illuminate/Cookie/Middleware/EncryptCookies->handle(Object(Illuminate/Http/Request), Object(Closure))
#17 C:/xampp/htdocs/HoneyBeeshop/vendor/laravel/framework/src/Illuminate/Pipeline/Pipeline.php(127): Illuminate/Pipeline/Pipeline->Illuminate/Pipeline/{closure}(Object(Illuminate/Http/Request))
#18 C:/xampp/htdocs/HoneyBeeshop/vendor/laravel/framework/src/Illuminate/Routing/Router.php(807): Illuminate/Pipeline/Pipeline->then(Object(Closure))
#19 C:/xampp/htdocs/HoneyBeeshop/vendor/laravel/framework/src/Illuminate/Routing/Router.php(786): Illuminate/Routing/Router->runRouteWithinStack(Object(Illuminate/Routing/Route), Object(Illuminate/Http/Request))
#20 C:/xampp/htdocs/HoneyBeeshop/vendor/laravel/framework/src/Illuminate/Routing/Router.php(750): Illuminate/Routing/Router->runRoute(Object(Illuminate/Http/Request), Object(Illuminate/Routing/Route))
#21 C:/xampp/htdocs/HoneyBeeshop/vendor/laravel/framework/src/Illuminate/Routing/Router.php(739): Illuminate/Routing/Router->dispatchToRoute(Object(Illuminate/Http/Request))
#22 C:/xampp/htdocs/HoneyBeeshop/vendor/laravel/framework/src/Illuminate/Foundation/Http/Kernel.php(201): Illuminate/Routing/Router->dispatch(Object(Illuminate/Http/Request))
#23 C:/xampp/htdocs/HoneyBeeshop/vendor/laravel/framework/src/Illuminate/Pipeline/Pipeline.php(170): Illuminate/Foundation/Http/Kernel->Illuminate/Foundation/Http/{closure}(Object(Illuminate/Http/Request))
#24 C:/xampp/htdocs/HoneyBeeshop/vendor/laravel/framework/src/Illuminate/Foundation/Http/Middleware/TransformsRequest.php(21): Illuminate/Pipeline/Pipeline->Illuminate/Pipeline/{closure}(Object(Illuminate/Http/Request))
#25 C:/xampp/htdocs/HoneyBeeshop/vendor/laravel/framework/src/Illuminate/Foundation/Http/Middleware/ConvertEmptyStringsToNull.php(31): Illuminate/Foundation/Http/Middleware/TransformsRequest->handle(Object(Illuminate/Http/Request), Object(Closure))
#26 C:/xampp/htdocs/HoneyBeeshop/vendor/laravel/framework/src/Illuminate/Pipeline/Pipeline.php(209): Illuminate/Foundation/Http/Middleware/ConvertEmptyStringsToNull->handle(Object(Illuminate/Http/Request), Object(Closure))
#27 C:/xampp/htdocs/HoneyBeeshop/vendor/laravel/framework/src/Illuminate/Foundation/Http/Middleware/TransformsRequest.php(21): Illuminate/Pipeline/Pipeline->Illuminate/Pipeline/{closure}(Object(Illuminate/Http/Request))
#28 C:/xampp/htdocs/HoneyBeeshop/vendor/laravel/framework/src/Illuminate/Foundation/Http/Middleware/TrimStrings.php(51): Illuminate/Foundation/Http/Middleware/TransformsRequest->handle(Object(Illuminate/Http/Request), Object(Closure))
#29 C:/xampp/htdocs/HoneyBeeshop/vendor/laravel/framework/src/Illuminate/Pipeline/Pipeline.php(209): Illuminate/Foundation/Http/Middleware/TrimStrings->handle(Object(Illuminate/Http/Request), Object(Closure))
#30 C:/xampp/htdocs/HoneyBeeshop/vendor/laravel/framework/src/Illuminate/Http/Middleware/ValidatePostSize.php(27): Illuminate/Pipeline/Pipeline->Illuminate/Pipeline/{closure}(Object(Illuminate/Http/Request))
#31 C:/xampp/htdocs/HoneyBeeshop/vendor/laravel/framework/src/Illuminate/Pipeline/Pipeline.php(209): Illuminate/Http/Middleware/ValidatePostSize->handle(Object(Illuminate/Http/Request), Object(Closure))
#32 C:/xampp/htdocs/HoneyBeeshop/vendor/laravel/framework/src/Illuminate/Foundation/Http/Middleware/PreventRequestsDuringMaintenance.php(110): Illuminate/Pipeline/Pipeline->Illuminate/Pipeline/{closure}(Object(Illuminate/Http/Request))
#33 C:/xampp/htdocs/HoneyBeeshop/vendor/laravel/framework/src/Illuminate/Pipeline/Pipeline.php(209): Illuminate/Foundation/Http/Middleware/PreventRequestsDuringMaintenance->handle(Object(Illuminate/Http/Request), Object(Closure))
#34 C:/xampp/htdocs/HoneyBeeshop/vendor/laravel/framework/src/Illuminate/Http/Middleware/HandleCors.php(49): Illuminate/Pipeline/Pipeline->Illuminate/Pipeline/{closure}(Object(Illuminate/Http/Request))
#35 C:/xampp/htdocs/HoneyBeeshop/vendor/laravel/framework/src/Illuminate/Pipeline/Pipeline.php(209): Illuminate/Http/Middleware/HandleCors->handle(Object(Illuminate/Http/Request), Object(Closure))
#36 C:/xampp/htdocs/HoneyBeeshop/vendor/laravel/framework/src/Illuminate/Http/Middleware/TrustProxies.php(58): Illuminate/Pipeline/Pipeline->Illuminate/Pipeline/{closure}(Object(Illuminate/Http/Request))
#37 C:/xampp/htdocs/HoneyBeeshop/vendor/laravel/framework/src/Illuminate/Pipeline/Pipeline.php(209): Illuminate/Http/Middleware/TrustProxies->handle(Object(Illuminate/Http/Request), Object(Closure))
#38 C:/xampp/htdocs/HoneyBeeshop/vendor/laravel/framework/src/Illuminate/Foundation/Http/Middleware/InvokeDeferredCallbacks.php(22): Illuminate/Pipeline/Pipeline->Illuminate/Pipeline/{closure}(Object(Illuminate/Http/Request))
#39 C:/xampp/htdocs/HoneyBeeshop/vendor/laravel/framework/src/Illuminate/Pipeline/Pipeline.php(209): Illuminate/Foundation/Http/Middleware/InvokeDeferredCallbacks->handle(Object(Illuminate/Http/Request), Object(Closure))
#40 C:/xampp/htdocs/HoneyBeeshop/vendor/laravel/framework/src/Illuminate/Pipeline/Pipeline.php(127): Illuminate/Pipeline/Pipeline->Illuminate/Pipeline/{closure}(Object(Illuminate/Http/Request))
#41 C:/xampp/htdocs/HoneyBeeshop/vendor/laravel/framework/src/Illuminate/Foundation/Http/Kernel.php(176): Illuminate/Pipeline/Pipeline->then(Object(Closure))
#42 C:/xampp/htdocs/HoneyBeeshop/vendor/laravel/framework/src/Illuminate/Foundation/Http/Kernel.php(145): Illuminate/Foundation/Http/Kernel->sendRequestThroughRouter(Object(Illuminate/Http/Request))
#43 C:/xampp/htdocs/HoneyBeeshop/vendor/laravel/framework/src/Illuminate/Foundation/Application.php(1220): Illuminate/Foundation/Http/Kernel->handle(Object(Illuminate/Http/Request))
#44 C:/xampp/htdocs/HoneyBeeshop/public/index.php(17): Illuminate/Foundation/Application->handleRequest(Object(Illuminate/Http/Request))
#45 C:/xampp/htdocs/HoneyBeeshop/vendor/laravel/framework/src/Illuminate/Foundation/resources/server.php(23): require_once('C://xampp//htdocs...')
#46 {main}
"} 
[2026-06-22 16:04:50] local.ERROR: SQLSTATE[23000]: Integrity constraint violation: 1452 Cannot add or update a child row: a foreign key constraint fails (`honeybeeshop`.`staff`, CONSTRAINT `staff_business_id_foreign` FOREIGN KEY (`business_id`) REFERENCES `businesses` (`business_id`) ON DELETE CASCADE) (Connection: mysql, SQL: insert into `staff` (`business_id`, `full_name`, `role`, `email`, `phone`, `hire_date`, `updated_at`, `created_at`) values (1, Shakthitha Sivarajah, manager, sivarajahshakthitha25@gmail.com, 0767158873, 2026-06-22, 2026-06-22 16:04:50, 2026-06-22 16:04:50)) {"exception":"[object] (Illuminate\\Database\\QueryException(code: 23000): SQLSTATE[23000]: Integrity constraint violation: 1452 Cannot add or update a child row: a foreign key constraint fails (`honeybeeshop`.`staff`, CONSTRAINT `staff_business_id_foreign` FOREIGN KEY (`business_id`) REFERENCES `businesses` (`business_id`) ON DELETE CASCADE) (Connection: mysql, SQL: insert into `staff` (`business_id`, `full_name`, `role`, `email`, `phone`, `hire_date`, `updated_at`, `created_at`) values (1, Shakthitha Sivarajah, manager, sivarajahshakthitha25@gmail.com, 0767158873, 2026-06-22, 2026-06-22 16:04:50, 2026-06-22 16:04:50)) at C:/xampp/htdocs/HoneyBeeshop/vendor/laravel/framework/src/Illuminate/Database/Connection.php:825)
[stacktrace]
#0 C:/xampp/htdocs/HoneyBeeshop/vendor/laravel/framework/src/Illuminate/Database/Connection.php(779): Illuminate/Database/Connection->runQueryCallback('insert into `st...', Array, Object(Closure))
#1 C:/xampp/htdocs/HoneyBeeshop/vendor/laravel/framework/src/Illuminate/Database/MySqlConnection.php(42): Illuminate/Database/Connection->run('insert into `st...', Array, Object(Closure))
#2 C:/xampp/htdocs/HoneyBeeshop/vendor/laravel/framework/src/Illuminate/Database/Query/Processors/MySqlProcessor.php(35): Illuminate/Database/MySqlConnection->insert('insert into `st...', Array, 'staff_id')
#3 C:/xampp/htdocs/HoneyBeeshop/vendor/laravel/framework/src/Illuminate/Database/Query/Builder.php(3766): Illuminate/Database/Query/Processors/MySqlProcessor->processInsertGetId(Object(Illuminate/Database/Query/Builder), 'insert into `st...', Array, 'staff_id')
#4 C:/xampp/htdocs/HoneyBeeshop/vendor/laravel/framework/src/Illuminate/Database/Eloquent/Builder.php(2120): Illuminate/Database/Query/Builder->insertGetId(Array, 'staff_id')
#5 C:/xampp/htdocs/HoneyBeeshop/vendor/laravel/framework/src/Illuminate/Database/Eloquent/Model.php(1359): Illuminate/Database/Eloquent/Builder->__call('insertGetId', Array)
#6 C:/xampp/htdocs/HoneyBeeshop/vendor/laravel/framework/src/Illuminate/Database/Eloquent/Model.php(1324): Illuminate/Database/Eloquent/Model->insertAndSetId(Object(Illuminate/Database/Eloquent/Builder), Array)
#7 C:/xampp/htdocs/HoneyBeeshop/vendor/laravel/framework/src/Illuminate/Database/Eloquent/Model.php(1163): Illuminate/Database/Eloquent/Model->performInsert(Object(Illuminate/Database/Eloquent/Builder))
#8 C:/xampp/htdocs/HoneyBeeshop/vendor/laravel/framework/src/Illuminate/Database/Eloquent/Builder.php(1128): Illuminate/Database/Eloquent/Model->save()
#9 C:/xampp/htdocs/HoneyBeeshop/vendor/laravel/framework/src/Illuminate/Support/helpers.php(399): Illuminate/Database/Eloquent/Builder->Illuminate/Database/Eloquent/{closure}(Object(App/Models/Staff))
#10 C:/xampp/htdocs/HoneyBeeshop/vendor/laravel/framework/src/Illuminate/Database/Eloquent/Builder.php(1127): tap(Object(App/Models/Staff), Object(Closure))
#11 C:/xampp/htdocs/HoneyBeeshop/vendor/laravel/framework/src/Illuminate/Support/Traits/ForwardsCalls.php(23): Illuminate/Database/Eloquent/Builder->create(Array)
#12 C:/xampp/htdocs/HoneyBeeshop/vendor/laravel/framework/src/Illuminate/Database/Eloquent/Model.php(2372): Illuminate/Database/Eloquent/Model->forwardCallTo(Object(Illuminate/Database/Eloquent/Builder), 'create', Array)
#13 C:/xampp/htdocs/HoneyBeeshop/vendor/laravel/framework/src/Illuminate/Database/Eloquent/Model.php(2384): Illuminate/Database/Eloquent/Model->__call('create', Array)
#14 C:/xampp/htdocs/HoneyBeeshop/app/Http/Controllers/Admin/StaffController.php(27): Illuminate/Database/Eloquent/Model::__callStatic('create', Array)
#15 C:/xampp/htdocs/HoneyBeeshop/vendor/laravel/framework/src/Illuminate/Routing/ControllerDispatcher.php(47): App/Http/Controllers/Admin/StaffController->store(Object(Illuminate/Http/Request))
#16 C:/xampp/htdocs/HoneyBeeshop/vendor/laravel/framework/src/Illuminate/Routing/Route.php(266): Illuminate/Routing/ControllerDispatcher->dispatch(Object(Illuminate/Routing/Route), Object(App/Http/Controllers/Admin/StaffController), 'store')
#17 C:/xampp/htdocs/HoneyBeeshop/vendor/laravel/framework/src/Illuminate/Routing/Route.php(212): Illuminate/Routing/Route->runController()
#18 C:/xampp/htdocs/HoneyBeeshop/vendor/laravel/framework/src/Illuminate/Routing/Router.php(808): Illuminate/Routing/Route->run()
#19 C:/xampp/htdocs/HoneyBeeshop/vendor/laravel/framework/src/Illuminate/Pipeline/Pipeline.php(170): Illuminate/Routing/Router->Illuminate/Routing/{closure}(Object(Illuminate/Http/Request))
#20 C:/xampp/htdocs/HoneyBeeshop/vendor/laravel/framework/src/Illuminate/Routing/Middleware/SubstituteBindings.php(51): Illuminate/Pipeline/Pipeline->Illuminate/Pipeline/{closure}(Object(Illuminate/Http/Request))
#21 C:/xampp/htdocs/HoneyBeeshop/vendor/laravel/framework/src/Illuminate/Pipeline/Pipeline.php(209): Illuminate/Routing/Middleware/SubstituteBindings->handle(Object(Illuminate/Http/Request), Object(Closure))
#22 C:/xampp/htdocs/HoneyBeeshop/vendor/laravel/framework/src/Illuminate/Foundation/Http/Middleware/VerifyCsrfToken.php(88): Illuminate/Pipeline/Pipeline->Illuminate/Pipeline/{closure}(Object(Illuminate/Http/Request))
#23 C:/xampp/htdocs/HoneyBeeshop/vendor/laravel/framework/src/Illuminate/Pipeline/Pipeline.php(209): Illuminate/Foundation/Http/Middleware/VerifyCsrfToken->handle(Object(Illuminate/Http/Request), Object(Closure))
#24 C:/xampp/htdocs/HoneyBeeshop/vendor/laravel/framework/src/Illuminate/View/Middleware/ShareErrorsFromSession.php(49): Illuminate/Pipeline/Pipeline->Illuminate/Pipeline/{closure}(Object(Illuminate/Http/Request))
#25 C:/xampp/htdocs/HoneyBeeshop/vendor/laravel/framework/src/Illuminate/Pipeline/Pipeline.php(209): Illuminate/View/Middleware/ShareErrorsFromSession->handle(Object(Illuminate/Http/Request), Object(Closure))
#26 C:/xampp/htdocs/HoneyBeeshop/vendor/laravel/framework/src/Illuminate/Session/Middleware/StartSession.php(121): Illuminate/Pipeline/Pipeline->Illuminate/Pipeline/{closure}(Object(Illuminate/Http/Request))
#27 C:/xampp/htdocs/HoneyBeeshop/vendor/laravel/framework/src/Illuminate/Session/Middleware/StartSession.php(64): Illuminate/Session/Middleware/StartSession->handleStatefulRequest(Object(Illuminate/Http/Request), Object(Illuminate/Session/Store), Object(Closure))
#28 C:/xampp/htdocs/HoneyBeeshop/vendor/laravel/framework/src/Illuminate/Pipeline/Pipeline.php(209): Illuminate/Session/Middleware/StartSession->handle(Object(Illuminate/Http/Request), Object(Closure))
#29 C:/xampp/htdocs/HoneyBeeshop/vendor/laravel/framework/src/Illuminate/Cookie/Middleware/AddQueuedCookiesToResponse.php(37): Illuminate/Pipeline/Pipeline->Illuminate/Pipeline/{closure}(Object(Illuminate/Http/Request))
#30 C:/xampp/htdocs/HoneyBeeshop/vendor/laravel/framework/src/Illuminate/Pipeline/Pipeline.php(209): Illuminate/Cookie/Middleware/AddQueuedCookiesToResponse->handle(Object(Illuminate/Http/Request), Object(Closure))
#31 C:/xampp/htdocs/HoneyBeeshop/vendor/laravel/framework/src/Illuminate/Cookie/Middleware/EncryptCookies.php(75): Illuminate/Pipeline/Pipeline->Illuminate/Pipeline/{closure}(Object(Illuminate/Http/Request))
#32 C:/xampp/htdocs/HoneyBeeshop/vendor/laravel/framework/src/Illuminate/Pipeline/Pipeline.php(209): Illuminate/Cookie/Middleware/EncryptCookies->handle(Object(Illuminate/Http/Request), Object(Closure))
#33 C:/xampp/htdocs/HoneyBeeshop/vendor/laravel/framework/src/Illuminate/Pipeline/Pipeline.php(127): Illuminate/Pipeline/Pipeline->Illuminate/Pipeline/{closure}(Object(Illuminate/Http/Request))
#34 C:/xampp/htdocs/HoneyBeeshop/vendor/laravel/framework/src/Illuminate/Routing/Router.php(807): Illuminate/Pipeline/Pipeline->then(Object(Closure))
#35 C:/xampp/htdocs/HoneyBeeshop/vendor/laravel/framework/src/Illuminate/Routing/Router.php(786): Illuminate/Routing/Router->runRouteWithinStack(Object(Illuminate/Routing/Route), Object(Illuminate/Http/Request))
#36 C:/xampp/htdocs/HoneyBeeshop/vendor/laravel/framework/src/Illuminate/Routing/Router.php(750): Illuminate/Routing/Router->runRoute(Object(Illuminate/Http/Request), Object(Illuminate/Routing/Route))
#37 C:/xampp/htdocs/HoneyBeeshop/vendor/laravel/framework/src/Illuminate/Routing/Router.php(739): Illuminate/Routing/Router->dispatchToRoute(Object(Illuminate/Http/Request))
#38 C:/xampp/htdocs/HoneyBeeshop/vendor/laravel/framework/src/Illuminate/Foundation/Http/Kernel.php(201): Illuminate/Routing/Router->dispatch(Object(Illuminate/Http/Request))
#39 C:/xampp/htdocs/HoneyBeeshop/vendor/laravel/framework/src/Illuminate/Pipeline/Pipeline.php(170): Illuminate/Foundation/Http/Kernel->Illuminate/Foundation/Http/{closure}(Object(Illuminate/Http/Request))
#40 C:/xampp/htdocs/HoneyBeeshop/vendor/laravel/framework/src/Illuminate/Foundation/Http/Middleware/TransformsRequest.php(21): Illuminate/Pipeline/Pipeline->Illuminate/Pipeline/{closure}(Object(Illuminate/Http/Request))
#41 C:/xampp/htdocs/HoneyBeeshop/vendor/laravel/framework/src/Illuminate/Foundation/Http/Middleware/ConvertEmptyStringsToNull.php(31): Illuminate/Foundation/Http/Middleware/TransformsRequest->handle(Object(Illuminate/Http/Request), Object(Closure))
#42 C:/xampp/htdocs/HoneyBeeshop/vendor/laravel/framework/src/Illuminate/Pipeline/Pipeline.php(209): Illuminate/Foundation/Http/Middleware/ConvertEmptyStringsToNull->handle(Object(Illuminate/Http/Request), Object(Closure))
#43 C:/xampp/htdocs/HoneyBeeshop/vendor/laravel/framework/src/Illuminate/Foundation/Http/Middleware/TransformsRequest.php(21): Illuminate/Pipeline/Pipeline->Illuminate/Pipeline/{closure}(Object(Illuminate/Http/Request))
#44 C:/xampp/htdocs/HoneyBeeshop/vendor/laravel/framework/src/Illuminate/Foundation/Http/Middleware/TrimStrings.php(51): Illuminate/Foundation/Http/Middleware/TransformsRequest->handle(Object(Illuminate/Http/Request), Object(Closure))
#45 C:/xampp/htdocs/HoneyBeeshop/vendor/laravel/framework/src/Illuminate/Pipeline/Pipeline.php(209): Illuminate/Foundation/Http/Middleware/TrimStrings->handle(Object(Illuminate/Http/Request), Object(Closure))
#46 C:/xampp/htdocs/HoneyBeeshop/vendor/laravel/framework/src/Illuminate/Http/Middleware/ValidatePostSize.php(27): Illuminate/Pipeline/Pipeline->Illuminate/Pipeline/{closure}(Object(Illuminate/Http/Request))
#47 C:/xampp/htdocs/HoneyBeeshop/vendor/laravel/framework/src/Illuminate/Pipeline/Pipeline.php(209): Illuminate/Http/Middleware/ValidatePostSize->handle(Object(Illuminate/Http/Request), Object(Closure))
#48 C:/xampp/htdocs/HoneyBeeshop/vendor/laravel/framework/src/Illuminate/Foundation/Http/Middleware/PreventRequestsDuringMaintenance.php(110): Illuminate/Pipeline/Pipeline->Illuminate/Pipeline/{closure}(Object(Illuminate/Http/Request))
#49 C:/xampp/htdocs/HoneyBeeshop/vendor/laravel/framework/src/Illuminate/Pipeline/Pipeline.php(209): Illuminate/Foundation/Http/Middleware/PreventRequestsDuringMaintenance->handle(Object(Illuminate/Http/Request), Object(Closure))
#50 C:/xampp/htdocs/HoneyBeeshop/vendor/laravel/framework/src/Illuminate/Http/Middleware/HandleCors.php(49): Illuminate/Pipeline/Pipeline->Illuminate/Pipeline/{closure}(Object(Illuminate/Http/Request))
#51 C:/xampp/htdocs/HoneyBeeshop/vendor/laravel/framework/src/Illuminate/Pipeline/Pipeline.php(209): Illuminate/Http/Middleware/HandleCors->handle(Object(Illuminate/Http/Request), Object(Closure))
#52 C:/xampp/htdocs/HoneyBeeshop/vendor/laravel/framework/src/Illuminate/Http/Middleware/TrustProxies.php(58): Illuminate/Pipeline/Pipeline->Illuminate/Pipeline/{closure}(Object(Illuminate/Http/Request))
#53 C:/xampp/htdocs/HoneyBeeshop/vendor/laravel/framework/src/Illuminate/Pipeline/Pipeline.php(209): Illuminate/Http/Middleware/TrustProxies->handle(Object(Illuminate/Http/Request), Object(Closure))
#54 C:/xampp/htdocs/HoneyBeeshop/vendor/laravel/framework/src/Illuminate/Foundation/Http/Middleware/InvokeDeferredCallbacks.php(22): Illuminate/Pipeline/Pipeline->Illuminate/Pipeline/{closure}(Object(Illuminate/Http/Request))
#55 C:/xampp/htdocs/HoneyBeeshop/vendor/laravel/framework/src/Illuminate/Pipeline/Pipeline.php(209): Illuminate/Foundation/Http/Middleware/InvokeDeferredCallbacks->handle(Object(Illuminate/Http/Request), Object(Closure))
#56 C:/xampp/htdocs/HoneyBeeshop/vendor/laravel/framework/src/Illuminate/Pipeline/Pipeline.php(127): Illuminate/Pipeline/Pipeline->Illuminate/Pipeline/{closure}(Object(Illuminate/Http/Request))
#57 C:/xampp/htdocs/HoneyBeeshop/vendor/laravel/framework/src/Illuminate/Foundation/Http/Kernel.php(176): Illuminate/Pipeline/Pipeline->then(Object(Closure))
#58 C:/xampp/htdocs/HoneyBeeshop/vendor/laravel/framework/src/Illuminate/Foundation/Http/Kernel.php(145): Illuminate/Foundation/Http/Kernel->sendRequestThroughRouter(Object(Illuminate/Http/Request))
#59 C:/xampp/htdocs/HoneyBeeshop/vendor/laravel/framework/src/Illuminate/Foundation/Application.php(1220): Illuminate/Foundation/Http/Kernel->handle(Object(Illuminate/Http/Request))
#60 C:/xampp/htdocs/HoneyBeeshop/public/index.php(17): Illuminate/Foundation/Application->handleRequest(Object(Illuminate/Http/Request))
#61 C:/xampp/htdocs/HoneyBeeshop/vendor/laravel/framework/src/Illuminate/Foundation/resources/server.php(23): require_once('C://xampp//htdocs...')
#62 {main}

[previous exception] [object] (PDOException(code: 23000): SQLSTATE[23000]: Integrity constraint violation: 1452 Cannot add or update a child row: a foreign key constraint fails (`honeybeeshop`.`staff`, CONSTRAINT `staff_business_id_foreign` FOREIGN KEY (`business_id`) REFERENCES `businesses` (`business_id`) ON DELETE CASCADE) at C:/xampp/htdocs/HoneyBeeshop/vendor/laravel/framework/src/Illuminate/Database/MySqlConnection.php:53)
[stacktrace]
#0 C:/xampp/htdocs/HoneyBeeshop/vendor/laravel/framework/src/Illuminate/Database/MySqlConnection.php(53): PDOStatement->execute()
#1 C:/xampp/htdocs/HoneyBeeshop/vendor/laravel/framework/src/Illuminate/Database/Connection.php(812): Illuminate/Database/MySqlConnection->Illuminate/Database/{closure}('insert into `st...', Array)
#2 C:/xampp/htdocs/HoneyBeeshop/vendor/laravel/framework/src/Illuminate/Database/Connection.php(779): Illuminate/Database/Connection->runQueryCallback('insert into `st...', Array, Object(Closure))
#3 C:/xampp/htdocs/HoneyBeeshop/vendor/laravel/framework/src/Illuminate/Database/MySqlConnection.php(42): Illuminate/Database/Connection->run('insert into `st...', Array, Object(Closure))
#4 C:/xampp/htdocs/HoneyBeeshop/vendor/laravel/framework/src/Illuminate/Database/Query/Processors/MySqlProcessor.php(35): Illuminate/Database/MySqlConnection->insert('insert into `st...', Array, 'staff_id')
#5 C:/xampp/htdocs/HoneyBeeshop/vendor/laravel/framework/src/Illuminate/Database/Query/Builder.php(3766): Illuminate/Database/Query/Processors/MySqlProcessor->processInsertGetId(Object(Illuminate/Database/Query/Builder), 'insert into `st...', Array, 'staff_id')
#6 C:/xampp/htdocs/HoneyBeeshop/vendor/laravel/framework/src/Illuminate/Database/Eloquent/Builder.php(2120): Illuminate/Database/Query/Builder->insertGetId(Array, 'staff_id')
#7 C:/xampp/htdocs/HoneyBeeshop/vendor/laravel/framework/src/Illuminate/Database/Eloquent/Model.php(1359): Illuminate/Database/Eloquent/Builder->__call('insertGetId', Array)
#8 C:/xampp/htdocs/HoneyBeeshop/vendor/laravel/framework/src/Illuminate/Database/Eloquent/Model.php(1324): Illuminate/Database/Eloquent/Model->insertAndSetId(Object(Illuminate/Database/Eloquent/Builder), Array)
#9 C:/xampp/htdocs/HoneyBeeshop/vendor/laravel/framework/src/Illuminate/Database/Eloquent/Model.php(1163): Illuminate/Database/Eloquent/Model->performInsert(Object(Illuminate/Database/Eloquent/Builder))
#10 C:/xampp/htdocs/HoneyBeeshop/vendor/laravel/framework/src/Illuminate/Database/Eloquent/Builder.php(1128): Illuminate/Database/Eloquent/Model->save()
#11 C:/xampp/htdocs/HoneyBeeshop/vendor/laravel/framework/src/Illuminate/Support/helpers.php(399): Illuminate/Database/Eloquent/Builder->Illuminate/Database/Eloquent/{closure}(Object(App/Models/Staff))
#12 C:/xampp/htdocs/HoneyBeeshop/vendor/laravel/framework/src/Illuminate/Database/Eloquent/Builder.php(1127): tap(Object(App/Models/Staff), Object(Closure))
#13 C:/xampp/htdocs/HoneyBeeshop/vendor/laravel/framework/src/Illuminate/Support/Traits/ForwardsCalls.php(23): Illuminate/Database/Eloquent/Builder->create(Array)
#14 C:/xampp/htdocs/HoneyBeeshop/vendor/laravel/framework/src/Illuminate/Database/Eloquent/Model.php(2372): Illuminate/Database/Eloquent/Model->forwardCallTo(Object(Illuminate/Database/Eloquent/Builder), 'create', Array)
#15 C:/xampp/htdocs/HoneyBeeshop/vendor/laravel/framework/src/Illuminate/Database/Eloquent/Model.php(2384): Illuminate/Database/Eloquent/Model->__call('create', Array)
#16 C:/xampp/htdocs/HoneyBeeshop/app/Http/Controllers/Admin/StaffController.php(27): Illuminate/Database/Eloquent/Model::__callStatic('create', Array)
#17 C:/xampp/htdocs/HoneyBeeshop/vendor/laravel/framework/src/Illuminate/Routing/ControllerDispatcher.php(47): App/Http/Controllers/Admin/StaffController->store(Object(Illuminate/Http/Request))
#18 C:/xampp/htdocs/HoneyBeeshop/vendor/laravel/framework/src/Illuminate/Routing/Route.php(266): Illuminate/Routing/ControllerDispatcher->dispatch(Object(Illuminate/Routing/Route), Object(App/Http/Controllers/Admin/StaffController), 'store')
#19 C:/xampp/htdocs/HoneyBeeshop/vendor/laravel/framework/src/Illuminate/Routing/Route.php(212): Illuminate/Routing/Route->runController()
#20 C:/xampp/htdocs/HoneyBeeshop/vendor/laravel/framework/src/Illuminate/Routing/Router.php(808): Illuminate/Routing/Route->run()
#21 C:/xampp/htdocs/HoneyBeeshop/vendor/laravel/framework/src/Illuminate/Pipeline/Pipeline.php(170): Illuminate/Routing/Router->Illuminate/Routing/{closure}(Object(Illuminate/Http/Request))
#22 C:/xampp/htdocs/HoneyBeeshop/vendor/laravel/framework/src/Illuminate/Routing/Middleware/SubstituteBindings.php(51): Illuminate/Pipeline/Pipeline->Illuminate/Pipeline/{closure}(Object(Illuminate/Http/Request))
#23 C:/xampp/htdocs/HoneyBeeshop/vendor/laravel/framework/src/Illuminate/Pipeline/Pipeline.php(209): Illuminate/Routing/Middleware/SubstituteBindings->handle(Object(Illuminate/Http/Request), Object(Closure))
#24 C:/xampp/htdocs/HoneyBeeshop/vendor/laravel/framework/src/Illuminate/Foundation/Http/Middleware/VerifyCsrfToken.php(88): Illuminate/Pipeline/Pipeline->Illuminate/Pipeline/{closure}(Object(Illuminate/Http/Request))
#25 C:/xampp/htdocs/HoneyBeeshop/vendor/laravel/framework/src/Illuminate/Pipeline/Pipeline.php(209): Illuminate/Foundation/Http/Middleware/VerifyCsrfToken->handle(Object(Illuminate/Http/Request), Object(Closure))
#26 C:/xampp/htdocs/HoneyBeeshop/vendor/laravel/framework/src/Illuminate/View/Middleware/ShareErrorsFromSession.php(49): Illuminate/Pipeline/Pipeline->Illuminate/Pipeline/{closure}(Object(Illuminate/Http/Request))
#27 C:/xampp/htdocs/HoneyBeeshop/vendor/laravel/framework/src/Illuminate/Pipeline/Pipeline.php(209): Illuminate/View/Middleware/ShareErrorsFromSession->handle(Object(Illuminate/Http/Request), Object(Closure))
#28 C:/xampp/htdocs/HoneyBeeshop/vendor/laravel/framework/src/Illuminate/Session/Middleware/StartSession.php(121): Illuminate/Pipeline/Pipeline->Illuminate/Pipeline/{closure}(Object(Illuminate/Http/Request))
#29 C:/xampp/htdocs/HoneyBeeshop/vendor/laravel/framework/src/Illuminate/Session/Middleware/StartSession.php(64): Illuminate/Session/Middleware/StartSession->handleStatefulRequest(Object(Illuminate/Http/Request), Object(Illuminate/Session/Store), Object(Closure))
#30 C:/xampp/htdocs/HoneyBeeshop/vendor/laravel/framework/src/Illuminate/Pipeline/Pipeline.php(209): Illuminate/Session/Middleware/StartSession->handle(Object(Illuminate/Http/Request), Object(Closure))
#31 C:/xampp/htdocs/HoneyBeeshop/vendor/laravel/framework/src/Illuminate/Cookie/Middleware/AddQueuedCookiesToResponse.php(37): Illuminate/Pipeline/Pipeline->Illuminate/Pipeline/{closure}(Object(Illuminate/Http/Request))
#32 C:/xampp/htdocs/HoneyBeeshop/vendor/laravel/framework/src/Illuminate/Pipeline/Pipeline.php(209): Illuminate/Cookie/Middleware/AddQueuedCookiesToResponse->handle(Object(Illuminate/Http/Request), Object(Closure))
#33 C:/xampp/htdocs/HoneyBeeshop/vendor/laravel/framework/src/Illuminate/Cookie/Middleware/EncryptCookies.php(75): Illuminate/Pipeline/Pipeline->Illuminate/Pipeline/{closure}(Object(Illuminate/Http/Request))
#34 C:/xampp/htdocs/HoneyBeeshop/vendor/laravel/framework/src/Illuminate/Pipeline/Pipeline.php(209): Illuminate/Cookie/Middleware/EncryptCookies->handle(Object(Illuminate/Http/Request), Object(Closure))
#35 C:/xampp/htdocs/HoneyBeeshop/vendor/laravel/framework/src/Illuminate/Pipeline/Pipeline.php(127): Illuminate/Pipeline/Pipeline->Illuminate/Pipeline/{closure}(Object(Illuminate/Http/Request))
#36 C:/xampp/htdocs/HoneyBeeshop/vendor/laravel/framework/src/Illuminate/Routing/Router.php(807): Illuminate/Pipeline/Pipeline->then(Object(Closure))
#37 C:/xampp/htdocs/HoneyBeeshop/vendor/laravel/framework/src/Illuminate/Routing/Router.php(786): Illuminate/Routing/Router->runRouteWithinStack(Object(Illuminate/Routing/Route), Object(Illuminate/Http/Request))
#38 C:/xampp/htdocs/HoneyBeeshop/vendor/laravel/framework/src/Illuminate/Routing/Router.php(750): Illuminate/Routing/Router->runRoute(Object(Illuminate/Http/Request), Object(Illuminate/Routing/Route))
#39 C:/xampp/htdocs/HoneyBeeshop/vendor/laravel/framework/src/Illuminate/Routing/Router.php(739): Illuminate/Routing/Router->dispatchToRoute(Object(Illuminate/Http/Request))
#40 C:/xampp/htdocs/HoneyBeeshop/vendor/laravel/framework/src/Illuminate/Foundation/Http/Kernel.php(201): Illuminate/Routing/Router->dispatch(Object(Illuminate/Http/Request))
#41 C:/xampp/htdocs/HoneyBeeshop/vendor/laravel/framework/src/Illuminate/Pipeline/Pipeline.php(170): Illuminate/Foundation/Http/Kernel->Illuminate/Foundation/Http/{closure}(Object(Illuminate/Http/Request))
#42 C:/xampp/htdocs/HoneyBeeshop/vendor/laravel/framework/src/Illuminate/Foundation/Http/Middleware/TransformsRequest.php(21): Illuminate/Pipeline/Pipeline->Illuminate/Pipeline/{closure}(Object(Illuminate/Http/Request))
#43 C:/xampp/htdocs/HoneyBeeshop/vendor/laravel/framework/src/Illuminate/Foundation/Http/Middleware/ConvertEmptyStringsToNull.php(31): Illuminate/Foundation/Http/Middleware/TransformsRequest->handle(Object(Illuminate/Http/Request), Object(Closure))
#44 C:/xampp/htdocs/HoneyBeeshop/vendor/laravel/framework/src/Illuminate/Pipeline/Pipeline.php(209): Illuminate/Foundation/Http/Middleware/ConvertEmptyStringsToNull->handle(Object(Illuminate/Http/Request), Object(Closure))
#45 C:/xampp/htdocs/HoneyBeeshop/vendor/laravel/framework/src/Illuminate/Foundation/Http/Middleware/TransformsRequest.php(21): Illuminate/Pipeline/Pipeline->Illuminate/Pipeline/{closure}(Object(Illuminate/Http/Request))
#46 C:/xampp/htdocs/HoneyBeeshop/vendor/laravel/framework/src/Illuminate/Foundation/Http/Middleware/TrimStrings.php(51): Illuminate/Foundation/Http/Middleware/TransformsRequest->handle(Object(Illuminate/Http/Request), Object(Closure))
#47 C:/xampp/htdocs/HoneyBeeshop/vendor/laravel/framework/src/Illuminate/Pipeline/Pipeline.php(209): Illuminate/Foundation/Http/Middleware/TrimStrings->handle(Object(Illuminate/Http/Request), Object(Closure))
#48 C:/xampp/htdocs/HoneyBeeshop/vendor/laravel/framework/src/Illuminate/Http/Middleware/ValidatePostSize.php(27): Illuminate/Pipeline/Pipeline->Illuminate/Pipeline/{closure}(Object(Illuminate/Http/Request))
#49 C:/xampp/htdocs/HoneyBeeshop/vendor/laravel/framework/src/Illuminate/Pipeline/Pipeline.php(209): Illuminate/Http/Middleware/ValidatePostSize->handle(Object(Illuminate/Http/Request), Object(Closure))
#50 C:/xampp/htdocs/HoneyBeeshop/vendor/laravel/framework/src/Illuminate/Foundation/Http/Middleware/PreventRequestsDuringMaintenance.php(110): Illuminate/Pipeline/Pipeline->Illuminate/Pipeline/{closure}(Object(Illuminate/Http/Request))
#51 C:/xampp/htdocs/HoneyBeeshop/vendor/laravel/framework/src/Illuminate/Pipeline/Pipeline.php(209): Illuminate/Foundation/Http/Middleware/PreventRequestsDuringMaintenance->handle(Object(Illuminate/Http/Request), Object(Closure))
#52 C:/xampp/htdocs/HoneyBeeshop/vendor/laravel/framework/src/Illuminate/Http/Middleware/HandleCors.php(49): Illuminate/Pipeline/Pipeline->Illuminate/Pipeline/{closure}(Object(Illuminate/Http/Request))
#53 C:/xampp/htdocs/HoneyBeeshop/vendor/laravel/framework/src/Illuminate/Pipeline/Pipeline.php(209): Illuminate/Http/Middleware/HandleCors->handle(Object(Illuminate/Http/Request), Object(Closure))
#54 C:/xampp/htdocs/HoneyBeeshop/vendor/laravel/framework/src/Illuminate/Http/Middleware/TrustProxies.php(58): Illuminate/Pipeline/Pipeline->Illuminate/Pipeline/{closure}(Object(Illuminate/Http/Request))
#55 C:/xampp/htdocs/HoneyBeeshop/vendor/laravel/framework/src/Illuminate/Pipeline/Pipeline.php(209): Illuminate/Http/Middleware/TrustProxies->handle(Object(Illuminate/Http/Request), Object(Closure))
#56 C:/xampp/htdocs/HoneyBeeshop/vendor/laravel/framework/src/Illuminate/Foundation/Http/Middleware/InvokeDeferredCallbacks.php(22): Illuminate/Pipeline/Pipeline->Illuminate/Pipeline/{closure}(Object(Illuminate/Http/Request))
#57 C:/xampp/htdocs/HoneyBeeshop/vendor/laravel/framework/src/Illuminate/Pipeline/Pipeline.php(209): Illuminate/Foundation/Http/Middleware/InvokeDeferredCallbacks->handle(Object(Illuminate/Http/Request), Object(Closure))
#58 C:/xampp/htdocs/HoneyBeeshop/vendor/laravel/framework/src/Illuminate/Pipeline/Pipeline.php(127): Illuminate/Pipeline/Pipeline->Illuminate/Pipeline/{closure}(Object(Illuminate/Http/Request))
#59 C:/xampp/htdocs/HoneyBeeshop/vendor/laravel/framework/src/Illuminate/Foundation/Http/Kernel.php(176): Illuminate/Pipeline/Pipeline->then(Object(Closure))
#60 C:/xampp/htdocs/HoneyBeeshop/vendor/laravel/framework/src/Illuminate/Foundation/Http/Kernel.php(145): Illuminate/Foundation/Http/Kernel->sendRequestThroughRouter(Object(Illuminate/Http/Request))
#61 C:/xampp/htdocs/HoneyBeeshop/vendor/laravel/framework/src/Illuminate/Foundation/Application.php(1220): Illuminate/Foundation/Http/Kernel->handle(Object(Illuminate/Http/Request))
#62 C:/xampp/htdocs/HoneyBeeshop/public/index.php(17): Illuminate/Foundation/Application->handleRequest(Object(Illuminate/Http/Request))
#63 C:/xampp/htdocs/HoneyBeeshop/vendor/laravel/framework/src/Illuminate/Foundation/resources/server.php(23): require_once('C://xampp//htdocs...')
#64 {main}
"} 
[2026-06-22 16:06:18] local.ERROR: SQLSTATE[23000]: Integrity constraint violation: 1452 Cannot add or update a child row: a foreign key constraint fails (`honeybeeshop`.`staff`, CONSTRAINT `staff_business_id_foreign` FOREIGN KEY (`business_id`) REFERENCES `businesses` (`business_id`) ON DELETE CASCADE) (Connection: mysql, SQL: insert into `staff` (`business_id`, `full_name`, `role`, `email`, `phone`, `hire_date`, `updated_at`, `created_at`) values (1, Shakthitha Sivarajah, manager, sivarajahshakthitha25@gmail.com, 0707159988, 2026-06-22, 2026-06-22 16:06:18, 2026-06-22 16:06:18)) {"exception":"[object] (Illuminate\\Database\\QueryException(code: 23000): SQLSTATE[23000]: Integrity constraint violation: 1452 Cannot add or update a child row: a foreign key constraint fails (`honeybeeshop`.`staff`, CONSTRAINT `staff_business_id_foreign` FOREIGN KEY (`business_id`) REFERENCES `businesses` (`business_id`) ON DELETE CASCADE) (Connection: mysql, SQL: insert into `staff` (`business_id`, `full_name`, `role`, `email`, `phone`, `hire_date`, `updated_at`, `created_at`) values (1, Shakthitha Sivarajah, manager, sivarajahshakthitha25@gmail.com, 0707159988, 2026-06-22, 2026-06-22 16:06:18, 2026-06-22 16:06:18)) at C:/xampp/htdocs/HoneyBeeshop/vendor/laravel/framework/src/Illuminate/Database/Connection.php:825)
[stacktrace]
#0 C:/xampp/htdocs/HoneyBeeshop/vendor/laravel/framework/src/Illuminate/Database/Connection.php(779): Illuminate/Database/Connection->runQueryCallback('insert into `st...', Array, Object(Closure))
#1 C:/xampp/htdocs/HoneyBeeshop/vendor/laravel/framework/src/Illuminate/Database/MySqlConnection.php(42): Illuminate/Database/Connection->run('insert into `st...', Array, Object(Closure))
#2 C:/xampp/htdocs/HoneyBeeshop/vendor/laravel/framework/src/Illuminate/Database/Query/Processors/MySqlProcessor.php(35): Illuminate/Database/MySqlConnection->insert('insert into `st...', Array, 'staff_id')
#3 C:/xampp/htdocs/HoneyBeeshop/vendor/laravel/framework/src/Illuminate/Database/Query/Builder.php(3766): Illuminate/Database/Query/Processors/MySqlProcessor->processInsertGetId(Object(Illuminate/Database/Query/Builder), 'insert into `st...', Array, 'staff_id')
#4 C:/xampp/htdocs/HoneyBeeshop/vendor/laravel/framework/src/Illuminate/Database/Eloquent/Builder.php(2120): Illuminate/Database/Query/Builder->insertGetId(Array, 'staff_id')
#5 C:/xampp/htdocs/HoneyBeeshop/vendor/laravel/framework/src/Illuminate/Database/Eloquent/Model.php(1359): Illuminate/Database/Eloquent/Builder->__call('insertGetId', Array)
#6 C:/xampp/htdocs/HoneyBeeshop/vendor/laravel/framework/src/Illuminate/Database/Eloquent/Model.php(1324): Illuminate/Database/Eloquent/Model->insertAndSetId(Object(Illuminate/Database/Eloquent/Builder), Array)
#7 C:/xampp/htdocs/HoneyBeeshop/vendor/laravel/framework/src/Illuminate/Database/Eloquent/Model.php(1163): Illuminate/Database/Eloquent/Model->performInsert(Object(Illuminate/Database/Eloquent/Builder))
#8 C:/xampp/htdocs/HoneyBeeshop/vendor/laravel/framework/src/Illuminate/Database/Eloquent/Builder.php(1128): Illuminate/Database/Eloquent/Model->save()
#9 C:/xampp/htdocs/HoneyBeeshop/vendor/laravel/framework/src/Illuminate/Support/helpers.php(399): Illuminate/Database/Eloquent/Builder->Illuminate/Database/Eloquent/{closure}(Object(App/Models/Staff))
#10 C:/xampp/htdocs/HoneyBeeshop/vendor/laravel/framework/src/Illuminate/Database/Eloquent/Builder.php(1127): tap(Object(App/Models/Staff), Object(Closure))
#11 C:/xampp/htdocs/HoneyBeeshop/vendor/laravel/framework/src/Illuminate/Support/Traits/ForwardsCalls.php(23): Illuminate/Database/Eloquent/Builder->create(Array)
#12 C:/xampp/htdocs/HoneyBeeshop/vendor/laravel/framework/src/Illuminate/Database/Eloquent/Model.php(2372): Illuminate/Database/Eloquent/Model->forwardCallTo(Object(Illuminate/Database/Eloquent/Builder), 'create', Array)
#13 C:/xampp/htdocs/HoneyBeeshop/vendor/laravel/framework/src/Illuminate/Database/Eloquent/Model.php(2384): Illuminate/Database/Eloquent/Model->__call('create', Array)
#14 C:/xampp/htdocs/HoneyBeeshop/app/Http/Controllers/Admin/StaffController.php(27): Illuminate/Database/Eloquent/Model::__callStatic('create', Array)
#15 C:/xampp/htdocs/HoneyBeeshop/vendor/laravel/framework/src/Illuminate/Routing/ControllerDispatcher.php(47): App/Http/Controllers/Admin/StaffController->store(Object(Illuminate/Http/Request))
#16 C:/xampp/htdocs/HoneyBeeshop/vendor/laravel/framework/src/Illuminate/Routing/Route.php(266): Illuminate/Routing/ControllerDispatcher->dispatch(Object(Illuminate/Routing/Route), Object(App/Http/Controllers/Admin/StaffController), 'store')
#17 C:/xampp/htdocs/HoneyBeeshop/vendor/laravel/framework/src/Illuminate/Routing/Route.php(212): Illuminate/Routing/Route->runController()
#18 C:/xampp/htdocs/HoneyBeeshop/vendor/laravel/framework/src/Illuminate/Routing/Router.php(808): Illuminate/Routing/Route->run()
#19 C:/xampp/htdocs/HoneyBeeshop/vendor/laravel/framework/src/Illuminate/Pipeline/Pipeline.php(170): Illuminate/Routing/Router->Illuminate/Routing/{closure}(Object(Illuminate/Http/Request))
#20 C:/xampp/htdocs/HoneyBeeshop/vendor/laravel/framework/src/Illuminate/Routing/Middleware/SubstituteBindings.php(51): Illuminate/Pipeline/Pipeline->Illuminate/Pipeline/{closure}(Object(Illuminate/Http/Request))
#21 C:/xampp/htdocs/HoneyBeeshop/vendor/laravel/framework/src/Illuminate/Pipeline/Pipeline.php(209): Illuminate/Routing/Middleware/SubstituteBindings->handle(Object(Illuminate/Http/Request), Object(Closure))
#22 C:/xampp/htdocs/HoneyBeeshop/vendor/laravel/framework/src/Illuminate/Foundation/Http/Middleware/VerifyCsrfToken.php(88): Illuminate/Pipeline/Pipeline->Illuminate/Pipeline/{closure}(Object(Illuminate/Http/Request))
#23 C:/xampp/htdocs/HoneyBeeshop/vendor/laravel/framework/src/Illuminate/Pipeline/Pipeline.php(209): Illuminate/Foundation/Http/Middleware/VerifyCsrfToken->handle(Object(Illuminate/Http/Request), Object(Closure))
#24 C:/xampp/htdocs/HoneyBeeshop/vendor/laravel/framework/src/Illuminate/View/Middleware/ShareErrorsFromSession.php(49): Illuminate/Pipeline/Pipeline->Illuminate/Pipeline/{closure}(Object(Illuminate/Http/Request))
#25 C:/xampp/htdocs/HoneyBeeshop/vendor/laravel/framework/src/Illuminate/Pipeline/Pipeline.php(209): Illuminate/View/Middleware/ShareErrorsFromSession->handle(Object(Illuminate/Http/Request), Object(Closure))
#26 C:/xampp/htdocs/HoneyBeeshop/vendor/laravel/framework/src/Illuminate/Session/Middleware/StartSession.php(121): Illuminate/Pipeline/Pipeline->Illuminate/Pipeline/{closure}(Object(Illuminate/Http/Request))
#27 C:/xampp/htdocs/HoneyBeeshop/vendor/laravel/framework/src/Illuminate/Session/Middleware/StartSession.php(64): Illuminate/Session/Middleware/StartSession->handleStatefulRequest(Object(Illuminate/Http/Request), Object(Illuminate/Session/Store), Object(Closure))
#28 C:/xampp/htdocs/HoneyBeeshop/vendor/laravel/framework/src/Illuminate/Pipeline/Pipeline.php(209): Illuminate/Session/Middleware/StartSession->handle(Object(Illuminate/Http/Request), Object(Closure))
#29 C:/xampp/htdocs/HoneyBeeshop/vendor/laravel/framework/src/Illuminate/Cookie/Middleware/AddQueuedCookiesToResponse.php(37): Illuminate/Pipeline/Pipeline->Illuminate/Pipeline/{closure}(Object(Illuminate/Http/Request))
#30 C:/xampp/htdocs/HoneyBeeshop/vendor/laravel/framework/src/Illuminate/Pipeline/Pipeline.php(209): Illuminate/Cookie/Middleware/AddQueuedCookiesToResponse->handle(Object(Illuminate/Http/Request), Object(Closure))
#31 C:/xampp/htdocs/HoneyBeeshop/vendor/laravel/framework/src/Illuminate/Cookie/Middleware/EncryptCookies.php(75): Illuminate/Pipeline/Pipeline->Illuminate/Pipeline/{closure}(Object(Illuminate/Http/Request))
#32 C:/xampp/htdocs/HoneyBeeshop/vendor/laravel/framework/src/Illuminate/Pipeline/Pipeline.php(209): Illuminate/Cookie/Middleware/EncryptCookies->handle(Object(Illuminate/Http/Request), Object(Closure))
#33 C:/xampp/htdocs/HoneyBeeshop/vendor/laravel/framework/src/Illuminate/Pipeline/Pipeline.php(127): Illuminate/Pipeline/Pipeline->Illuminate/Pipeline/{closure}(Object(Illuminate/Http/Request))
#34 C:/xampp/htdocs/HoneyBeeshop/vendor/laravel/framework/src/Illuminate/Routing/Router.php(807): Illuminate/Pipeline/Pipeline->then(Object(Closure))
#35 C:/xampp/htdocs/HoneyBeeshop/vendor/laravel/framework/src/Illuminate/Routing/Router.php(786): Illuminate/Routing/Router->runRouteWithinStack(Object(Illuminate/Routing/Route), Object(Illuminate/Http/Request))
#36 C:/xampp/htdocs/HoneyBeeshop/vendor/laravel/framework/src/Illuminate/Routing/Router.php(750): Illuminate/Routing/Router->runRoute(Object(Illuminate/Http/Request), Object(Illuminate/Routing/Route))
#37 C:/xampp/htdocs/HoneyBeeshop/vendor/laravel/framework/src/Illuminate/Routing/Router.php(739): Illuminate/Routing/Router->dispatchToRoute(Object(Illuminate/Http/Request))
#38 C:/xampp/htdocs/HoneyBeeshop/vendor/laravel/framework/src/Illuminate/Foundation/Http/Kernel.php(201): Illuminate/Routing/Router->dispatch(Object(Illuminate/Http/Request))
#39 C:/xampp/htdocs/HoneyBeeshop/vendor/laravel/framework/src/Illuminate/Pipeline/Pipeline.php(170): Illuminate/Foundation/Http/Kernel->Illuminate/Foundation/Http/{closure}(Object(Illuminate/Http/Request))
#40 C:/xampp/htdocs/HoneyBeeshop/vendor/laravel/framework/src/Illuminate/Foundation/Http/Middleware/TransformsRequest.php(21): Illuminate/Pipeline/Pipeline->Illuminate/Pipeline/{closure}(Object(Illuminate/Http/Request))
#41 C:/xampp/htdocs/HoneyBeeshop/vendor/laravel/framework/src/Illuminate/Foundation/Http/Middleware/ConvertEmptyStringsToNull.php(31): Illuminate/Foundation/Http/Middleware/TransformsRequest->handle(Object(Illuminate/Http/Request), Object(Closure))
#42 C:/xampp/htdocs/HoneyBeeshop/vendor/laravel/framework/src/Illuminate/Pipeline/Pipeline.php(209): Illuminate/Foundation/Http/Middleware/ConvertEmptyStringsToNull->handle(Object(Illuminate/Http/Request), Object(Closure))
#43 C:/xampp/htdocs/HoneyBeeshop/vendor/laravel/framework/src/Illuminate/Foundation/Http/Middleware/TransformsRequest.php(21): Illuminate/Pipeline/Pipeline->Illuminate/Pipeline/{closure}(Object(Illuminate/Http/Request))
#44 C:/xampp/htdocs/HoneyBeeshop/vendor/laravel/framework/src/Illuminate/Foundation/Http/Middleware/TrimStrings.php(51): Illuminate/Foundation/Http/Middleware/TransformsRequest->handle(Object(Illuminate/Http/Request), Object(Closure))
#45 C:/xampp/htdocs/HoneyBeeshop/vendor/laravel/framework/src/Illuminate/Pipeline/Pipeline.php(209): Illuminate/Foundation/Http/Middleware/TrimStrings->handle(Object(Illuminate/Http/Request), Object(Closure))
#46 C:/xampp/htdocs/HoneyBeeshop/vendor/laravel/framework/src/Illuminate/Http/Middleware/ValidatePostSize.php(27): Illuminate/Pipeline/Pipeline->Illuminate/Pipeline/{closure}(Object(Illuminate/Http/Request))
#47 C:/xampp/htdocs/HoneyBeeshop/vendor/laravel/framework/src/Illuminate/Pipeline/Pipeline.php(209): Illuminate/Http/Middleware/ValidatePostSize->handle(Object(Illuminate/Http/Request), Object(Closure))
#48 C:/xampp/htdocs/HoneyBeeshop/vendor/laravel/framework/src/Illuminate/Foundation/Http/Middleware/PreventRequestsDuringMaintenance.php(110): Illuminate/Pipeline/Pipeline->Illuminate/Pipeline/{closure}(Object(Illuminate/Http/Request))
#49 C:/xampp/htdocs/HoneyBeeshop/vendor/laravel/framework/src/Illuminate/Pipeline/Pipeline.php(209): Illuminate/Foundation/Http/Middleware/PreventRequestsDuringMaintenance->handle(Object(Illuminate/Http/Request), Object(Closure))
#50 C:/xampp/htdocs/HoneyBeeshop/vendor/laravel/framework/src/Illuminate/Http/Middleware/HandleCors.php(49): Illuminate/Pipeline/Pipeline->Illuminate/Pipeline/{closure}(Object(Illuminate/Http/Request))
#51 C:/xampp/htdocs/HoneyBeeshop/vendor/laravel/framework/src/Illuminate/Pipeline/Pipeline.php(209): Illuminate/Http/Middleware/HandleCors->handle(Object(Illuminate/Http/Request), Object(Closure))
#52 C:/xampp/htdocs/HoneyBeeshop/vendor/laravel/framework/src/Illuminate/Http/Middleware/TrustProxies.php(58): Illuminate/Pipeline/Pipeline->Illuminate/Pipeline/{closure}(Object(Illuminate/Http/Request))
#53 C:/xampp/htdocs/HoneyBeeshop/vendor/laravel/framework/src/Illuminate/Pipeline/Pipeline.php(209): Illuminate/Http/Middleware/TrustProxies->handle(Object(Illuminate/Http/Request), Object(Closure))
#54 C:/xampp/htdocs/HoneyBeeshop/vendor/laravel/framework/src/Illuminate/Foundation/Http/Middleware/InvokeDeferredCallbacks.php(22): Illuminate/Pipeline/Pipeline->Illuminate/Pipeline/{closure}(Object(Illuminate/Http/Request))
#55 C:/xampp/htdocs/HoneyBeeshop/vendor/laravel/framework/src/Illuminate/Pipeline/Pipeline.php(209): Illuminate/Foundation/Http/Middleware/InvokeDeferredCallbacks->handle(Object(Illuminate/Http/Request), Object(Closure))
#56 C:/xampp/htdocs/HoneyBeeshop/vendor/laravel/framework/src/Illuminate/Pipeline/Pipeline.php(127): Illuminate/Pipeline/Pipeline->Illuminate/Pipeline/{closure}(Object(Illuminate/Http/Request))
#57 C:/xampp/htdocs/HoneyBeeshop/vendor/laravel/framework/src/Illuminate/Foundation/Http/Kernel.php(176): Illuminate/Pipeline/Pipeline->then(Object(Closure))
#58 C:/xampp/htdocs/HoneyBeeshop/vendor/laravel/framework/src/Illuminate/Foundation/Http/Kernel.php(145): Illuminate/Foundation/Http/Kernel->sendRequestThroughRouter(Object(Illuminate/Http/Request))
#59 C:/xampp/htdocs/HoneyBeeshop/vendor/laravel/framework/src/Illuminate/Foundation/Application.php(1220): Illuminate/Foundation/Http/Kernel->handle(Object(Illuminate/Http/Request))
#60 C:/xampp/htdocs/HoneyBeeshop/public/index.php(17): Illuminate/Foundation/Application->handleRequest(Object(Illuminate/Http/Request))
#61 C:/xampp/htdocs/HoneyBeeshop/vendor/laravel/framework/src/Illuminate/Foundation/resources/server.php(23): require_once('C://xampp//htdocs...')
#62 {main}

[previous exception] [object] (PDOException(code: 23000): SQLSTATE[23000]: Integrity constraint violation: 1452 Cannot add or update a child row: a foreign key constraint fails (`honeybeeshop`.`staff`, CONSTRAINT `staff_business_id_foreign` FOREIGN KEY (`business_id`) REFERENCES `businesses` (`business_id`) ON DELETE CASCADE) at C:/xampp/htdocs/HoneyBeeshop/vendor/laravel/framework/src/Illuminate/Database/MySqlConnection.php:53)
[stacktrace]
#0 C:/xampp/htdocs/HoneyBeeshop/vendor/laravel/framework/src/Illuminate/Database/MySqlConnection.php(53): PDOStatement->execute()
#1 C:/xampp/htdocs/HoneyBeeshop/vendor/laravel/framework/src/Illuminate/Database/Connection.php(812): Illuminate/Database/MySqlConnection->Illuminate/Database/{closure}('insert into `st...', Array)
#2 C:/xampp/htdocs/HoneyBeeshop/vendor/laravel/framework/src/Illuminate/Database/Connection.php(779): Illuminate/Database/Connection->runQueryCallback('insert into `st...', Array, Object(Closure))
#3 C:/xampp/htdocs/HoneyBeeshop/vendor/laravel/framework/src/Illuminate/Database/MySqlConnection.php(42): Illuminate/Database/Connection->run('insert into `st...', Array, Object(Closure))
#4 C:/xampp/htdocs/HoneyBeeshop/vendor/laravel/framework/src/Illuminate/Database/Query/Processors/MySqlProcessor.php(35): Illuminate/Database/MySqlConnection->insert('insert into `st...', Array, 'staff_id')
#5 C:/xampp/htdocs/HoneyBeeshop/vendor/laravel/framework/src/Illuminate/Database/Query/Builder.php(3766): Illuminate/Database/Query/Processors/MySqlProcessor->processInsertGetId(Object(Illuminate/Database/Query/Builder), 'insert into `st...', Array, 'staff_id')
#6 C:/xampp/htdocs/HoneyBeeshop/vendor/laravel/framework/src/Illuminate/Database/Eloquent/Builder.php(2120): Illuminate/Database/Query/Builder->insertGetId(Array, 'staff_id')
#7 C:/xampp/htdocs/HoneyBeeshop/vendor/laravel/framework/src/Illuminate/Database/Eloquent/Model.php(1359): Illuminate/Database/Eloquent/Builder->__call('insertGetId', Array)
#8 C:/xampp/htdocs/HoneyBeeshop/vendor/laravel/framework/src/Illuminate/Database/Eloquent/Model.php(1324): Illuminate/Database/Eloquent/Model->insertAndSetId(Object(Illuminate/Database/Eloquent/Builder), Array)
#9 C:/xampp/htdocs/HoneyBeeshop/vendor/laravel/framework/src/Illuminate/Database/Eloquent/Model.php(1163): Illuminate/Database/Eloquent/Model->performInsert(Object(Illuminate/Database/Eloquent/Builder))
#10 C:/xampp/htdocs/HoneyBeeshop/vendor/laravel/framework/src/Illuminate/Database/Eloquent/Builder.php(1128): Illuminate/Database/Eloquent/Model->save()
#11 C:/xampp/htdocs/HoneyBeeshop/vendor/laravel/framework/src/Illuminate/Support/helpers.php(399): Illuminate/Database/Eloquent/Builder->Illuminate/Database/Eloquent/{closure}(Object(App/Models/Staff))
#12 C:/xampp/htdocs/HoneyBeeshop/vendor/laravel/framework/src/Illuminate/Database/Eloquent/Builder.php(1127): tap(Object(App/Models/Staff), Object(Closure))
#13 C:/xampp/htdocs/HoneyBeeshop/vendor/laravel/framework/src/Illuminate/Support/Traits/ForwardsCalls.php(23): Illuminate/Database/Eloquent/Builder->create(Array)
#14 C:/xampp/htdocs/HoneyBeeshop/vendor/laravel/framework/src/Illuminate/Database/Eloquent/Model.php(2372): Illuminate/Database/Eloquent/Model->forwardCallTo(Object(Illuminate/Database/Eloquent/Builder), 'create', Array)
#15 C:/xampp/htdocs/HoneyBeeshop/vendor/laravel/framework/src/Illuminate/Database/Eloquent/Model.php(2384): Illuminate/Database/Eloquent/Model->__call('create', Array)
#16 C:/xampp/htdocs/HoneyBeeshop/app/Http/Controllers/Admin/StaffController.php(27): Illuminate/Database/Eloquent/Model::__callStatic('create', Array)
#17 C:/xampp/htdocs/HoneyBeeshop/vendor/laravel/framework/src/Illuminate/Routing/ControllerDispatcher.php(47): App/Http/Controllers/Admin/StaffController->store(Object(Illuminate/Http/Request))
#18 C:/xampp/htdocs/HoneyBeeshop/vendor/laravel/framework/src/Illuminate/Routing/Route.php(266): Illuminate/Routing/ControllerDispatcher->dispatch(Object(Illuminate/Routing/Route), Object(App/Http/Controllers/Admin/StaffController), 'store')
#19 C:/xampp/htdocs/HoneyBeeshop/vendor/laravel/framework/src/Illuminate/Routing/Route.php(212): Illuminate/Routing/Route->runController()
#20 C:/xampp/htdocs/HoneyBeeshop/vendor/laravel/framework/src/Illuminate/Routing/Router.php(808): Illuminate/Routing/Route->run()
#21 C:/xampp/htdocs/HoneyBeeshop/vendor/laravel/framework/src/Illuminate/Pipeline/Pipeline.php(170): Illuminate/Routing/Router->Illuminate/Routing/{closure}(Object(Illuminate/Http/Request))
#22 C:/xampp/htdocs/HoneyBeeshop/vendor/laravel/framework/src/Illuminate/Routing/Middleware/SubstituteBindings.php(51): Illuminate/Pipeline/Pipeline->Illuminate/Pipeline/{closure}(Object(Illuminate/Http/Request))
#23 C:/xampp/htdocs/HoneyBeeshop/vendor/laravel/framework/src/Illuminate/Pipeline/Pipeline.php(209): Illuminate/Routing/Middleware/SubstituteBindings->handle(Object(Illuminate/Http/Request), Object(Closure))
#24 C:/xampp/htdocs/HoneyBeeshop/vendor/laravel/framework/src/Illuminate/Foundation/Http/Middleware/VerifyCsrfToken.php(88): Illuminate/Pipeline/Pipeline->Illuminate/Pipeline/{closure}(Object(Illuminate/Http/Request))
#25 C:/xampp/htdocs/HoneyBeeshop/vendor/laravel/framework/src/Illuminate/Pipeline/Pipeline.php(209): Illuminate/Foundation/Http/Middleware/VerifyCsrfToken->handle(Object(Illuminate/Http/Request), Object(Closure))
#26 C:/xampp/htdocs/HoneyBeeshop/vendor/laravel/framework/src/Illuminate/View/Middleware/ShareErrorsFromSession.php(49): Illuminate/Pipeline/Pipeline->Illuminate/Pipeline/{closure}(Object(Illuminate/Http/Request))
#27 C:/xampp/htdocs/HoneyBeeshop/vendor/laravel/framework/src/Illuminate/Pipeline/Pipeline.php(209): Illuminate/View/Middleware/ShareErrorsFromSession->handle(Object(Illuminate/Http/Request), Object(Closure))
#28 C:/xampp/htdocs/HoneyBeeshop/vendor/laravel/framework/src/Illuminate/Session/Middleware/StartSession.php(121): Illuminate/Pipeline/Pipeline->Illuminate/Pipeline/{closure}(Object(Illuminate/Http/Request))
#29 C:/xampp/htdocs/HoneyBeeshop/vendor/laravel/framework/src/Illuminate/Session/Middleware/StartSession.php(64): Illuminate/Session/Middleware/StartSession->handleStatefulRequest(Object(Illuminate/Http/Request), Object(Illuminate/Session/Store), Object(Closure))
#30 C:/xampp/htdocs/HoneyBeeshop/vendor/laravel/framework/src/Illuminate/Pipeline/Pipeline.php(209): Illuminate/Session/Middleware/StartSession->handle(Object(Illuminate/Http/Request), Object(Closure))
#31 C:/xampp/htdocs/HoneyBeeshop/vendor/laravel/framework/src/Illuminate/Cookie/Middleware/AddQueuedCookiesToResponse.php(37): Illuminate/Pipeline/Pipeline->Illuminate/Pipeline/{closure}(Object(Illuminate/Http/Request))
#32 C:/xampp/htdocs/HoneyBeeshop/vendor/laravel/framework/src/Illuminate/Pipeline/Pipeline.php(209): Illuminate/Cookie/Middleware/AddQueuedCookiesToResponse->handle(Object(Illuminate/Http/Request), Object(Closure))
#33 C:/xampp/htdocs/HoneyBeeshop/vendor/laravel/framework/src/Illuminate/Cookie/Middleware/EncryptCookies.php(75): Illuminate/Pipeline/Pipeline->Illuminate/Pipeline/{closure}(Object(Illuminate/Http/Request))
#34 C:/xampp/htdocs/HoneyBeeshop/vendor/laravel/framework/src/Illuminate/Pipeline/Pipeline.php(209): Illuminate/Cookie/Middleware/EncryptCookies->handle(Object(Illuminate/Http/Request), Object(Closure))
#35 C:/xampp/htdocs/HoneyBeeshop/vendor/laravel/framework/src/Illuminate/Pipeline/Pipeline.php(127): Illuminate/Pipeline/Pipeline->Illuminate/Pipeline/{closure}(Object(Illuminate/Http/Request))
#36 C:/xampp/htdocs/HoneyBeeshop/vendor/laravel/framework/src/Illuminate/Routing/Router.php(807): Illuminate/Pipeline/Pipeline->then(Object(Closure))
#37 C:/xampp/htdocs/HoneyBeeshop/vendor/laravel/framework/src/Illuminate/Routing/Router.php(786): Illuminate/Routing/Router->runRouteWithinStack(Object(Illuminate/Routing/Route), Object(Illuminate/Http/Request))
#38 C:/xampp/htdocs/HoneyBeeshop/vendor/laravel/framework/src/Illuminate/Routing/Router.php(750): Illuminate/Routing/Router->runRoute(Object(Illuminate/Http/Request), Object(Illuminate/Routing/Route))
#39 C:/xampp/htdocs/HoneyBeeshop/vendor/laravel/framework/src/Illuminate/Routing/Router.php(739): Illuminate/Routing/Router->dispatchToRoute(Object(Illuminate/Http/Request))
#40 C:/xampp/htdocs/HoneyBeeshop/vendor/laravel/framework/src/Illuminate/Foundation/Http/Kernel.php(201): Illuminate/Routing/Router->dispatch(Object(Illuminate/Http/Request))
#41 C:/xampp/htdocs/HoneyBeeshop/vendor/laravel/framework/src/Illuminate/Pipeline/Pipeline.php(170): Illuminate/Foundation/Http/Kernel->Illuminate/Foundation/Http/{closure}(Object(Illuminate/Http/Request))
#42 C:/xampp/htdocs/HoneyBeeshop/vendor/laravel/framework/src/Illuminate/Foundation/Http/Middleware/TransformsRequest.php(21): Illuminate/Pipeline/Pipeline->Illuminate/Pipeline/{closure}(Object(Illuminate/Http/Request))
#43 C:/xampp/htdocs/HoneyBeeshop/vendor/laravel/framework/src/Illuminate/Foundation/Http/Middleware/ConvertEmptyStringsToNull.php(31): Illuminate/Foundation/Http/Middleware/TransformsRequest->handle(Object(Illuminate/Http/Request), Object(Closure))
#44 C:/xampp/htdocs/HoneyBeeshop/vendor/laravel/framework/src/Illuminate/Pipeline/Pipeline.php(209): Illuminate/Foundation/Http/Middleware/ConvertEmptyStringsToNull->handle(Object(Illuminate/Http/Request), Object(Closure))
#45 C:/xampp/htdocs/HoneyBeeshop/vendor/laravel/framework/src/Illuminate/Foundation/Http/Middleware/TransformsRequest.php(21): Illuminate/Pipeline/Pipeline->Illuminate/Pipeline/{closure}(Object(Illuminate/Http/Request))
#46 C:/xampp/htdocs/HoneyBeeshop/vendor/laravel/framework/src/Illuminate/Foundation/Http/Middleware/TrimStrings.php(51): Illuminate/Foundation/Http/Middleware/TransformsRequest->handle(Object(Illuminate/Http/Request), Object(Closure))
#47 C:/xampp/htdocs/HoneyBeeshop/vendor/laravel/framework/src/Illuminate/Pipeline/Pipeline.php(209): Illuminate/Foundation/Http/Middleware/TrimStrings->handle(Object(Illuminate/Http/Request), Object(Closure))
#48 C:/xampp/htdocs/HoneyBeeshop/vendor/laravel/framework/src/Illuminate/Http/Middleware/ValidatePostSize.php(27): Illuminate/Pipeline/Pipeline->Illuminate/Pipeline/{closure}(Object(Illuminate/Http/Request))
#49 C:/xampp/htdocs/HoneyBeeshop/vendor/laravel/framework/src/Illuminate/Pipeline/Pipeline.php(209): Illuminate/Http/Middleware/ValidatePostSize->handle(Object(Illuminate/Http/Request), Object(Closure))
#50 C:/xampp/htdocs/HoneyBeeshop/vendor/laravel/framework/src/Illuminate/Foundation/Http/Middleware/PreventRequestsDuringMaintenance.php(110): Illuminate/Pipeline/Pipeline->Illuminate/Pipeline/{closure}(Object(Illuminate/Http/Request))
#51 C:/xampp/htdocs/HoneyBeeshop/vendor/laravel/framework/src/Illuminate/Pipeline/Pipeline.php(209): Illuminate/Foundation/Http/Middleware/PreventRequestsDuringMaintenance->handle(Object(Illuminate/Http/Request), Object(Closure))
#52 C:/xampp/htdocs/HoneyBeeshop/vendor/laravel/framework/src/Illuminate/Http/Middleware/HandleCors.php(49): Illuminate/Pipeline/Pipeline->Illuminate/Pipeline/{closure}(Object(Illuminate/Http/Request))
#53 C:/xampp/htdocs/HoneyBeeshop/vendor/laravel/framework/src/Illuminate/Pipeline/Pipeline.php(209): Illuminate/Http/Middleware/HandleCors->handle(Object(Illuminate/Http/Request), Object(Closure))
#54 C:/xampp/htdocs/HoneyBeeshop/vendor/laravel/framework/src/Illuminate/Http/Middleware/TrustProxies.php(58): Illuminate/Pipeline/Pipeline->Illuminate/Pipeline/{closure}(Object(Illuminate/Http/Request))
#55 C:/xampp/htdocs/HoneyBeeshop/vendor/laravel/framework/src/Illuminate/Pipeline/Pipeline.php(209): Illuminate/Http/Middleware/TrustProxies->handle(Object(Illuminate/Http/Request), Object(Closure))
#56 C:/xampp/htdocs/HoneyBeeshop/vendor/laravel/framework/src/Illuminate/Foundation/Http/Middleware/InvokeDeferredCallbacks.php(22): Illuminate/Pipeline/Pipeline->Illuminate/Pipeline/{closure}(Object(Illuminate/Http/Request))
#57 C:/xampp/htdocs/HoneyBeeshop/vendor/laravel/framework/src/Illuminate/Pipeline/Pipeline.php(209): Illuminate/Foundation/Http/Middleware/InvokeDeferredCallbacks->handle(Object(Illuminate/Http/Request), Object(Closure))
#58 C:/xampp/htdocs/HoneyBeeshop/vendor/laravel/framework/src/Illuminate/Pipeline/Pipeline.php(127): Illuminate/Pipeline/Pipeline->Illuminate/Pipeline/{closure}(Object(Illuminate/Http/Request))
#59 C:/xampp/htdocs/HoneyBeeshop/vendor/laravel/framework/src/Illuminate/Foundation/Http/Kernel.php(176): Illuminate/Pipeline/Pipeline->then(Object(Closure))
#60 C:/xampp/htdocs/HoneyBeeshop/vendor/laravel/framework/src/Illuminate/Foundation/Http/Kernel.php(145): Illuminate/Foundation/Http/Kernel->sendRequestThroughRouter(Object(Illuminate/Http/Request))
#61 C:/xampp/htdocs/HoneyBeeshop/vendor/laravel/framework/src/Illuminate/Foundation/Application.php(1220): Illuminate/Foundation/Http/Kernel->handle(Object(Illuminate/Http/Request))
#62 C:/xampp/htdocs/HoneyBeeshop/public/index.php(17): Illuminate/Foundation/Application->handleRequest(Object(Illuminate/Http/Request))
#63 C:/xampp/htdocs/HoneyBeeshop/vendor/laravel/framework/src/Illuminate/Foundation/resources/server.php(23): require_once('C://xampp//htdocs...')
#64 {main}
"} 
[2026-06-22 16:58:46] local.ERROR: Call to undefined method App\Http\Controllers\ServiceController::index() {"exception":"[object] (Error(code: 0): Call to undefined method App\\Http\\Controllers\\ServiceController::index() at C:/xampp/htdocs/HoneyBeeshop/vendor/laravel/framework/src/Illuminate/Routing/ControllerDispatcher.php:47)
[stacktrace]
#0 C:/xampp/htdocs/HoneyBeeshop/vendor/laravel/framework/src/Illuminate/Routing/Route.php(266): Illuminate/Routing/ControllerDispatcher->dispatch(Object(Illuminate/Routing/Route), Object(App/Http/Controllers/ServiceController), 'index')
#1 C:/xampp/htdocs/HoneyBeeshop/vendor/laravel/framework/src/Illuminate/Routing/Route.php(212): Illuminate/Routing/Route->runController()
#2 C:/xampp/htdocs/HoneyBeeshop/vendor/laravel/framework/src/Illuminate/Routing/Router.php(808): Illuminate/Routing/Route->run()
#3 C:/xampp/htdocs/HoneyBeeshop/vendor/laravel/framework/src/Illuminate/Pipeline/Pipeline.php(170): Illuminate/Routing/Router->Illuminate/Routing/{closure}(Object(Illuminate/Http/Request))
#4 C:/xampp/htdocs/HoneyBeeshop/vendor/laravel/framework/src/Illuminate/Routing/Middleware/SubstituteBindings.php(51): Illuminate/Pipeline/Pipeline->Illuminate/Pipeline/{closure}(Object(Illuminate/Http/Request))
#5 C:/xampp/htdocs/HoneyBeeshop/vendor/laravel/framework/src/Illuminate/Pipeline/Pipeline.php(209): Illuminate/Routing/Middleware/SubstituteBindings->handle(Object(Illuminate/Http/Request), Object(Closure))
#6 C:/xampp/htdocs/HoneyBeeshop/vendor/laravel/framework/src/Illuminate/Foundation/Http/Middleware/VerifyCsrfToken.php(88): Illuminate/Pipeline/Pipeline->Illuminate/Pipeline/{closure}(Object(Illuminate/Http/Request))
#7 C:/xampp/htdocs/HoneyBeeshop/vendor/laravel/framework/src/Illuminate/Pipeline/Pipeline.php(209): Illuminate/Foundation/Http/Middleware/VerifyCsrfToken->handle(Object(Illuminate/Http/Request), Object(Closure))
#8 C:/xampp/htdocs/HoneyBeeshop/vendor/laravel/framework/src/Illuminate/View/Middleware/ShareErrorsFromSession.php(49): Illuminate/Pipeline/Pipeline->Illuminate/Pipeline/{closure}(Object(Illuminate/Http/Request))
#9 C:/xampp/htdocs/HoneyBeeshop/vendor/laravel/framework/src/Illuminate/Pipeline/Pipeline.php(209): Illuminate/View/Middleware/ShareErrorsFromSession->handle(Object(Illuminate/Http/Request), Object(Closure))
#10 C:/xampp/htdocs/HoneyBeeshop/vendor/laravel/framework/src/Illuminate/Session/Middleware/StartSession.php(121): Illuminate/Pipeline/Pipeline->Illuminate/Pipeline/{closure}(Object(Illuminate/Http/Request))
#11 C:/xampp/htdocs/HoneyBeeshop/vendor/laravel/framework/src/Illuminate/Session/Middleware/StartSession.php(64): Illuminate/Session/Middleware/StartSession->handleStatefulRequest(Object(Illuminate/Http/Request), Object(Illuminate/Session/Store), Object(Closure))
#12 C:/xampp/htdocs/HoneyBeeshop/vendor/laravel/framework/src/Illuminate/Pipeline/Pipeline.php(209): Illuminate/Session/Middleware/StartSession->handle(Object(Illuminate/Http/Request), Object(Closure))
#13 C:/xampp/htdocs/HoneyBeeshop/vendor/laravel/framework/src/Illuminate/Cookie/Middleware/AddQueuedCookiesToResponse.php(37): Illuminate/Pipeline/Pipeline->Illuminate/Pipeline/{closure}(Object(Illuminate/Http/Request))
#14 C:/xampp/htdocs/HoneyBeeshop/vendor/laravel/framework/src/Illuminate/Pipeline/Pipeline.php(209): Illuminate/Cookie/Middleware/AddQueuedCookiesToResponse->handle(Object(Illuminate/Http/Request), Object(Closure))
#15 C:/xampp/htdocs/HoneyBeeshop/vendor/laravel/framework/src/Illuminate/Cookie/Middleware/EncryptCookies.php(75): Illuminate/Pipeline/Pipeline->Illuminate/Pipeline/{closure}(Object(Illuminate/Http/Request))
#16 C:/xampp/htdocs/HoneyBeeshop/vendor/laravel/framework/src/Illuminate/Pipeline/Pipeline.php(209): Illuminate/Cookie/Middleware/EncryptCookies->handle(Object(Illuminate/Http/Request), Object(Closure))
#17 C:/xampp/htdocs/HoneyBeeshop/vendor/laravel/framework/src/Illuminate/Pipeline/Pipeline.php(127): Illuminate/Pipeline/Pipeline->Illuminate/Pipeline/{closure}(Object(Illuminate/Http/Request))
#18 C:/xampp/htdocs/HoneyBeeshop/vendor/laravel/framework/src/Illuminate/Routing/Router.php(807): Illuminate/Pipeline/Pipeline->then(Object(Closure))
#19 C:/xampp/htdocs/HoneyBeeshop/vendor/laravel/framework/src/Illuminate/Routing/Router.php(786): Illuminate/Routing/Router->runRouteWithinStack(Object(Illuminate/Routing/Route), Object(Illuminate/Http/Request))
#20 C:/xampp/htdocs/HoneyBeeshop/vendor/laravel/framework/src/Illuminate/Routing/Router.php(750): Illuminate/Routing/Router->runRoute(Object(Illuminate/Http/Request), Object(Illuminate/Routing/Route))
#21 C:/xampp/htdocs/HoneyBeeshop/vendor/laravel/framework/src/Illuminate/Routing/Router.php(739): Illuminate/Routing/Router->dispatchToRoute(Object(Illuminate/Http/Request))
#22 C:/xampp/htdocs/HoneyBeeshop/vendor/laravel/framework/src/Illuminate/Foundation/Http/Kernel.php(201): Illuminate/Routing/Router->dispatch(Object(Illuminate/Http/Request))
#23 C:/xampp/htdocs/HoneyBeeshop/vendor/laravel/framework/src/Illuminate/Pipeline/Pipeline.php(170): Illuminate/Foundation/Http/Kernel->Illuminate/Foundation/Http/{closure}(Object(Illuminate/Http/Request))
#24 C:/xampp/htdocs/HoneyBeeshop/vendor/laravel/framework/src/Illuminate/Foundation/Http/Middleware/TransformsRequest.php(21): Illuminate/Pipeline/Pipeline->Illuminate/Pipeline/{closure}(Object(Illuminate/Http/Request))
#25 C:/xampp/htdocs/HoneyBeeshop/vendor/laravel/framework/src/Illuminate/Foundation/Http/Middleware/ConvertEmptyStringsToNull.php(31): Illuminate/Foundation/Http/Middleware/TransformsRequest->handle(Object(Illuminate/Http/Request), Object(Closure))
#26 C:/xampp/htdocs/HoneyBeeshop/vendor/laravel/framework/src/Illuminate/Pipeline/Pipeline.php(209): Illuminate/Foundation/Http/Middleware/ConvertEmptyStringsToNull->handle(Object(Illuminate/Http/Request), Object(Closure))
#27 C:/xampp/htdocs/HoneyBeeshop/vendor/laravel/framework/src/Illuminate/Foundation/Http/Middleware/TransformsRequest.php(21): Illuminate/Pipeline/Pipeline->Illuminate/Pipeline/{closure}(Object(Illuminate/Http/Request))
#28 C:/xampp/htdocs/HoneyBeeshop/vendor/laravel/framework/src/Illuminate/Foundation/Http/Middleware/TrimStrings.php(51): Illuminate/Foundation/Http/Middleware/TransformsRequest->handle(Object(Illuminate/Http/Request), Object(Closure))
#29 C:/xampp/htdocs/HoneyBeeshop/vendor/laravel/framework/src/Illuminate/Pipeline/Pipeline.php(209): Illuminate/Foundation/Http/Middleware/TrimStrings->handle(Object(Illuminate/Http/Request), Object(Closure))
#30 C:/xampp/htdocs/HoneyBeeshop/vendor/laravel/framework/src/Illuminate/Http/Middleware/ValidatePostSize.php(27): Illuminate/Pipeline/Pipeline->Illuminate/Pipeline/{closure}(Object(Illuminate/Http/Request))
#31 C:/xampp/htdocs/HoneyBeeshop/vendor/laravel/framework/src/Illuminate/Pipeline/Pipeline.php(209): Illuminate/Http/Middleware/ValidatePostSize->handle(Object(Illuminate/Http/Request), Object(Closure))
#32 C:/xampp/htdocs/HoneyBeeshop/vendor/laravel/framework/src/Illuminate/Foundation/Http/Middleware/PreventRequestsDuringMaintenance.php(110): Illuminate/Pipeline/Pipeline->Illuminate/Pipeline/{closure}(Object(Illuminate/Http/Request))
#33 C:/xampp/htdocs/HoneyBeeshop/vendor/laravel/framework/src/Illuminate/Pipeline/Pipeline.php(209): Illuminate/Foundation/Http/Middleware/PreventRequestsDuringMaintenance->handle(Object(Illuminate/Http/Request), Object(Closure))
#34 C:/xampp/htdocs/HoneyBeeshop/vendor/laravel/framework/src/Illuminate/Http/Middleware/HandleCors.php(49): Illuminate/Pipeline/Pipeline->Illuminate/Pipeline/{closure}(Object(Illuminate/Http/Request))
#35 C:/xampp/htdocs/HoneyBeeshop/vendor/laravel/framework/src/Illuminate/Pipeline/Pipeline.php(209): Illuminate/Http/Middleware/HandleCors->handle(Object(Illuminate/Http/Request), Object(Closure))
#36 C:/xampp/htdocs/HoneyBeeshop/vendor/laravel/framework/src/Illuminate/Http/Middleware/TrustProxies.php(58): Illuminate/Pipeline/Pipeline->Illuminate/Pipeline/{closure}(Object(Illuminate/Http/Request))
#37 C:/xampp/htdocs/HoneyBeeshop/vendor/laravel/framework/src/Illuminate/Pipeline/Pipeline.php(209): Illuminate/Http/Middleware/TrustProxies->handle(Object(Illuminate/Http/Request), Object(Closure))
#38 C:/xampp/htdocs/HoneyBeeshop/vendor/laravel/framework/src/Illuminate/Foundation/Http/Middleware/InvokeDeferredCallbacks.php(22): Illuminate/Pipeline/Pipeline->Illuminate/Pipeline/{closure}(Object(Illuminate/Http/Request))
#39 C:/xampp/htdocs/HoneyBeeshop/vendor/laravel/framework/src/Illuminate/Pipeline/Pipeline.php(209): Illuminate/Foundation/Http/Middleware/InvokeDeferredCallbacks->handle(Object(Illuminate/Http/Request), Object(Closure))
#40 C:/xampp/htdocs/HoneyBeeshop/vendor/laravel/framework/src/Illuminate/Pipeline/Pipeline.php(127): Illuminate/Pipeline/Pipeline->Illuminate/Pipeline/{closure}(Object(Illuminate/Http/Request))
#41 C:/xampp/htdocs/HoneyBeeshop/vendor/laravel/framework/src/Illuminate/Foundation/Http/Kernel.php(176): Illuminate/Pipeline/Pipeline->then(Object(Closure))
#42 C:/xampp/htdocs/HoneyBeeshop/vendor/laravel/framework/src/Illuminate/Foundation/Http/Kernel.php(145): Illuminate/Foundation/Http/Kernel->sendRequestThroughRouter(Object(Illuminate/Http/Request))
#43 C:/xampp/htdocs/HoneyBeeshop/vendor/laravel/framework/src/Illuminate/Foundation/Application.php(1220): Illuminate/Foundation/Http/Kernel->handle(Object(Illuminate/Http/Request))
#44 C:/xampp/htdocs/HoneyBeeshop/public/index.php(17): Illuminate/Foundation/Application->handleRequest(Object(Illuminate/Http/Request))
#45 C:/xampp/htdocs/HoneyBeeshop/vendor/laravel/framework/src/Illuminate/Foundation/resources/server.php(23): require_once('C://xampp//htdocs...')
#46 {main}
"} 
[2026-06-24 03:39:20] local.ERROR: SQLSTATE[HY000] [2002] No connection could be made because the target machine actively refused it (Connection: mysql, SQL: select * from `sessions` where `id` = 2dDI3eg4mYy64rDxAERNRosleC1dywAgji2Q71M8 limit 1) {"exception":"[object] (Illuminate\\Database\\QueryException(code: 2002): SQLSTATE[HY000] [2002] No connection could be made because the target machine actively refused it (Connection: mysql, SQL: select * from `sessions` where `id` = 2dDI3eg4mYy64rDxAERNRosleC1dywAgji2Q71M8 limit 1) at C:/xampp/htdocs/HoneyBeeshop/vendor/laravel/framework/src/Illuminate/Database/Connection.php:825)
[stacktrace]
#0 C:/xampp/htdocs/HoneyBeeshop/vendor/laravel/framework/src/Illuminate/Database/Connection.php(979): Illuminate/Database/Connection->runQueryCallback('select * from `...', Array, Object(Closure))
#1 C:/xampp/htdocs/HoneyBeeshop/vendor/laravel/framework/src/Illuminate/Database/Connection.php(958): Illuminate/Database/Connection->tryAgainIfCausedByLostConnection(Object(Illuminate/Database/QueryException), 'select * from `...', Array, Object(Closure))
#2 C:/xampp/htdocs/HoneyBeeshop/vendor/laravel/framework/src/Illuminate/Database/Connection.php(781): Illuminate/Database/Connection->handleQueryException(Object(Illuminate/Database/QueryException), 'select * from `...', Array, Object(Closure))
#3 C:/xampp/htdocs/HoneyBeeshop/vendor/laravel/framework/src/Illuminate/Database/Connection.php(398): Illuminate/Database/Connection->run('select * from `...', Array, Object(Closure))
#4 C:/xampp/htdocs/HoneyBeeshop/vendor/laravel/framework/src/Illuminate/Database/Query/Builder.php(3106): Illuminate/Database/Connection->select('select * from `...', Array, false)
#5 C:/xampp/htdocs/HoneyBeeshop/vendor/laravel/framework/src/Illuminate/Database/Query/Builder.php(3091): Illuminate/Database/Query/Builder->runSelect()
#6 C:/xampp/htdocs/HoneyBeeshop/vendor/laravel/framework/src/Illuminate/Database/Query/Builder.php(3676): Illuminate/Database/Query/Builder->Illuminate/Database/Query/{closure}()
#7 C:/xampp/htdocs/HoneyBeeshop/vendor/laravel/framework/src/Illuminate/Database/Query/Builder.php(3090): Illuminate/Database/Query/Builder->onceWithColumns(Array, Object(Closure))
#8 C:/xampp/htdocs/HoneyBeeshop/vendor/laravel/framework/src/Illuminate/Database/Concerns/BuildsQueries.php(343): Illuminate/Database/Query/Builder->get(Array)
#9 C:/xampp/htdocs/HoneyBeeshop/vendor/laravel/framework/src/Illuminate/Database/Query/Builder.php(3013): Illuminate/Database/Query/Builder->first(Array)
#10 C:/xampp/htdocs/HoneyBeeshop/vendor/laravel/framework/src/Illuminate/Session/DatabaseSessionHandler.php(97): Illuminate/Database/Query/Builder->find('2dDI3eg4mYy64rD...')
#11 C:/xampp/htdocs/HoneyBeeshop/vendor/laravel/framework/src/Illuminate/Session/Store.php(117): Illuminate/Session/DatabaseSessionHandler->read('2dDI3eg4mYy64rD...')
#12 C:/xampp/htdocs/HoneyBeeshop/vendor/laravel/framework/src/Illuminate/Session/Store.php(105): Illuminate/Session/Store->readFromHandler()
#13 C:/xampp/htdocs/HoneyBeeshop/vendor/laravel/framework/src/Illuminate/Session/Store.php(89): Illuminate/Session/Store->loadSession()
#14 C:/xampp/htdocs/HoneyBeeshop/vendor/laravel/framework/src/Illuminate/Session/Middleware/StartSession.php(147): Illuminate/Session/Store->start()
#15 C:/xampp/htdocs/HoneyBeeshop/vendor/laravel/framework/src/Illuminate/Support/helpers.php(399): Illuminate/Session/Middleware/StartSession->Illuminate/Session/Middleware/{closure}(Object(Illuminate/Session/Store))
#16 C:/xampp/htdocs/HoneyBeeshop/vendor/laravel/framework/src/Illuminate/Session/Middleware/StartSession.php(144): tap(Object(Illuminate/Session/Store), Object(Closure))
#17 C:/xampp/htdocs/HoneyBeeshop/vendor/laravel/framework/src/Illuminate/Session/Middleware/StartSession.php(116): Illuminate/Session/Middleware/StartSession->startSession(Object(Illuminate/Http/Request), Object(Illuminate/Session/Store))
#18 C:/xampp/htdocs/HoneyBeeshop/vendor/laravel/framework/src/Illuminate/Session/Middleware/StartSession.php(64): Illuminate/Session/Middleware/StartSession->handleStatefulRequest(Object(Illuminate/Http/Request), Object(Illuminate/Session/Store), Object(Closure))
#19 C:/xampp/htdocs/HoneyBeeshop/vendor/laravel/framework/src/Illuminate/Pipeline/Pipeline.php(209): Illuminate/Session/Middleware/StartSession->handle(Object(Illuminate/Http/Request), Object(Closure))
#20 C:/xampp/htdocs/HoneyBeeshop/vendor/laravel/framework/src/Illuminate/Cookie/Middleware/AddQueuedCookiesToResponse.php(37): Illuminate/Pipeline/Pipeline->Illuminate/Pipeline/{closure}(Object(Illuminate/Http/Request))
#21 C:/xampp/htdocs/HoneyBeeshop/vendor/laravel/framework/src/Illuminate/Pipeline/Pipeline.php(209): Illuminate/Cookie/Middleware/AddQueuedCookiesToResponse->handle(Object(Illuminate/Http/Request), Object(Closure))
#22 C:/xampp/htdocs/HoneyBeeshop/vendor/laravel/framework/src/Illuminate/Cookie/Middleware/EncryptCookies.php(75): Illuminate/Pipeline/Pipeline->Illuminate/Pipeline/{closure}(Object(Illuminate/Http/Request))
#23 C:/xampp/htdocs/HoneyBeeshop/vendor/laravel/framework/src/Illuminate/Pipeline/Pipeline.php(209): Illuminate/Cookie/Middleware/EncryptCookies->handle(Object(Illuminate/Http/Request), Object(Closure))
#24 C:/xampp/htdocs/HoneyBeeshop/vendor/laravel/framework/src/Illuminate/Pipeline/Pipeline.php(127): Illuminate/Pipeline/Pipeline->Illuminate/Pipeline/{closure}(Object(Illuminate/Http/Request))
#25 C:/xampp/htdocs/HoneyBeeshop/vendor/laravel/framework/src/Illuminate/Routing/Router.php(807): Illuminate/Pipeline/Pipeline->then(Object(Closure))
#26 C:/xampp/htdocs/HoneyBeeshop/vendor/laravel/framework/src/Illuminate/Routing/Router.php(786): Illuminate/Routing/Router->runRouteWithinStack(Object(Illuminate/Routing/Route), Object(Illuminate/Http/Request))
#27 C:/xampp/htdocs/HoneyBeeshop/vendor/laravel/framework/src/Illuminate/Routing/Router.php(750): Illuminate/Routing/Router->runRoute(Object(Illuminate/Http/Request), Object(Illuminate/Routing/Route))
#28 C:/xampp/htdocs/HoneyBeeshop/vendor/laravel/framework/src/Illuminate/Routing/Router.php(739): Illuminate/Routing/Router->dispatchToRoute(Object(Illuminate/Http/Request))
#29 C:/xampp/htdocs/HoneyBeeshop/vendor/laravel/framework/src/Illuminate/Foundation/Http/Kernel.php(201): Illuminate/Routing/Router->dispatch(Object(Illuminate/Http/Request))
#30 C:/xampp/htdocs/HoneyBeeshop/vendor/laravel/framework/src/Illuminate/Pipeline/Pipeline.php(170): Illuminate/Foundation/Http/Kernel->Illuminate/Foundation/Http/{closure}(Object(Illuminate/Http/Request))
#31 C:/xampp/htdocs/HoneyBeeshop/vendor/laravel/framework/src/Illuminate/Foundation/Http/Middleware/TransformsRequest.php(21): Illuminate/Pipeline/Pipeline->Illuminate/Pipeline/{closure}(Object(Illuminate/Http/Request))
#32 C:/xampp/htdocs/HoneyBeeshop/vendor/laravel/framework/src/Illuminate/Foundation/Http/Middleware/ConvertEmptyStringsToNull.php(31): Illuminate/Foundation/Http/Middleware/TransformsRequest->handle(Object(Illuminate/Http/Request), Object(Closure))
#33 C:/xampp/htdocs/HoneyBeeshop/vendor/laravel/framework/src/Illuminate/Pipeline/Pipeline.php(209): Illuminate/Foundation/Http/Middleware/ConvertEmptyStringsToNull->handle(Object(Illuminate/Http/Request), Object(Closure))
#34 C:/xampp/htdocs/HoneyBeeshop/vendor/laravel/framework/src/Illuminate/Foundation/Http/Middleware/TransformsRequest.php(21): Illuminate/Pipeline/Pipeline->Illuminate/Pipeline/{closure}(Object(Illuminate/Http/Request))
#35 C:/xampp/htdocs/HoneyBeeshop/vendor/laravel/framework/src/Illuminate/Foundation/Http/Middleware/TrimStrings.php(51): Illuminate/Foundation/Http/Middleware/TransformsRequest->handle(Object(Illuminate/Http/Request), Object(Closure))
#36 C:/xampp/htdocs/HoneyBeeshop/vendor/laravel/framework/src/Illuminate/Pipeline/Pipeline.php(209): Illuminate/Foundation/Http/Middleware/TrimStrings->handle(Object(Illuminate/Http/Request), Object(Closure))
#37 C:/xampp/htdocs/HoneyBeeshop/vendor/laravel/framework/src/Illuminate/Http/Middleware/ValidatePostSize.php(27): Illuminate/Pipeline/Pipeline->Illuminate/Pipeline/{closure}(Object(Illuminate/Http/Request))
#38 C:/xampp/htdocs/HoneyBeeshop/vendor/laravel/framework/src/Illuminate/Pipeline/Pipeline.php(209): Illuminate/Http/Middleware/ValidatePostSize->handle(Object(Illuminate/Http/Request), Object(Closure))
#39 C:/xampp/htdocs/HoneyBeeshop/vendor/laravel/framework/src/Illuminate/Foundation/Http/Middleware/PreventRequestsDuringMaintenance.php(110): Illuminate/Pipeline/Pipeline->Illuminate/Pipeline/{closure}(Object(Illuminate/Http/Request))
#40 C:/xampp/htdocs/HoneyBeeshop/vendor/laravel/framework/src/Illuminate/Pipeline/Pipeline.php(209): Illuminate/Foundation/Http/Middleware/PreventRequestsDuringMaintenance->handle(Object(Illuminate/Http/Request), Object(Closure))
#41 C:/xampp/htdocs/HoneyBeeshop/vendor/laravel/framework/src/Illuminate/Http/Middleware/HandleCors.php(49): Illuminate/Pipeline/Pipeline->Illuminate/Pipeline/{closure}(Object(Illuminate/Http/Request))
#42 C:/xampp/htdocs/HoneyBeeshop/vendor/laravel/framework/src/Illuminate/Pipeline/Pipeline.php(209): Illuminate/Http/Middleware/HandleCors->handle(Object(Illuminate/Http/Request), Object(Closure))
#43 C:/xampp/htdocs/HoneyBeeshop/vendor/laravel/framework/src/Illuminate/Http/Middleware/TrustProxies.php(58): Illuminate/Pipeline/Pipeline->Illuminate/Pipeline/{closure}(Object(Illuminate/Http/Request))
#44 C:/xampp/htdocs/HoneyBeeshop/vendor/laravel/framework/src/Illuminate/Pipeline/Pipeline.php(209): Illuminate/Http/Middleware/TrustProxies->handle(Object(Illuminate/Http/Request), Object(Closure))
#45 C:/xampp/htdocs/HoneyBeeshop/vendor/laravel/framework/src/Illuminate/Foundation/Http/Middleware/InvokeDeferredCallbacks.php(22): Illuminate/Pipeline/Pipeline->Illuminate/Pipeline/{closure}(Object(Illuminate/Http/Request))
#46 C:/xampp/htdocs/HoneyBeeshop/vendor/laravel/framework/src/Illuminate/Pipeline/Pipeline.php(209): Illuminate/Foundation/Http/Middleware/InvokeDeferredCallbacks->handle(Object(Illuminate/Http/Request), Object(Closure))
#47 C:/xampp/htdocs/HoneyBeeshop/vendor/laravel/framework/src/Illuminate/Pipeline/Pipeline.php(127): Illuminate/Pipeline/Pipeline->Illuminate/Pipeline/{closure}(Object(Illuminate/Http/Request))
#48 C:/xampp/htdocs/HoneyBeeshop/vendor/laravel/framework/src/Illuminate/Foundation/Http/Kernel.php(176): Illuminate/Pipeline/Pipeline->then(Object(Closure))
#49 C:/xampp/htdocs/HoneyBeeshop/vendor/laravel/framework/src/Illuminate/Foundation/Http/Kernel.php(145): Illuminate/Foundation/Http/Kernel->sendRequestThroughRouter(Object(Illuminate/Http/Request))
#50 C:/xampp/htdocs/HoneyBeeshop/vendor/laravel/framework/src/Illuminate/Foundation/Application.php(1220): Illuminate/Foundation/Http/Kernel->handle(Object(Illuminate/Http/Request))
#51 C:/xampp/htdocs/HoneyBeeshop/public/index.php(17): Illuminate/Foundation/Application->handleRequest(Object(Illuminate/Http/Request))
#52 C:/xampp/htdocs/HoneyBeeshop/vendor/laravel/framework/src/Illuminate/Foundation/resources/server.php(23): require_once('C://xampp//htdocs...')
#53 {main}

[previous exception] [object] (PDOException(code: 2002): SQLSTATE[HY000] [2002] No connection could be made because the target machine actively refused it at C:/xampp/htdocs/HoneyBeeshop/vendor/laravel/framework/src/Illuminate/Database/Connectors/Connector.php:66)
[stacktrace]
#0 C:/xampp/htdocs/HoneyBeeshop/vendor/laravel/framework/src/Illuminate/Database/Connectors/Connector.php(66): PDO->__construct('mysql:host=127....', 'root', Object(SensitiveParameterValue), Array)
#1 C:/xampp/htdocs/HoneyBeeshop/vendor/laravel/framework/src/Illuminate/Database/Connectors/Connector.php(85): Illuminate/Database/Connectors/Connector->createPdoConnection('mysql:host=127....', 'root', Object(SensitiveParameterValue), Array)
#2 C:/xampp/htdocs/HoneyBeeshop/vendor/laravel/framework/src/Illuminate/Database/Connectors/Connector.php(48): Illuminate/Database/Connectors/Connector->tryAgainIfCausedByLostConnection(Object(PDOException), 'mysql:host=127....', 'root', Object(SensitiveParameterValue), Array)
#3 C:/xampp/htdocs/HoneyBeeshop/vendor/laravel/framework/src/Illuminate/Database/Connectors/MySqlConnector.php(24): Illuminate/Database/Connectors/Connector->createConnection('mysql:host=127....', Array, Array)
#4 C:/xampp/htdocs/HoneyBeeshop/vendor/laravel/framework/src/Illuminate/Database/Connectors/ConnectionFactory.php(185): Illuminate/Database/Connectors/MySqlConnector->connect(Array)
#5 [internal function]: Illuminate/Database/Connectors/ConnectionFactory->Illuminate/Database/Connectors/{closure}()
#6 C:/xampp/htdocs/HoneyBeeshop/vendor/laravel/framework/src/Illuminate/Database/Connection.php(1231): call_user_func(Object(Closure))
#7 C:/xampp/htdocs/HoneyBeeshop/vendor/laravel/framework/src/Illuminate/Database/Connection.php(512): Illuminate/Database/Connection->getPdo()
#8 C:/xampp/htdocs/HoneyBeeshop/vendor/laravel/framework/src/Illuminate/Database/Connection.php(407): Illuminate/Database/Connection->getPdoForSelect(false)
#9 C:/xampp/htdocs/HoneyBeeshop/vendor/laravel/framework/src/Illuminate/Database/Connection.php(812): Illuminate/Database/Connection->Illuminate/Database/{closure}('select * from `...', Array)
#10 C:/xampp/htdocs/HoneyBeeshop/vendor/laravel/framework/src/Illuminate/Database/Connection.php(979): Illuminate/Database/Connection->runQueryCallback('select * from `...', Array, Object(Closure))
#11 C:/xampp/htdocs/HoneyBeeshop/vendor/laravel/framework/src/Illuminate/Database/Connection.php(958): Illuminate/Database/Connection->tryAgainIfCausedByLostConnection(Object(Illuminate/Database/QueryException), 'select * from `...', Array, Object(Closure))
#12 C:/xampp/htdocs/HoneyBeeshop/vendor/laravel/framework/src/Illuminate/Database/Connection.php(781): Illuminate/Database/Connection->handleQueryException(Object(Illuminate/Database/QueryException), 'select * from `...', Array, Object(Closure))
#13 C:/xampp/htdocs/HoneyBeeshop/vendor/laravel/framework/src/Illuminate/Database/Connection.php(398): Illuminate/Database/Connection->run('select * from `...', Array, Object(Closure))
#14 C:/xampp/htdocs/HoneyBeeshop/vendor/laravel/framework/src/Illuminate/Database/Query/Builder.php(3106): Illuminate/Database/Connection->select('select * from `...', Array, false)
#15 C:/xampp/htdocs/HoneyBeeshop/vendor/laravel/framework/src/Illuminate/Database/Query/Builder.php(3091): Illuminate/Database/Query/Builder->runSelect()
#16 C:/xampp/htdocs/HoneyBeeshop/vendor/laravel/framework/src/Illuminate/Database/Query/Builder.php(3676): Illuminate/Database/Query/Builder->Illuminate/Database/Query/{closure}()
#17 C:/xampp/htdocs/HoneyBeeshop/vendor/laravel/framework/src/Illuminate/Database/Query/Builder.php(3090): Illuminate/Database/Query/Builder->onceWithColumns(Array, Object(Closure))
#18 C:/xampp/htdocs/HoneyBeeshop/vendor/laravel/framework/src/Illuminate/Database/Concerns/BuildsQueries.php(343): Illuminate/Database/Query/Builder->get(Array)
#19 C:/xampp/htdocs/HoneyBeeshop/vendor/laravel/framework/src/Illuminate/Database/Query/Builder.php(3013): Illuminate/Database/Query/Builder->first(Array)
#20 C:/xampp/htdocs/HoneyBeeshop/vendor/laravel/framework/src/Illuminate/Session/DatabaseSessionHandler.php(97): Illuminate/Database/Query/Builder->find('2dDI3eg4mYy64rD...')
#21 C:/xampp/htdocs/HoneyBeeshop/vendor/laravel/framework/src/Illuminate/Session/Store.php(117): Illuminate/Session/DatabaseSessionHandler->read('2dDI3eg4mYy64rD...')
#22 C:/xampp/htdocs/HoneyBeeshop/vendor/laravel/framework/src/Illuminate/Session/Store.php(105): Illuminate/Session/Store->readFromHandler()
#23 C:/xampp/htdocs/HoneyBeeshop/vendor/laravel/framework/src/Illuminate/Session/Store.php(89): Illuminate/Session/Store->loadSession()
#24 C:/xampp/htdocs/HoneyBeeshop/vendor/laravel/framework/src/Illuminate/Session/Middleware/StartSession.php(147): Illuminate/Session/Store->start()
#25 C:/xampp/htdocs/HoneyBeeshop/vendor/laravel/framework/src/Illuminate/Support/helpers.php(399): Illuminate/Session/Middleware/StartSession->Illuminate/Session/Middleware/{closure}(Object(Illuminate/Session/Store))
#26 C:/xampp/htdocs/HoneyBeeshop/vendor/laravel/framework/src/Illuminate/Session/Middleware/StartSession.php(144): tap(Object(Illuminate/Session/Store), Object(Closure))
#27 C:/xampp/htdocs/HoneyBeeshop/vendor/laravel/framework/src/Illuminate/Session/Middleware/StartSession.php(116): Illuminate/Session/Middleware/StartSession->startSession(Object(Illuminate/Http/Request), Object(Illuminate/Session/Store))
#28 C:/xampp/htdocs/HoneyBeeshop/vendor/laravel/framework/src/Illuminate/Session/Middleware/StartSession.php(64): Illuminate/Session/Middleware/StartSession->handleStatefulRequest(Object(Illuminate/Http/Request), Object(Illuminate/Session/Store), Object(Closure))
#29 C:/xampp/htdocs/HoneyBeeshop/vendor/laravel/framework/src/Illuminate/Pipeline/Pipeline.php(209): Illuminate/Session/Middleware/StartSession->handle(Object(Illuminate/Http/Request), Object(Closure))
#30 C:/xampp/htdocs/HoneyBeeshop/vendor/laravel/framework/src/Illuminate/Cookie/Middleware/AddQueuedCookiesToResponse.php(37): Illuminate/Pipeline/Pipeline->Illuminate/Pipeline/{closure}(Object(Illuminate/Http/Request))
#31 C:/xampp/htdocs/HoneyBeeshop/vendor/laravel/framework/src/Illuminate/Pipeline/Pipeline.php(209): Illuminate/Cookie/Middleware/AddQueuedCookiesToResponse->handle(Object(Illuminate/Http/Request), Object(Closure))
#32 C:/xampp/htdocs/HoneyBeeshop/vendor/laravel/framework/src/Illuminate/Cookie/Middleware/EncryptCookies.php(75): Illuminate/Pipeline/Pipeline->Illuminate/Pipeline/{closure}(Object(Illuminate/Http/Request))
#33 C:/xampp/htdocs/HoneyBeeshop/vendor/laravel/framework/src/Illuminate/Pipeline/Pipeline.php(209): Illuminate/Cookie/Middleware/EncryptCookies->handle(Object(Illuminate/Http/Request), Object(Closure))
#34 C:/xampp/htdocs/HoneyBeeshop/vendor/laravel/framework/src/Illuminate/Pipeline/Pipeline.php(127): Illuminate/Pipeline/Pipeline->Illuminate/Pipeline/{closure}(Object(Illuminate/Http/Request))
#35 C:/xampp/htdocs/HoneyBeeshop/vendor/laravel/framework/src/Illuminate/Routing/Router.php(807): Illuminate/Pipeline/Pipeline->then(Object(Closure))
#36 C:/xampp/htdocs/HoneyBeeshop/vendor/laravel/framework/src/Illuminate/Routing/Router.php(786): Illuminate/Routing/Router->runRouteWithinStack(Object(Illuminate/Routing/Route), Object(Illuminate/Http/Request))
#37 C:/xampp/htdocs/HoneyBeeshop/vendor/laravel/framework/src/Illuminate/Routing/Router.php(750): Illuminate/Routing/Router->runRoute(Object(Illuminate/Http/Request), Object(Illuminate/Routing/Route))
#38 C:/xampp/htdocs/HoneyBeeshop/vendor/laravel/framework/src/Illuminate/Routing/Router.php(739): Illuminate/Routing/Router->dispatchToRoute(Object(Illuminate/Http/Request))
#39 C:/xampp/htdocs/HoneyBeeshop/vendor/laravel/framework/src/Illuminate/Foundation/Http/Kernel.php(201): Illuminate/Routing/Router->dispatch(Object(Illuminate/Http/Request))
#40 C:/xampp/htdocs/HoneyBeeshop/vendor/laravel/framework/src/Illuminate/Pipeline/Pipeline.php(170): Illuminate/Foundation/Http/Kernel->Illuminate/Foundation/Http/{closure}(Object(Illuminate/Http/Request))
#41 C:/xampp/htdocs/HoneyBeeshop/vendor/laravel/framework/src/Illuminate/Foundation/Http/Middleware/TransformsRequest.php(21): Illuminate/Pipeline/Pipeline->Illuminate/Pipeline/{closure}(Object(Illuminate/Http/Request))
#42 C:/xampp/htdocs/HoneyBeeshop/vendor/laravel/framework/src/Illuminate/Foundation/Http/Middleware/ConvertEmptyStringsToNull.php(31): Illuminate/Foundation/Http/Middleware/TransformsRequest->handle(Object(Illuminate/Http/Request), Object(Closure))
#43 C:/xampp/htdocs/HoneyBeeshop/vendor/laravel/framework/src/Illuminate/Pipeline/Pipeline.php(209): Illuminate/Foundation/Http/Middleware/ConvertEmptyStringsToNull->handle(Object(Illuminate/Http/Request), Object(Closure))
#44 C:/xampp/htdocs/HoneyBeeshop/vendor/laravel/framework/src/Illuminate/Foundation/Http/Middleware/TransformsRequest.php(21): Illuminate/Pipeline/Pipeline->Illuminate/Pipeline/{closure}(Object(Illuminate/Http/Request))
#45 C:/xampp/htdocs/HoneyBeeshop/vendor/laravel/framework/src/Illuminate/Foundation/Http/Middleware/TrimStrings.php(51): Illuminate/Foundation/Http/Middleware/TransformsRequest->handle(Object(Illuminate/Http/Request), Object(Closure))
#46 C:/xampp/htdocs/HoneyBeeshop/vendor/laravel/framework/src/Illuminate/Pipeline/Pipeline.php(209): Illuminate/Foundation/Http/Middleware/TrimStrings->handle(Object(Illuminate/Http/Request), Object(Closure))
#47 C:/xampp/htdocs/HoneyBeeshop/vendor/laravel/framework/src/Illuminate/Http/Middleware/ValidatePostSize.php(27): Illuminate/Pipeline/Pipeline->Illuminate/Pipeline/{closure}(Object(Illuminate/Http/Request))
#48 C:/xampp/htdocs/HoneyBeeshop/vendor/laravel/framework/src/Illuminate/Pipeline/Pipeline.php(209): Illuminate/Http/Middleware/ValidatePostSize->handle(Object(Illuminate/Http/Request), Object(Closure))
#49 C:/xampp/htdocs/HoneyBeeshop/vendor/laravel/framework/src/Illuminate/Foundation/Http/Middleware/PreventRequestsDuringMaintenance.php(110): Illuminate/Pipeline/Pipeline->Illuminate/Pipeline/{closure}(Object(Illuminate/Http/Request))
#50 C:/xampp/htdocs/HoneyBeeshop/vendor/laravel/framework/src/Illuminate/Pipeline/Pipeline.php(209): Illuminate/Foundation/Http/Middleware/PreventRequestsDuringMaintenance->handle(Object(Illuminate/Http/Request), Object(Closure))
#51 C:/xampp/htdocs/HoneyBeeshop/vendor/laravel/framework/src/Illuminate/Http/Middleware/HandleCors.php(49): Illuminate/Pipeline/Pipeline->Illuminate/Pipeline/{closure}(Object(Illuminate/Http/Request))
#52 C:/xampp/htdocs/HoneyBeeshop/vendor/laravel/framework/src/Illuminate/Pipeline/Pipeline.php(209): Illuminate/Http/Middleware/HandleCors->handle(Object(Illuminate/Http/Request), Object(Closure))
#53 C:/xampp/htdocs/HoneyBeeshop/vendor/laravel/framework/src/Illuminate/Http/Middleware/TrustProxies.php(58): Illuminate/Pipeline/Pipeline->Illuminate/Pipeline/{closure}(Object(Illuminate/Http/Request))
#54 C:/xampp/htdocs/HoneyBeeshop/vendor/laravel/framework/src/Illuminate/Pipeline/Pipeline.php(209): Illuminate/Http/Middleware/TrustProxies->handle(Object(Illuminate/Http/Request), Object(Closure))
#55 C:/xampp/htdocs/HoneyBeeshop/vendor/laravel/framework/src/Illuminate/Foundation/Http/Middleware/InvokeDeferredCallbacks.php(22): Illuminate/Pipeline/Pipeline->Illuminate/Pipeline/{closure}(Object(Illuminate/Http/Request))
#56 C:/xampp/htdocs/HoneyBeeshop/vendor/laravel/framework/src/Illuminate/Pipeline/Pipeline.php(209): Illuminate/Foundation/Http/Middleware/InvokeDeferredCallbacks->handle(Object(Illuminate/Http/Request), Object(Closure))
#57 C:/xampp/htdocs/HoneyBeeshop/vendor/laravel/framework/src/Illuminate/Pipeline/Pipeline.php(127): Illuminate/Pipeline/Pipeline->Illuminate/Pipeline/{closure}(Object(Illuminate/Http/Request))
#58 C:/xampp/htdocs/HoneyBeeshop/vendor/laravel/framework/src/Illuminate/Foundation/Http/Kernel.php(176): Illuminate/Pipeline/Pipeline->then(Object(Closure))
#59 C:/xampp/htdocs/HoneyBeeshop/vendor/laravel/framework/src/Illuminate/Foundation/Http/Kernel.php(145): Illuminate/Foundation/Http/Kernel->sendRequestThroughRouter(Object(Illuminate/Http/Request))
#60 C:/xampp/htdocs/HoneyBeeshop/vendor/laravel/framework/src/Illuminate/Foundation/Application.php(1220): Illuminate/Foundation/Http/Kernel->handle(Object(Illuminate/Http/Request))
#61 C:/xampp/htdocs/HoneyBeeshop/public/index.php(17): Illuminate/Foundation/Application->handleRequest(Object(Illuminate/Http/Request))
#62 C:/xampp/htdocs/HoneyBeeshop/vendor/laravel/framework/src/Illuminate/Foundation/resources/server.php(23): require_once('C://xampp//htdocs...')
#63 {main}
"} 
[2026-06-24 03:39:37] local.ERROR: SQLSTATE[HY000] [2002] No connection could be made because the target machine actively refused it (Connection: mysql, SQL: select * from `sessions` where `id` = qUG2Ndos4F7ebSAYN1E6Itt3nNeq1JuhcDTgoq6U limit 1) {"exception":"[object] (Illuminate\\Database\\QueryException(code: 2002): SQLSTATE[HY000] [2002] No connection could be made because the target machine actively refused it (Connection: mysql, SQL: select * from `sessions` where `id` = qUG2Ndos4F7ebSAYN1E6Itt3nNeq1JuhcDTgoq6U limit 1) at C:/xampp/htdocs/HoneyBeeshop/vendor/laravel/framework/src/Illuminate/Database/Connection.php:825)
[stacktrace]
#0 C:/xampp/htdocs/HoneyBeeshop/vendor/laravel/framework/src/Illuminate/Database/Connection.php(979): Illuminate/Database/Connection->runQueryCallback('select * from `...', Array, Object(Closure))
#1 C:/xampp/htdocs/HoneyBeeshop/vendor/laravel/framework/src/Illuminate/Database/Connection.php(958): Illuminate/Database/Connection->tryAgainIfCausedByLostConnection(Object(Illuminate/Database/QueryException), 'select * from `...', Array, Object(Closure))
#2 C:/xampp/htdocs/HoneyBeeshop/vendor/laravel/framework/src/Illuminate/Database/Connection.php(781): Illuminate/Database/Connection->handleQueryException(Object(Illuminate/Database/QueryException), 'select * from `...', Array, Object(Closure))
#3 C:/xampp/htdocs/HoneyBeeshop/vendor/laravel/framework/src/Illuminate/Database/Connection.php(398): Illuminate/Database/Connection->run('select * from `...', Array, Object(Closure))
#4 C:/xampp/htdocs/HoneyBeeshop/vendor/laravel/framework/src/Illuminate/Database/Query/Builder.php(3106): Illuminate/Database/Connection->select('select * from `...', Array, false)
#5 C:/xampp/htdocs/HoneyBeeshop/vendor/laravel/framework/src/Illuminate/Database/Query/Builder.php(3091): Illuminate/Database/Query/Builder->runSelect()
#6 C:/xampp/htdocs/HoneyBeeshop/vendor/laravel/framework/src/Illuminate/Database/Query/Builder.php(3676): Illuminate/Database/Query/Builder->Illuminate/Database/Query/{closure}()
#7 C:/xampp/htdocs/HoneyBeeshop/vendor/laravel/framework/src/Illuminate/Database/Query/Builder.php(3090): Illuminate/Database/Query/Builder->onceWithColumns(Array, Object(Closure))
#8 C:/xampp/htdocs/HoneyBeeshop/vendor/laravel/framework/src/Illuminate/Database/Concerns/BuildsQueries.php(343): Illuminate/Database/Query/Builder->get(Array)
#9 C:/xampp/htdocs/HoneyBeeshop/vendor/laravel/framework/src/Illuminate/Database/Query/Builder.php(3013): Illuminate/Database/Query/Builder->first(Array)
#10 C:/xampp/htdocs/HoneyBeeshop/vendor/laravel/framework/src/Illuminate/Session/DatabaseSessionHandler.php(97): Illuminate/Database/Query/Builder->find('qUG2Ndos4F7ebSA...')
#11 C:/xampp/htdocs/HoneyBeeshop/vendor/laravel/framework/src/Illuminate/Session/Store.php(117): Illuminate/Session/DatabaseSessionHandler->read('qUG2Ndos4F7ebSA...')
#12 C:/xampp/htdocs/HoneyBeeshop/vendor/laravel/framework/src/Illuminate/Session/Store.php(105): Illuminate/Session/Store->readFromHandler()
#13 C:/xampp/htdocs/HoneyBeeshop/vendor/laravel/framework/src/Illuminate/Session/Store.php(89): Illuminate/Session/Store->loadSession()
#14 C:/xampp/htdocs/HoneyBeeshop/vendor/laravel/framework/src/Illuminate/Session/Middleware/StartSession.php(147): Illuminate/Session/Store->start()
#15 C:/xampp/htdocs/HoneyBeeshop/vendor/laravel/framework/src/Illuminate/Support/helpers.php(399): Illuminate/Session/Middleware/StartSession->Illuminate/Session/Middleware/{closure}(Object(Illuminate/Session/Store))
#16 C:/xampp/htdocs/HoneyBeeshop/vendor/laravel/framework/src/Illuminate/Session/Middleware/StartSession.php(144): tap(Object(Illuminate/Session/Store), Object(Closure))
#17 C:/xampp/htdocs/HoneyBeeshop/vendor/laravel/framework/src/Illuminate/Session/Middleware/StartSession.php(116): Illuminate/Session/Middleware/StartSession->startSession(Object(Illuminate/Http/Request), Object(Illuminate/Session/Store))
#18 C:/xampp/htdocs/HoneyBeeshop/vendor/laravel/framework/src/Illuminate/Session/Middleware/StartSession.php(64): Illuminate/Session/Middleware/StartSession->handleStatefulRequest(Object(Illuminate/Http/Request), Object(Illuminate/Session/Store), Object(Closure))
#19 C:/xampp/htdocs/HoneyBeeshop/vendor/laravel/framework/src/Illuminate/Pipeline/Pipeline.php(209): Illuminate/Session/Middleware/StartSession->handle(Object(Illuminate/Http/Request), Object(Closure))
#20 C:/xampp/htdocs/HoneyBeeshop/vendor/laravel/framework/src/Illuminate/Cookie/Middleware/AddQueuedCookiesToResponse.php(37): Illuminate/Pipeline/Pipeline->Illuminate/Pipeline/{closure}(Object(Illuminate/Http/Request))
#21 C:/xampp/htdocs/HoneyBeeshop/vendor/laravel/framework/src/Illuminate/Pipeline/Pipeline.php(209): Illuminate/Cookie/Middleware/AddQueuedCookiesToResponse->handle(Object(Illuminate/Http/Request), Object(Closure))
#22 C:/xampp/htdocs/HoneyBeeshop/vendor/laravel/framework/src/Illuminate/Cookie/Middleware/EncryptCookies.php(75): Illuminate/Pipeline/Pipeline->Illuminate/Pipeline/{closure}(Object(Illuminate/Http/Request))
#23 C:/xampp/htdocs/HoneyBeeshop/vendor/laravel/framework/src/Illuminate/Pipeline/Pipeline.php(209): Illuminate/Cookie/Middleware/EncryptCookies->handle(Object(Illuminate/Http/Request), Object(Closure))
#24 C:/xampp/htdocs/HoneyBeeshop/vendor/laravel/framework/src/Illuminate/Pipeline/Pipeline.php(127): Illuminate/Pipeline/Pipeline->Illuminate/Pipeline/{closure}(Object(Illuminate/Http/Request))
#25 C:/xampp/htdocs/HoneyBeeshop/vendor/laravel/framework/src/Illuminate/Routing/Router.php(807): Illuminate/Pipeline/Pipeline->then(Object(Closure))
#26 C:/xampp/htdocs/HoneyBeeshop/vendor/laravel/framework/src/Illuminate/Routing/Router.php(786): Illuminate/Routing/Router->runRouteWithinStack(Object(Illuminate/Routing/Route), Object(Illuminate/Http/Request))
#27 C:/xampp/htdocs/HoneyBeeshop/vendor/laravel/framework/src/Illuminate/Routing/Router.php(750): Illuminate/Routing/Router->runRoute(Object(Illuminate/Http/Request), Object(Illuminate/Routing/Route))
#28 C:/xampp/htdocs/HoneyBeeshop/vendor/laravel/framework/src/Illuminate/Routing/Router.php(739): Illuminate/Routing/Router->dispatchToRoute(Object(Illuminate/Http/Request))
#29 C:/xampp/htdocs/HoneyBeeshop/vendor/laravel/framework/src/Illuminate/Foundation/Http/Kernel.php(201): Illuminate/Routing/Router->dispatch(Object(Illuminate/Http/Request))
#30 C:/xampp/htdocs/HoneyBeeshop/vendor/laravel/framework/src/Illuminate/Pipeline/Pipeline.php(170): Illuminate/Foundation/Http/Kernel->Illuminate/Foundation/Http/{closure}(Object(Illuminate/Http/Request))
#31 C:/xampp/htdocs/HoneyBeeshop/vendor/laravel/framework/src/Illuminate/Foundation/Http/Middleware/TransformsRequest.php(21): Illuminate/Pipeline/Pipeline->Illuminate/Pipeline/{closure}(Object(Illuminate/Http/Request))
#32 C:/xampp/htdocs/HoneyBeeshop/vendor/laravel/framework/src/Illuminate/Foundation/Http/Middleware/ConvertEmptyStringsToNull.php(31): Illuminate/Foundation/Http/Middleware/TransformsRequest->handle(Object(Illuminate/Http/Request), Object(Closure))
#33 C:/xampp/htdocs/HoneyBeeshop/vendor/laravel/framework/src/Illuminate/Pipeline/Pipeline.php(209): Illuminate/Foundation/Http/Middleware/ConvertEmptyStringsToNull->handle(Object(Illuminate/Http/Request), Object(Closure))
#34 C:/xampp/htdocs/HoneyBeeshop/vendor/laravel/framework/src/Illuminate/Foundation/Http/Middleware/TransformsRequest.php(21): Illuminate/Pipeline/Pipeline->Illuminate/Pipeline/{closure}(Object(Illuminate/Http/Request))
#35 C:/xampp/htdocs/HoneyBeeshop/vendor/laravel/framework/src/Illuminate/Foundation/Http/Middleware/TrimStrings.php(51): Illuminate/Foundation/Http/Middleware/TransformsRequest->handle(Object(Illuminate/Http/Request), Object(Closure))
#36 C:/xampp/htdocs/HoneyBeeshop/vendor/laravel/framework/src/Illuminate/Pipeline/Pipeline.php(209): Illuminate/Foundation/Http/Middleware/TrimStrings->handle(Object(Illuminate/Http/Request), Object(Closure))
#37 C:/xampp/htdocs/HoneyBeeshop/vendor/laravel/framework/src/Illuminate/Http/Middleware/ValidatePostSize.php(27): Illuminate/Pipeline/Pipeline->Illuminate/Pipeline/{closure}(Object(Illuminate/Http/Request))
#38 C:/xampp/htdocs/HoneyBeeshop/vendor/laravel/framework/src/Illuminate/Pipeline/Pipeline.php(209): Illuminate/Http/Middleware/ValidatePostSize->handle(Object(Illuminate/Http/Request), Object(Closure))
#39 C:/xampp/htdocs/HoneyBeeshop/vendor/laravel/framework/src/Illuminate/Foundation/Http/Middleware/PreventRequestsDuringMaintenance.php(110): Illuminate/Pipeline/Pipeline->Illuminate/Pipeline/{closure}(Object(Illuminate/Http/Request))
#40 C:/xampp/htdocs/HoneyBeeshop/vendor/laravel/framework/src/Illuminate/Pipeline/Pipeline.php(209): Illuminate/Foundation/Http/Middleware/PreventRequestsDuringMaintenance->handle(Object(Illuminate/Http/Request), Object(Closure))
#41 C:/xampp/htdocs/HoneyBeeshop/vendor/laravel/framework/src/Illuminate/Http/Middleware/HandleCors.php(49): Illuminate/Pipeline/Pipeline->Illuminate/Pipeline/{closure}(Object(Illuminate/Http/Request))
#42 C:/xampp/htdocs/HoneyBeeshop/vendor/laravel/framework/src/Illuminate/Pipeline/Pipeline.php(209): Illuminate/Http/Middleware/HandleCors->handle(Object(Illuminate/Http/Request), Object(Closure))
#43 C:/xampp/htdocs/HoneyBeeshop/vendor/laravel/framework/src/Illuminate/Http/Middleware/TrustProxies.php(58): Illuminate/Pipeline/Pipeline->Illuminate/Pipeline/{closure}(Object(Illuminate/Http/Request))
#44 C:/xampp/htdocs/HoneyBeeshop/vendor/laravel/framework/src/Illuminate/Pipeline/Pipeline.php(209): Illuminate/Http/Middleware/TrustProxies->handle(Object(Illuminate/Http/Request), Object(Closure))
#45 C:/xampp/htdocs/HoneyBeeshop/vendor/laravel/framework/src/Illuminate/Foundation/Http/Middleware/InvokeDeferredCallbacks.php(22): Illuminate/Pipeline/Pipeline->Illuminate/Pipeline/{closure}(Object(Illuminate/Http/Request))
#46 C:/xampp/htdocs/HoneyBeeshop/vendor/laravel/framework/src/Illuminate/Pipeline/Pipeline.php(209): Illuminate/Foundation/Http/Middleware/InvokeDeferredCallbacks->handle(Object(Illuminate/Http/Request), Object(Closure))
#47 C:/xampp/htdocs/HoneyBeeshop/vendor/laravel/framework/src/Illuminate/Pipeline/Pipeline.php(127): Illuminate/Pipeline/Pipeline->Illuminate/Pipeline/{closure}(Object(Illuminate/Http/Request))
#48 C:/xampp/htdocs/HoneyBeeshop/vendor/laravel/framework/src/Illuminate/Foundation/Http/Kernel.php(176): Illuminate/Pipeline/Pipeline->then(Object(Closure))
#49 C:/xampp/htdocs/HoneyBeeshop/vendor/laravel/framework/src/Illuminate/Foundation/Http/Kernel.php(145): Illuminate/Foundation/Http/Kernel->sendRequestThroughRouter(Object(Illuminate/Http/Request))
#50 C:/xampp/htdocs/HoneyBeeshop/vendor/laravel/framework/src/Illuminate/Foundation/Application.php(1220): Illuminate/Foundation/Http/Kernel->handle(Object(Illuminate/Http/Request))
#51 C:/xampp/htdocs/HoneyBeeshop/public/index.php(17): Illuminate/Foundation/Application->handleRequest(Object(Illuminate/Http/Request))
#52 C:/xampp/htdocs/HoneyBeeshop/vendor/laravel/framework/src/Illuminate/Foundation/resources/server.php(23): require_once('C://xampp//htdocs...')
#53 {main}

[previous exception] [object] (PDOException(code: 2002): SQLSTATE[HY000] [2002] No connection could be made because the target machine actively refused it at C:/xampp/htdocs/HoneyBeeshop/vendor/laravel/framework/src/Illuminate/Database/Connectors/Connector.php:66)
[stacktrace]
#0 C:/xampp/htdocs/HoneyBeeshop/vendor/laravel/framework/src/Illuminate/Database/Connectors/Connector.php(66): PDO->__construct('mysql:host=127....', 'root', Object(SensitiveParameterValue), Array)
#1 C:/xampp/htdocs/HoneyBeeshop/vendor/laravel/framework/src/Illuminate/Database/Connectors/Connector.php(85): Illuminate/Database/Connectors/Connector->createPdoConnection('mysql:host=127....', 'root', Object(SensitiveParameterValue), Array)
#2 C:/xampp/htdocs/HoneyBeeshop/vendor/laravel/framework/src/Illuminate/Database/Connectors/Connector.php(48): Illuminate/Database/Connectors/Connector->tryAgainIfCausedByLostConnection(Object(PDOException), 'mysql:host=127....', 'root', Object(SensitiveParameterValue), Array)
#3 C:/xampp/htdocs/HoneyBeeshop/vendor/laravel/framework/src/Illuminate/Database/Connectors/MySqlConnector.php(24): Illuminate/Database/Connectors/Connector->createConnection('mysql:host=127....', Array, Array)
#4 C:/xampp/htdocs/HoneyBeeshop/vendor/laravel/framework/src/Illuminate/Database/Connectors/ConnectionFactory.php(185): Illuminate/Database/Connectors/MySqlConnector->connect(Array)
#5 [internal function]: Illuminate/Database/Connectors/ConnectionFactory->Illuminate/Database/Connectors/{closure}()
#6 C:/xampp/htdocs/HoneyBeeshop/vendor/laravel/framework/src/Illuminate/Database/Connection.php(1231): call_user_func(Object(Closure))
#7 C:/xampp/htdocs/HoneyBeeshop/vendor/laravel/framework/src/Illuminate/Database/Connection.php(512): Illuminate/Database/Connection->getPdo()
#8 C:/xampp/htdocs/HoneyBeeshop/vendor/laravel/framework/src/Illuminate/Database/Connection.php(407): Illuminate/Database/Connection->getPdoForSelect(false)
#9 C:/xampp/htdocs/HoneyBeeshop/vendor/laravel/framework/src/Illuminate/Database/Connection.php(812): Illuminate/Database/Connection->Illuminate/Database/{closure}('select * from `...', Array)
#10 C:/xampp/htdocs/HoneyBeeshop/vendor/laravel/framework/src/Illuminate/Database/Connection.php(979): Illuminate/Database/Connection->runQueryCallback('select * from `...', Array, Object(Closure))
#11 C:/xampp/htdocs/HoneyBeeshop/vendor/laravel/framework/src/Illuminate/Database/Connection.php(958): Illuminate/Database/Connection->tryAgainIfCausedByLostConnection(Object(Illuminate/Database/QueryException), 'select * from `...', Array, Object(Closure))
#12 C:/xampp/htdocs/HoneyBeeshop/vendor/laravel/framework/src/Illuminate/Database/Connection.php(781): Illuminate/Database/Connection->handleQueryException(Object(Illuminate/Database/QueryException), 'select * from `...', Array, Object(Closure))
#13 C:/xampp/htdocs/HoneyBeeshop/vendor/laravel/framework/src/Illuminate/Database/Connection.php(398): Illuminate/Database/Connection->run('select * from `...', Array, Object(Closure))
#14 C:/xampp/htdocs/HoneyBeeshop/vendor/laravel/framework/src/Illuminate/Database/Query/Builder.php(3106): Illuminate/Database/Connection->select('select * from `...', Array, false)
#15 C:/xampp/htdocs/HoneyBeeshop/vendor/laravel/framework/src/Illuminate/Database/Query/Builder.php(3091): Illuminate/Database/Query/Builder->runSelect()
#16 C:/xampp/htdocs/HoneyBeeshop/vendor/laravel/framework/src/Illuminate/Database/Query/Builder.php(3676): Illuminate/Database/Query/Builder->Illuminate/Database/Query/{closure}()
#17 C:/xampp/htdocs/HoneyBeeshop/vendor/laravel/framework/src/Illuminate/Database/Query/Builder.php(3090): Illuminate/Database/Query/Builder->onceWithColumns(Array, Object(Closure))
#18 C:/xampp/htdocs/HoneyBeeshop/vendor/laravel/framework/src/Illuminate/Database/Concerns/BuildsQueries.php(343): Illuminate/Database/Query/Builder->get(Array)
#19 C:/xampp/htdocs/HoneyBeeshop/vendor/laravel/framework/src/Illuminate/Database/Query/Builder.php(3013): Illuminate/Database/Query/Builder->first(Array)
#20 C:/xampp/htdocs/HoneyBeeshop/vendor/laravel/framework/src/Illuminate/Session/DatabaseSessionHandler.php(97): Illuminate/Database/Query/Builder->find('qUG2Ndos4F7ebSA...')
#21 C:/xampp/htdocs/HoneyBeeshop/vendor/laravel/framework/src/Illuminate/Session/Store.php(117): Illuminate/Session/DatabaseSessionHandler->read('qUG2Ndos4F7ebSA...')
#22 C:/xampp/htdocs/HoneyBeeshop/vendor/laravel/framework/src/Illuminate/Session/Store.php(105): Illuminate/Session/Store->readFromHandler()
#23 C:/xampp/htdocs/HoneyBeeshop/vendor/laravel/framework/src/Illuminate/Session/Store.php(89): Illuminate/Session/Store->loadSession()
#24 C:/xampp/htdocs/HoneyBeeshop/vendor/laravel/framework/src/Illuminate/Session/Middleware/StartSession.php(147): Illuminate/Session/Store->start()
#25 C:/xampp/htdocs/HoneyBeeshop/vendor/laravel/framework/src/Illuminate/Support/helpers.php(399): Illuminate/Session/Middleware/StartSession->Illuminate/Session/Middleware/{closure}(Object(Illuminate/Session/Store))
#26 C:/xampp/htdocs/HoneyBeeshop/vendor/laravel/framework/src/Illuminate/Session/Middleware/StartSession.php(144): tap(Object(Illuminate/Session/Store), Object(Closure))
#27 C:/xampp/htdocs/HoneyBeeshop/vendor/laravel/framework/src/Illuminate/Session/Middleware/StartSession.php(116): Illuminate/Session/Middleware/StartSession->startSession(Object(Illuminate/Http/Request), Object(Illuminate/Session/Store))
#28 C:/xampp/htdocs/HoneyBeeshop/vendor/laravel/framework/src/Illuminate/Session/Middleware/StartSession.php(64): Illuminate/Session/Middleware/StartSession->handleStatefulRequest(Object(Illuminate/Http/Request), Object(Illuminate/Session/Store), Object(Closure))
#29 C:/xampp/htdocs/HoneyBeeshop/vendor/laravel/framework/src/Illuminate/Pipeline/Pipeline.php(209): Illuminate/Session/Middleware/StartSession->handle(Object(Illuminate/Http/Request), Object(Closure))
#30 C:/xampp/htdocs/HoneyBeeshop/vendor/laravel/framework/src/Illuminate/Cookie/Middleware/AddQueuedCookiesToResponse.php(37): Illuminate/Pipeline/Pipeline->Illuminate/Pipeline/{closure}(Object(Illuminate/Http/Request))
#31 C:/xampp/htdocs/HoneyBeeshop/vendor/laravel/framework/src/Illuminate/Pipeline/Pipeline.php(209): Illuminate/Cookie/Middleware/AddQueuedCookiesToResponse->handle(Object(Illuminate/Http/Request), Object(Closure))
#32 C:/xampp/htdocs/HoneyBeeshop/vendor/laravel/framework/src/Illuminate/Cookie/Middleware/EncryptCookies.php(75): Illuminate/Pipeline/Pipeline->Illuminate/Pipeline/{closure}(Object(Illuminate/Http/Request))
#33 C:/xampp/htdocs/HoneyBeeshop/vendor/laravel/framework/src/Illuminate/Pipeline/Pipeline.php(209): Illuminate/Cookie/Middleware/EncryptCookies->handle(Object(Illuminate/Http/Request), Object(Closure))
#34 C:/xampp/htdocs/HoneyBeeshop/vendor/laravel/framework/src/Illuminate/Pipeline/Pipeline.php(127): Illuminate/Pipeline/Pipeline->Illuminate/Pipeline/{closure}(Object(Illuminate/Http/Request))
#35 C:/xampp/htdocs/HoneyBeeshop/vendor/laravel/framework/src/Illuminate/Routing/Router.php(807): Illuminate/Pipeline/Pipeline->then(Object(Closure))
#36 C:/xampp/htdocs/HoneyBeeshop/vendor/laravel/framework/src/Illuminate/Routing/Router.php(786): Illuminate/Routing/Router->runRouteWithinStack(Object(Illuminate/Routing/Route), Object(Illuminate/Http/Request))
#37 C:/xampp/htdocs/HoneyBeeshop/vendor/laravel/framework/src/Illuminate/Routing/Router.php(750): Illuminate/Routing/Router->runRoute(Object(Illuminate/Http/Request), Object(Illuminate/Routing/Route))
#38 C:/xampp/htdocs/HoneyBeeshop/vendor/laravel/framework/src/Illuminate/Routing/Router.php(739): Illuminate/Routing/Router->dispatchToRoute(Object(Illuminate/Http/Request))
#39 C:/xampp/htdocs/HoneyBeeshop/vendor/laravel/framework/src/Illuminate/Foundation/Http/Kernel.php(201): Illuminate/Routing/Router->dispatch(Object(Illuminate/Http/Request))
#40 C:/xampp/htdocs/HoneyBeeshop/vendor/laravel/framework/src/Illuminate/Pipeline/Pipeline.php(170): Illuminate/Foundation/Http/Kernel->Illuminate/Foundation/Http/{closure}(Object(Illuminate/Http/Request))
#41 C:/xampp/htdocs/HoneyBeeshop/vendor/laravel/framework/src/Illuminate/Foundation/Http/Middleware/TransformsRequest.php(21): Illuminate/Pipeline/Pipeline->Illuminate/Pipeline/{closure}(Object(Illuminate/Http/Request))
#42 C:/xampp/htdocs/HoneyBeeshop/vendor/laravel/framework/src/Illuminate/Foundation/Http/Middleware/ConvertEmptyStringsToNull.php(31): Illuminate/Foundation/Http/Middleware/TransformsRequest->handle(Object(Illuminate/Http/Request), Object(Closure))
#43 C:/xampp/htdocs/HoneyBeeshop/vendor/laravel/framework/src/Illuminate/Pipeline/Pipeline.php(209): Illuminate/Foundation/Http/Middleware/ConvertEmptyStringsToNull->handle(Object(Illuminate/Http/Request), Object(Closure))
#44 C:/xampp/htdocs/HoneyBeeshop/vendor/laravel/framework/src/Illuminate/Foundation/Http/Middleware/TransformsRequest.php(21): Illuminate/Pipeline/Pipeline->Illuminate/Pipeline/{closure}(Object(Illuminate/Http/Request))
#45 C:/xampp/htdocs/HoneyBeeshop/vendor/laravel/framework/src/Illuminate/Foundation/Http/Middleware/TrimStrings.php(51): Illuminate/Foundation/Http/Middleware/TransformsRequest->handle(Object(Illuminate/Http/Request), Object(Closure))
#46 C:/xampp/htdocs/HoneyBeeshop/vendor/laravel/framework/src/Illuminate/Pipeline/Pipeline.php(209): Illuminate/Foundation/Http/Middleware/TrimStrings->handle(Object(Illuminate/Http/Request), Object(Closure))
#47 C:/xampp/htdocs/HoneyBeeshop/vendor/laravel/framework/src/Illuminate/Http/Middleware/ValidatePostSize.php(27): Illuminate/Pipeline/Pipeline->Illuminate/Pipeline/{closure}(Object(Illuminate/Http/Request))
#48 C:/xampp/htdocs/HoneyBeeshop/vendor/laravel/framework/src/Illuminate/Pipeline/Pipeline.php(209): Illuminate/Http/Middleware/ValidatePostSize->handle(Object(Illuminate/Http/Request), Object(Closure))
#49 C:/xampp/htdocs/HoneyBeeshop/vendor/laravel/framework/src/Illuminate/Foundation/Http/Middleware/PreventRequestsDuringMaintenance.php(110): Illuminate/Pipeline/Pipeline->Illuminate/Pipeline/{closure}(Object(Illuminate/Http/Request))
#50 C:/xampp/htdocs/HoneyBeeshop/vendor/laravel/framework/src/Illuminate/Pipeline/Pipeline.php(209): Illuminate/Foundation/Http/Middleware/PreventRequestsDuringMaintenance->handle(Object(Illuminate/Http/Request), Object(Closure))
#51 C:/xampp/htdocs/HoneyBeeshop/vendor/laravel/framework/src/Illuminate/Http/Middleware/HandleCors.php(49): Illuminate/Pipeline/Pipeline->Illuminate/Pipeline/{closure}(Object(Illuminate/Http/Request))
#52 C:/xampp/htdocs/HoneyBeeshop/vendor/laravel/framework/src/Illuminate/Pipeline/Pipeline.php(209): Illuminate/Http/Middleware/HandleCors->handle(Object(Illuminate/Http/Request), Object(Closure))
#53 C:/xampp/htdocs/HoneyBeeshop/vendor/laravel/framework/src/Illuminate/Http/Middleware/TrustProxies.php(58): Illuminate/Pipeline/Pipeline->Illuminate/Pipeline/{closure}(Object(Illuminate/Http/Request))
#54 C:/xampp/htdocs/HoneyBeeshop/vendor/laravel/framework/src/Illuminate/Pipeline/Pipeline.php(209): Illuminate/Http/Middleware/TrustProxies->handle(Object(Illuminate/Http/Request), Object(Closure))
#55 C:/xampp/htdocs/HoneyBeeshop/vendor/laravel/framework/src/Illuminate/Foundation/Http/Middleware/InvokeDeferredCallbacks.php(22): Illuminate/Pipeline/Pipeline->Illuminate/Pipeline/{closure}(Object(Illuminate/Http/Request))
#56 C:/xampp/htdocs/HoneyBeeshop/vendor/laravel/framework/src/Illuminate/Pipeline/Pipeline.php(209): Illuminate/Foundation/Http/Middleware/InvokeDeferredCallbacks->handle(Object(Illuminate/Http/Request), Object(Closure))
#57 C:/xampp/htdocs/HoneyBeeshop/vendor/laravel/framework/src/Illuminate/Pipeline/Pipeline.php(127): Illuminate/Pipeline/Pipeline->Illuminate/Pipeline/{closure}(Object(Illuminate/Http/Request))
#58 C:/xampp/htdocs/HoneyBeeshop/vendor/laravel/framework/src/Illuminate/Foundation/Http/Kernel.php(176): Illuminate/Pipeline/Pipeline->then(Object(Closure))
#59 C:/xampp/htdocs/HoneyBeeshop/vendor/laravel/framework/src/Illuminate/Foundation/Http/Kernel.php(145): Illuminate/Foundation/Http/Kernel->sendRequestThroughRouter(Object(Illuminate/Http/Request))
#60 C:/xampp/htdocs/HoneyBeeshop/vendor/laravel/framework/src/Illuminate/Foundation/Application.php(1220): Illuminate/Foundation/Http/Kernel->handle(Object(Illuminate/Http/Request))
#61 C:/xampp/htdocs/HoneyBeeshop/public/index.php(17): Illuminate/Foundation/Application->handleRequest(Object(Illuminate/Http/Request))
#62 C:/xampp/htdocs/HoneyBeeshop/vendor/laravel/framework/src/Illuminate/Foundation/resources/server.php(23): require_once('C://xampp//htdocs...')
#63 {main}
"} 
[2026-06-24 17:31:56] local.ERROR: SQLSTATE[HY000] [1049] Unknown database 'honeybeeshop' (Connection: mysql, SQL: select * from `sessions` where `id` = 8ZS4xYiVW0ZJcTTtygG3ZBDATfLhD5VJxHPfZxil limit 1) {"exception":"[object] (Illuminate\\Database\\QueryException(code: 1049): SQLSTATE[HY000] [1049] Unknown database 'honeybeeshop' (Connection: mysql, SQL: select * from `sessions` where `id` = 8ZS4xYiVW0ZJcTTtygG3ZBDATfLhD5VJxHPfZxil limit 1) at C:/wamp64/www/HoneyBeeshop/vendor/laravel/framework/src/Illuminate/Database/Connection.php:825)
[stacktrace]
#0 C:/wamp64/www/HoneyBeeshop/vendor/laravel/framework/src/Illuminate/Database/Connection.php(779): Illuminate/Database/Connection->runQueryCallback('select * from `...', Array, Object(Closure))
#1 C:/wamp64/www/HoneyBeeshop/vendor/laravel/framework/src/Illuminate/Database/Connection.php(398): Illuminate/Database/Connection->run('select * from `...', Array, Object(Closure))
#2 C:/wamp64/www/HoneyBeeshop/vendor/laravel/framework/src/Illuminate/Database/Query/Builder.php(3106): Illuminate/Database/Connection->select('select * from `...', Array, false)
#3 C:/wamp64/www/HoneyBeeshop/vendor/laravel/framework/src/Illuminate/Database/Query/Builder.php(3091): Illuminate/Database/Query/Builder->runSelect()
#4 C:/wamp64/www/HoneyBeeshop/vendor/laravel/framework/src/Illuminate/Database/Query/Builder.php(3676): Illuminate/Database/Query/Builder->Illuminate/Database/Query/{closure}()
#5 C:/wamp64/www/HoneyBeeshop/vendor/laravel/framework/src/Illuminate/Database/Query/Builder.php(3090): Illuminate/Database/Query/Builder->onceWithColumns(Array, Object(Closure))
#6 C:/wamp64/www/HoneyBeeshop/vendor/laravel/framework/src/Illuminate/Database/Concerns/BuildsQueries.php(343): Illuminate/Database/Query/Builder->get(Array)
#7 C:/wamp64/www/HoneyBeeshop/vendor/laravel/framework/src/Illuminate/Database/Query/Builder.php(3013): Illuminate/Database/Query/Builder->first(Array)
#8 C:/wamp64/www/HoneyBeeshop/vendor/laravel/framework/src/Illuminate/Session/DatabaseSessionHandler.php(97): Illuminate/Database/Query/Builder->find('8ZS4xYiVW0ZJcTT...')
#9 C:/wamp64/www/HoneyBeeshop/vendor/laravel/framework/src/Illuminate/Session/Store.php(117): Illuminate/Session/DatabaseSessionHandler->read('8ZS4xYiVW0ZJcTT...')
#10 C:/wamp64/www/HoneyBeeshop/vendor/laravel/framework/src/Illuminate/Session/Store.php(105): Illuminate/Session/Store->readFromHandler()
#11 C:/wamp64/www/HoneyBeeshop/vendor/laravel/framework/src/Illuminate/Session/Store.php(89): Illuminate/Session/Store->loadSession()
#12 C:/wamp64/www/HoneyBeeshop/vendor/laravel/framework/src/Illuminate/Session/Middleware/StartSession.php(147): Illuminate/Session/Store->start()
#13 C:/wamp64/www/HoneyBeeshop/vendor/laravel/framework/src/Illuminate/Support/helpers.php(399): Illuminate/Session/Middleware/StartSession->Illuminate/Session/Middleware/{closure}(Object(Illuminate/Session/Store))
#14 C:/wamp64/www/HoneyBeeshop/vendor/laravel/framework/src/Illuminate/Session/Middleware/StartSession.php(144): tap(Object(Illuminate/Session/Store), Object(Closure))
#15 C:/wamp64/www/HoneyBeeshop/vendor/laravel/framework/src/Illuminate/Session/Middleware/StartSession.php(116): Illuminate/Session/Middleware/StartSession->startSession(Object(Illuminate/Http/Request), Object(Illuminate/Session/Store))
#16 C:/wamp64/www/HoneyBeeshop/vendor/laravel/framework/src/Illuminate/Session/Middleware/StartSession.php(64): Illuminate/Session/Middleware/StartSession->handleStatefulRequest(Object(Illuminate/Http/Request), Object(Illuminate/Session/Store), Object(Closure))
#17 C:/wamp64/www/HoneyBeeshop/vendor/laravel/framework/src/Illuminate/Pipeline/Pipeline.php(209): Illuminate/Session/Middleware/StartSession->handle(Object(Illuminate/Http/Request), Object(Closure))
#18 C:/wamp64/www/HoneyBeeshop/vendor/laravel/framework/src/Illuminate/Cookie/Middleware/AddQueuedCookiesToResponse.php(37): Illuminate/Pipeline/Pipeline->Illuminate/Pipeline/{closure}(Object(Illuminate/Http/Request))
#19 C:/wamp64/www/HoneyBeeshop/vendor/laravel/framework/src/Illuminate/Pipeline/Pipeline.php(209): Illuminate/Cookie/Middleware/AddQueuedCookiesToResponse->handle(Object(Illuminate/Http/Request), Object(Closure))
#20 C:/wamp64/www/HoneyBeeshop/vendor/laravel/framework/src/Illuminate/Cookie/Middleware/EncryptCookies.php(75): Illuminate/Pipeline/Pipeline->Illuminate/Pipeline/{closure}(Object(Illuminate/Http/Request))
#21 C:/wamp64/www/HoneyBeeshop/vendor/laravel/framework/src/Illuminate/Pipeline/Pipeline.php(209): Illuminate/Cookie/Middleware/EncryptCookies->handle(Object(Illuminate/Http/Request), Object(Closure))
#22 C:/wamp64/www/HoneyBeeshop/vendor/laravel/framework/src/Illuminate/Pipeline/Pipeline.php(127): Illuminate/Pipeline/Pipeline->Illuminate/Pipeline/{closure}(Object(Illuminate/Http/Request))
#23 C:/wamp64/www/HoneyBeeshop/vendor/laravel/framework/src/Illuminate/Routing/Router.php(807): Illuminate/Pipeline/Pipeline->then(Object(Closure))
#24 C:/wamp64/www/HoneyBeeshop/vendor/laravel/framework/src/Illuminate/Routing/Router.php(786): Illuminate/Routing/Router->runRouteWithinStack(Object(Illuminate/Routing/Route), Object(Illuminate/Http/Request))
#25 C:/wamp64/www/HoneyBeeshop/vendor/laravel/framework/src/Illuminate/Routing/Router.php(750): Illuminate/Routing/Router->runRoute(Object(Illuminate/Http/Request), Object(Illuminate/Routing/Route))
#26 C:/wamp64/www/HoneyBeeshop/vendor/laravel/framework/src/Illuminate/Routing/Router.php(739): Illuminate/Routing/Router->dispatchToRoute(Object(Illuminate/Http/Request))
#27 C:/wamp64/www/HoneyBeeshop/vendor/laravel/framework/src/Illuminate/Foundation/Http/Kernel.php(201): Illuminate/Routing/Router->dispatch(Object(Illuminate/Http/Request))
#28 C:/wamp64/www/HoneyBeeshop/vendor/laravel/framework/src/Illuminate/Pipeline/Pipeline.php(170): Illuminate/Foundation/Http/Kernel->Illuminate/Foundation/Http/{closure}(Object(Illuminate/Http/Request))
#29 C:/wamp64/www/HoneyBeeshop/vendor/laravel/framework/src/Illuminate/Foundation/Http/Middleware/TransformsRequest.php(21): Illuminate/Pipeline/Pipeline->Illuminate/Pipeline/{closure}(Object(Illuminate/Http/Request))
#30 C:/wamp64/www/HoneyBeeshop/vendor/laravel/framework/src/Illuminate/Foundation/Http/Middleware/ConvertEmptyStringsToNull.php(31): Illuminate/Foundation/Http/Middleware/TransformsRequest->handle(Object(Illuminate/Http/Request), Object(Closure))
#31 C:/wamp64/www/HoneyBeeshop/vendor/laravel/framework/src/Illuminate/Pipeline/Pipeline.php(209): Illuminate/Foundation/Http/Middleware/ConvertEmptyStringsToNull->handle(Object(Illuminate/Http/Request), Object(Closure))
#32 C:/wamp64/www/HoneyBeeshop/vendor/laravel/framework/src/Illuminate/Foundation/Http/Middleware/TransformsRequest.php(21): Illuminate/Pipeline/Pipeline->Illuminate/Pipeline/{closure}(Object(Illuminate/Http/Request))
#33 C:/wamp64/www/HoneyBeeshop/vendor/laravel/framework/src/Illuminate/Foundation/Http/Middleware/TrimStrings.php(51): Illuminate/Foundation/Http/Middleware/TransformsRequest->handle(Object(Illuminate/Http/Request), Object(Closure))
#34 C:/wamp64/www/HoneyBeeshop/vendor/laravel/framework/src/Illuminate/Pipeline/Pipeline.php(209): Illuminate/Foundation/Http/Middleware/TrimStrings->handle(Object(Illuminate/Http/Request), Object(Closure))
#35 C:/wamp64/www/HoneyBeeshop/vendor/laravel/framework/src/Illuminate/Http/Middleware/ValidatePostSize.php(27): Illuminate/Pipeline/Pipeline->Illuminate/Pipeline/{closure}(Object(Illuminate/Http/Request))
#36 C:/wamp64/www/HoneyBeeshop/vendor/laravel/framework/src/Illuminate/Pipeline/Pipeline.php(209): Illuminate/Http/Middleware/ValidatePostSize->handle(Object(Illuminate/Http/Request), Object(Closure))
#37 C:/wamp64/www/HoneyBeeshop/vendor/laravel/framework/src/Illuminate/Foundation/Http/Middleware/PreventRequestsDuringMaintenance.php(110): Illuminate/Pipeline/Pipeline->Illuminate/Pipeline/{closure}(Object(Illuminate/Http/Request))
#38 C:/wamp64/www/HoneyBeeshop/vendor/laravel/framework/src/Illuminate/Pipeline/Pipeline.php(209): Illuminate/Foundation/Http/Middleware/PreventRequestsDuringMaintenance->handle(Object(Illuminate/Http/Request), Object(Closure))
#39 C:/wamp64/www/HoneyBeeshop/vendor/laravel/framework/src/Illuminate/Http/Middleware/HandleCors.php(49): Illuminate/Pipeline/Pipeline->Illuminate/Pipeline/{closure}(Object(Illuminate/Http/Request))
#40 C:/wamp64/www/HoneyBeeshop/vendor/laravel/framework/src/Illuminate/Pipeline/Pipeline.php(209): Illuminate/Http/Middleware/HandleCors->handle(Object(Illuminate/Http/Request), Object(Closure))
#41 C:/wamp64/www/HoneyBeeshop/vendor/laravel/framework/src/Illuminate/Http/Middleware/TrustProxies.php(58): Illuminate/Pipeline/Pipeline->Illuminate/Pipeline/{closure}(Object(Illuminate/Http/Request))
#42 C:/wamp64/www/HoneyBeeshop/vendor/laravel/framework/src/Illuminate/Pipeline/Pipeline.php(209): Illuminate/Http/Middleware/TrustProxies->handle(Object(Illuminate/Http/Request), Object(Closure))
#43 C:/wamp64/www/HoneyBeeshop/vendor/laravel/framework/src/Illuminate/Foundation/Http/Middleware/InvokeDeferredCallbacks.php(22): Illuminate/Pipeline/Pipeline->Illuminate/Pipeline/{closure}(Object(Illuminate/Http/Request))
#44 C:/wamp64/www/HoneyBeeshop/vendor/laravel/framework/src/Illuminate/Pipeline/Pipeline.php(209): Illuminate/Foundation/Http/Middleware/InvokeDeferredCallbacks->handle(Object(Illuminate/Http/Request), Object(Closure))
#45 C:/wamp64/www/HoneyBeeshop/vendor/laravel/framework/src/Illuminate/Pipeline/Pipeline.php(127): Illuminate/Pipeline/Pipeline->Illuminate/Pipeline/{closure}(Object(Illuminate/Http/Request))
#46 C:/wamp64/www/HoneyBeeshop/vendor/laravel/framework/src/Illuminate/Foundation/Http/Kernel.php(176): Illuminate/Pipeline/Pipeline->then(Object(Closure))
#47 C:/wamp64/www/HoneyBeeshop/vendor/laravel/framework/src/Illuminate/Foundation/Http/Kernel.php(145): Illuminate/Foundation/Http/Kernel->sendRequestThroughRouter(Object(Illuminate/Http/Request))
#48 C:/wamp64/www/HoneyBeeshop/vendor/laravel/framework/src/Illuminate/Foundation/Application.php(1220): Illuminate/Foundation/Http/Kernel->handle(Object(Illuminate/Http/Request))
#49 C:/wamp64/www/HoneyBeeshop/public/index.php(17): Illuminate/Foundation/Application->handleRequest(Object(Illuminate/Http/Request))
#50 C:/wamp64/www/HoneyBeeshop/vendor/laravel/framework/src/Illuminate/Foundation/resources/server.php(23): require_once('C://wamp64//www//H...')
#51 {main}

[previous exception] [object] (PDOException(code: 1049): SQLSTATE[HY000] [1049] Unknown database 'honeybeeshop' at C:/wamp64/www/HoneyBeeshop/vendor/laravel/framework/src/Illuminate/Database/Connectors/Connector.php:66)
[stacktrace]
#0 C:/wamp64/www/HoneyBeeshop/vendor/laravel/framework/src/Illuminate/Database/Connectors/Connector.php(66): PDO->__construct('mysql:host=127....', 'root', Object(SensitiveParameterValue), Array)
#1 C:/wamp64/www/HoneyBeeshop/vendor/laravel/framework/src/Illuminate/Database/Connectors/Connector.php(44): Illuminate/Database/Connectors/Connector->createPdoConnection('mysql:host=127....', 'root', Object(SensitiveParameterValue), Array)
#2 C:/wamp64/www/HoneyBeeshop/vendor/laravel/framework/src/Illuminate/Database/Connectors/MySqlConnector.php(24): Illuminate/Database/Connectors/Connector->createConnection('mysql:host=127....', Array, Array)
#3 C:/wamp64/www/HoneyBeeshop/vendor/laravel/framework/src/Illuminate/Database/Connectors/ConnectionFactory.php(185): Illuminate/Database/Connectors/MySqlConnector->connect(Array)
#4 [internal function]: Illuminate/Database/Connectors/ConnectionFactory->Illuminate/Database/Connectors/{closure}()
#5 C:/wamp64/www/HoneyBeeshop/vendor/laravel/framework/src/Illuminate/Database/Connection.php(1231): call_user_func(Object(Closure))
#6 C:/wamp64/www/HoneyBeeshop/vendor/laravel/framework/src/Illuminate/Database/Connection.php(512): Illuminate/Database/Connection->getPdo()
#7 C:/wamp64/www/HoneyBeeshop/vendor/laravel/framework/src/Illuminate/Database/Connection.php(407): Illuminate/Database/Connection->getPdoForSelect(false)
#8 C:/wamp64/www/HoneyBeeshop/vendor/laravel/framework/src/Illuminate/Database/Connection.php(812): Illuminate/Database/Connection->Illuminate/Database/{closure}('select * from `...', Array)
#9 C:/wamp64/www/HoneyBeeshop/vendor/laravel/framework/src/Illuminate/Database/Connection.php(779): Illuminate/Database/Connection->runQueryCallback('select * from `...', Array, Object(Closure))
#10 C:/wamp64/www/HoneyBeeshop/vendor/laravel/framework/src/Illuminate/Database/Connection.php(398): Illuminate/Database/Connection->run('select * from `...', Array, Object(Closure))
#11 C:/wamp64/www/HoneyBeeshop/vendor/laravel/framework/src/Illuminate/Database/Query/Builder.php(3106): Illuminate/Database/Connection->select('select * from `...', Array, false)
#12 C:/wamp64/www/HoneyBeeshop/vendor/laravel/framework/src/Illuminate/Database/Query/Builder.php(3091): Illuminate/Database/Query/Builder->runSelect()
#13 C:/wamp64/www/HoneyBeeshop/vendor/laravel/framework/src/Illuminate/Database/Query/Builder.php(3676): Illuminate/Database/Query/Builder->Illuminate/Database/Query/{closure}()
#14 C:/wamp64/www/HoneyBeeshop/vendor/laravel/framework/src/Illuminate/Database/Query/Builder.php(3090): Illuminate/Database/Query/Builder->onceWithColumns(Array, Object(Closure))
#15 C:/wamp64/www/HoneyBeeshop/vendor/laravel/framework/src/Illuminate/Database/Concerns/BuildsQueries.php(343): Illuminate/Database/Query/Builder->get(Array)
#16 C:/wamp64/www/HoneyBeeshop/vendor/laravel/framework/src/Illuminate/Database/Query/Builder.php(3013): Illuminate/Database/Query/Builder->first(Array)
#17 C:/wamp64/www/HoneyBeeshop/vendor/laravel/framework/src/Illuminate/Session/DatabaseSessionHandler.php(97): Illuminate/Database/Query/Builder->find('8ZS4xYiVW0ZJcTT...')
#18 C:/wamp64/www/HoneyBeeshop/vendor/laravel/framework/src/Illuminate/Session/Store.php(117): Illuminate/Session/DatabaseSessionHandler->read('8ZS4xYiVW0ZJcTT...')
#19 C:/wamp64/www/HoneyBeeshop/vendor/laravel/framework/src/Illuminate/Session/Store.php(105): Illuminate/Session/Store->readFromHandler()
#20 C:/wamp64/www/HoneyBeeshop/vendor/laravel/framework/src/Illuminate/Session/Store.php(89): Illuminate/Session/Store->loadSession()
#21 C:/wamp64/www/HoneyBeeshop/vendor/laravel/framework/src/Illuminate/Session/Middleware/StartSession.php(147): Illuminate/Session/Store->start()
#22 C:/wamp64/www/HoneyBeeshop/vendor/laravel/framework/src/Illuminate/Support/helpers.php(399): Illuminate/Session/Middleware/StartSession->Illuminate/Session/Middleware/{closure}(Object(Illuminate/Session/Store))
#23 C:/wamp64/www/HoneyBeeshop/vendor/laravel/framework/src/Illuminate/Session/Middleware/StartSession.php(144): tap(Object(Illuminate/Session/Store), Object(Closure))
#24 C:/wamp64/www/HoneyBeeshop/vendor/laravel/framework/src/Illuminate/Session/Middleware/StartSession.php(116): Illuminate/Session/Middleware/StartSession->startSession(Object(Illuminate/Http/Request), Object(Illuminate/Session/Store))
#25 C:/wamp64/www/HoneyBeeshop/vendor/laravel/framework/src/Illuminate/Session/Middleware/StartSession.php(64): Illuminate/Session/Middleware/StartSession->handleStatefulRequest(Object(Illuminate/Http/Request), Object(Illuminate/Session/Store), Object(Closure))
#26 C:/wamp64/www/HoneyBeeshop/vendor/laravel/framework/src/Illuminate/Pipeline/Pipeline.php(209): Illuminate/Session/Middleware/StartSession->handle(Object(Illuminate/Http/Request), Object(Closure))
#27 C:/wamp64/www/HoneyBeeshop/vendor/laravel/framework/src/Illuminate/Cookie/Middleware/AddQueuedCookiesToResponse.php(37): Illuminate/Pipeline/Pipeline->Illuminate/Pipeline/{closure}(Object(Illuminate/Http/Request))
#28 C:/wamp64/www/HoneyBeeshop/vendor/laravel/framework/src/Illuminate/Pipeline/Pipeline.php(209): Illuminate/Cookie/Middleware/AddQueuedCookiesToResponse->handle(Object(Illuminate/Http/Request), Object(Closure))
#29 C:/wamp64/www/HoneyBeeshop/vendor/laravel/framework/src/Illuminate/Cookie/Middleware/EncryptCookies.php(75): Illuminate/Pipeline/Pipeline->Illuminate/Pipeline/{closure}(Object(Illuminate/Http/Request))
#30 C:/wamp64/www/HoneyBeeshop/vendor/laravel/framework/src/Illuminate/Pipeline/Pipeline.php(209): Illuminate/Cookie/Middleware/EncryptCookies->handle(Object(Illuminate/Http/Request), Object(Closure))
#31 C:/wamp64/www/HoneyBeeshop/vendor/laravel/framework/src/Illuminate/Pipeline/Pipeline.php(127): Illuminate/Pipeline/Pipeline->Illuminate/Pipeline/{closure}(Object(Illuminate/Http/Request))
#32 C:/wamp64/www/HoneyBeeshop/vendor/laravel/framework/src/Illuminate/Routing/Router.php(807): Illuminate/Pipeline/Pipeline->then(Object(Closure))
#33 C:/wamp64/www/HoneyBeeshop/vendor/laravel/framework/src/Illuminate/Routing/Router.php(786): Illuminate/Routing/Router->runRouteWithinStack(Object(Illuminate/Routing/Route), Object(Illuminate/Http/Request))
#34 C:/wamp64/www/HoneyBeeshop/vendor/laravel/framework/src/Illuminate/Routing/Router.php(750): Illuminate/Routing/Router->runRoute(Object(Illuminate/Http/Request), Object(Illuminate/Routing/Route))
#35 C:/wamp64/www/HoneyBeeshop/vendor/laravel/framework/src/Illuminate/Routing/Router.php(739): Illuminate/Routing/Router->dispatchToRoute(Object(Illuminate/Http/Request))
#36 C:/wamp64/www/HoneyBeeshop/vendor/laravel/framework/src/Illuminate/Foundation/Http/Kernel.php(201): Illuminate/Routing/Router->dispatch(Object(Illuminate/Http/Request))
#37 C:/wamp64/www/HoneyBeeshop/vendor/laravel/framework/src/Illuminate/Pipeline/Pipeline.php(170): Illuminate/Foundation/Http/Kernel->Illuminate/Foundation/Http/{closure}(Object(Illuminate/Http/Request))
#38 C:/wamp64/www/HoneyBeeshop/vendor/laravel/framework/src/Illuminate/Foundation/Http/Middleware/TransformsRequest.php(21): Illuminate/Pipeline/Pipeline->Illuminate/Pipeline/{closure}(Object(Illuminate/Http/Request))
#39 C:/wamp64/www/HoneyBeeshop/vendor/laravel/framework/src/Illuminate/Foundation/Http/Middleware/ConvertEmptyStringsToNull.php(31): Illuminate/Foundation/Http/Middleware/TransformsRequest->handle(Object(Illuminate/Http/Request), Object(Closure))
#40 C:/wamp64/www/HoneyBeeshop/vendor/laravel/framework/src/Illuminate/Pipeline/Pipeline.php(209): Illuminate/Foundation/Http/Middleware/ConvertEmptyStringsToNull->handle(Object(Illuminate/Http/Request), Object(Closure))
#41 C:/wamp64/www/HoneyBeeshop/vendor/laravel/framework/src/Illuminate/Foundation/Http/Middleware/TransformsRequest.php(21): Illuminate/Pipeline/Pipeline->Illuminate/Pipeline/{closure}(Object(Illuminate/Http/Request))
#42 C:/wamp64/www/HoneyBeeshop/vendor/laravel/framework/src/Illuminate/Foundation/Http/Middleware/TrimStrings.php(51): Illuminate/Foundation/Http/Middleware/TransformsRequest->handle(Object(Illuminate/Http/Request), Object(Closure))
#43 C:/wamp64/www/HoneyBeeshop/vendor/laravel/framework/src/Illuminate/Pipeline/Pipeline.php(209): Illuminate/Foundation/Http/Middleware/TrimStrings->handle(Object(Illuminate/Http/Request), Object(Closure))
#44 C:/wamp64/www/HoneyBeeshop/vendor/laravel/framework/src/Illuminate/Http/Middleware/ValidatePostSize.php(27): Illuminate/Pipeline/Pipeline->Illuminate/Pipeline/{closure}(Object(Illuminate/Http/Request))
#45 C:/wamp64/www/HoneyBeeshop/vendor/laravel/framework/src/Illuminate/Pipeline/Pipeline.php(209): Illuminate/Http/Middleware/ValidatePostSize->handle(Object(Illuminate/Http/Request), Object(Closure))
#46 C:/wamp64/www/HoneyBeeshop/vendor/laravel/framework/src/Illuminate/Foundation/Http/Middleware/PreventRequestsDuringMaintenance.php(110): Illuminate/Pipeline/Pipeline->Illuminate/Pipeline/{closure}(Object(Illuminate/Http/Request))
#47 C:/wamp64/www/HoneyBeeshop/vendor/laravel/framework/src/Illuminate/Pipeline/Pipeline.php(209): Illuminate/Foundation/Http/Middleware/PreventRequestsDuringMaintenance->handle(Object(Illuminate/Http/Request), Object(Closure))
#48 C:/wamp64/www/HoneyBeeshop/vendor/laravel/framework/src/Illuminate/Http/Middleware/HandleCors.php(49): Illuminate/Pipeline/Pipeline->Illuminate/Pipeline/{closure}(Object(Illuminate/Http/Request))
#49 C:/wamp64/www/HoneyBeeshop/vendor/laravel/framework/src/Illuminate/Pipeline/Pipeline.php(209): Illuminate/Http/Middleware/HandleCors->handle(Object(Illuminate/Http/Request), Object(Closure))
#50 C:/wamp64/www/HoneyBeeshop/vendor/laravel/framework/src/Illuminate/Http/Middleware/TrustProxies.php(58): Illuminate/Pipeline/Pipeline->Illuminate/Pipeline/{closure}(Object(Illuminate/Http/Request))
#51 C:/wamp64/www/HoneyBeeshop/vendor/laravel/framework/src/Illuminate/Pipeline/Pipeline.php(209): Illuminate/Http/Middleware/TrustProxies->handle(Object(Illuminate/Http/Request), Object(Closure))
#52 C:/wamp64/www/HoneyBeeshop/vendor/laravel/framework/src/Illuminate/Foundation/Http/Middleware/InvokeDeferredCallbacks.php(22): Illuminate/Pipeline/Pipeline->Illuminate/Pipeline/{closure}(Object(Illuminate/Http/Request))
#53 C:/wamp64/www/HoneyBeeshop/vendor/laravel/framework/src/Illuminate/Pipeline/Pipeline.php(209): Illuminate/Foundation/Http/Middleware/InvokeDeferredCallbacks->handle(Object(Illuminate/Http/Request), Object(Closure))
#54 C:/wamp64/www/HoneyBeeshop/vendor/laravel/framework/src/Illuminate/Pipeline/Pipeline.php(127): Illuminate/Pipeline/Pipeline->Illuminate/Pipeline/{closure}(Object(Illuminate/Http/Request))
#55 C:/wamp64/www/HoneyBeeshop/vendor/laravel/framework/src/Illuminate/Foundation/Http/Kernel.php(176): Illuminate/Pipeline/Pipeline->then(Object(Closure))
#56 C:/wamp64/www/HoneyBeeshop/vendor/laravel/framework/src/Illuminate/Foundation/Http/Kernel.php(145): Illuminate/Foundation/Http/Kernel->sendRequestThroughRouter(Object(Illuminate/Http/Request))
#57 C:/wamp64/www/HoneyBeeshop/vendor/laravel/framework/src/Illuminate/Foundation/Application.php(1220): Illuminate/Foundation/Http/Kernel->handle(Object(Illuminate/Http/Request))
#58 C:/wamp64/www/HoneyBeeshop/public/index.php(17): Illuminate/Foundation/Application->handleRequest(Object(Illuminate/Http/Request))
#59 C:/wamp64/www/HoneyBeeshop/vendor/laravel/framework/src/Illuminate/Foundation/resources/server.php(23): require_once('C://wamp64//www//H...')
#60 {main}
"} 
[2026-06-24 17:31:57] local.ERROR: SQLSTATE[HY000] [1049] Unknown database 'honeybeeshop' (Connection: mysql, SQL: select * from `sessions` where `id` = WpZivayGwLaJuGD65KvfMN8BjZTQofJp7kb9zAas limit 1) {"exception":"[object] (Illuminate\\Database\\QueryException(code: 1049): SQLSTATE[HY000] [1049] Unknown database 'honeybeeshop' (Connection: mysql, SQL: select * from `sessions` where `id` = WpZivayGwLaJuGD65KvfMN8BjZTQofJp7kb9zAas limit 1) at C:/wamp64/www/HoneyBeeshop/vendor/laravel/framework/src/Illuminate/Database/Connection.php:825)
[stacktrace]
#0 C:/wamp64/www/HoneyBeeshop/vendor/laravel/framework/src/Illuminate/Database/Connection.php(779): Illuminate/Database/Connection->runQueryCallback('select * from `...', Array, Object(Closure))
#1 C:/wamp64/www/HoneyBeeshop/vendor/laravel/framework/src/Illuminate/Database/Connection.php(398): Illuminate/Database/Connection->run('select * from `...', Array, Object(Closure))
#2 C:/wamp64/www/HoneyBeeshop/vendor/laravel/framework/src/Illuminate/Database/Query/Builder.php(3106): Illuminate/Database/Connection->select('select * from `...', Array, false)
#3 C:/wamp64/www/HoneyBeeshop/vendor/laravel/framework/src/Illuminate/Database/Query/Builder.php(3091): Illuminate/Database/Query/Builder->runSelect()
#4 C:/wamp64/www/HoneyBeeshop/vendor/laravel/framework/src/Illuminate/Database/Query/Builder.php(3676): Illuminate/Database/Query/Builder->Illuminate/Database/Query/{closure}()
#5 C:/wamp64/www/HoneyBeeshop/vendor/laravel/framework/src/Illuminate/Database/Query/Builder.php(3090): Illuminate/Database/Query/Builder->onceWithColumns(Array, Object(Closure))
#6 C:/wamp64/www/HoneyBeeshop/vendor/laravel/framework/src/Illuminate/Database/Concerns/BuildsQueries.php(343): Illuminate/Database/Query/Builder->get(Array)
#7 C:/wamp64/www/HoneyBeeshop/vendor/laravel/framework/src/Illuminate/Database/Query/Builder.php(3013): Illuminate/Database/Query/Builder->first(Array)
#8 C:/wamp64/www/HoneyBeeshop/vendor/laravel/framework/src/Illuminate/Session/DatabaseSessionHandler.php(97): Illuminate/Database/Query/Builder->find('WpZivayGwLaJuGD...')
#9 C:/wamp64/www/HoneyBeeshop/vendor/laravel/framework/src/Illuminate/Session/Store.php(117): Illuminate/Session/DatabaseSessionHandler->read('WpZivayGwLaJuGD...')
#10 C:/wamp64/www/HoneyBeeshop/vendor/laravel/framework/src/Illuminate/Session/Store.php(105): Illuminate/Session/Store->readFromHandler()
#11 C:/wamp64/www/HoneyBeeshop/vendor/laravel/framework/src/Illuminate/Session/Store.php(89): Illuminate/Session/Store->loadSession()
#12 C:/wamp64/www/HoneyBeeshop/vendor/laravel/framework/src/Illuminate/Session/Middleware/StartSession.php(147): Illuminate/Session/Store->start()
#13 C:/wamp64/www/HoneyBeeshop/vendor/laravel/framework/src/Illuminate/Support/helpers.php(399): Illuminate/Session/Middleware/StartSession->Illuminate/Session/Middleware/{closure}(Object(Illuminate/Session/Store))
#14 C:/wamp64/www/HoneyBeeshop/vendor/laravel/framework/src/Illuminate/Session/Middleware/StartSession.php(144): tap(Object(Illuminate/Session/Store), Object(Closure))
#15 C:/wamp64/www/HoneyBeeshop/vendor/laravel/framework/src/Illuminate/Session/Middleware/StartSession.php(116): Illuminate/Session/Middleware/StartSession->startSession(Object(Illuminate/Http/Request), Object(Illuminate/Session/Store))
#16 C:/wamp64/www/HoneyBeeshop/vendor/laravel/framework/src/Illuminate/Session/Middleware/StartSession.php(64): Illuminate/Session/Middleware/StartSession->handleStatefulRequest(Object(Illuminate/Http/Request), Object(Illuminate/Session/Store), Object(Closure))
#17 C:/wamp64/www/HoneyBeeshop/vendor/laravel/framework/src/Illuminate/Pipeline/Pipeline.php(209): Illuminate/Session/Middleware/StartSession->handle(Object(Illuminate/Http/Request), Object(Closure))
#18 C:/wamp64/www/HoneyBeeshop/vendor/laravel/framework/src/Illuminate/Cookie/Middleware/AddQueuedCookiesToResponse.php(37): Illuminate/Pipeline/Pipeline->Illuminate/Pipeline/{closure}(Object(Illuminate/Http/Request))
#19 C:/wamp64/www/HoneyBeeshop/vendor/laravel/framework/src/Illuminate/Pipeline/Pipeline.php(209): Illuminate/Cookie/Middleware/AddQueuedCookiesToResponse->handle(Object(Illuminate/Http/Request), Object(Closure))
#20 C:/wamp64/www/HoneyBeeshop/vendor/laravel/framework/src/Illuminate/Cookie/Middleware/EncryptCookies.php(75): Illuminate/Pipeline/Pipeline->Illuminate/Pipeline/{closure}(Object(Illuminate/Http/Request))
#21 C:/wamp64/www/HoneyBeeshop/vendor/laravel/framework/src/Illuminate/Pipeline/Pipeline.php(209): Illuminate/Cookie/Middleware/EncryptCookies->handle(Object(Illuminate/Http/Request), Object(Closure))
#22 C:/wamp64/www/HoneyBeeshop/vendor/laravel/framework/src/Illuminate/Pipeline/Pipeline.php(127): Illuminate/Pipeline/Pipeline->Illuminate/Pipeline/{closure}(Object(Illuminate/Http/Request))
#23 C:/wamp64/www/HoneyBeeshop/vendor/laravel/framework/src/Illuminate/Routing/Router.php(807): Illuminate/Pipeline/Pipeline->then(Object(Closure))
#24 C:/wamp64/www/HoneyBeeshop/vendor/laravel/framework/src/Illuminate/Routing/Router.php(786): Illuminate/Routing/Router->runRouteWithinStack(Object(Illuminate/Routing/Route), Object(Illuminate/Http/Request))
#25 C:/wamp64/www/HoneyBeeshop/vendor/laravel/framework/src/Illuminate/Routing/Router.php(750): Illuminate/Routing/Router->runRoute(Object(Illuminate/Http/Request), Object(Illuminate/Routing/Route))
#26 C:/wamp64/www/HoneyBeeshop/vendor/laravel/framework/src/Illuminate/Routing/Router.php(739): Illuminate/Routing/Router->dispatchToRoute(Object(Illuminate/Http/Request))
#27 C:/wamp64/www/HoneyBeeshop/vendor/laravel/framework/src/Illuminate/Foundation/Http/Kernel.php(201): Illuminate/Routing/Router->dispatch(Object(Illuminate/Http/Request))
#28 C:/wamp64/www/HoneyBeeshop/vendor/laravel/framework/src/Illuminate/Pipeline/Pipeline.php(170): Illuminate/Foundation/Http/Kernel->Illuminate/Foundation/Http/{closure}(Object(Illuminate/Http/Request))
#29 C:/wamp64/www/HoneyBeeshop/vendor/laravel/framework/src/Illuminate/Foundation/Http/Middleware/TransformsRequest.php(21): Illuminate/Pipeline/Pipeline->Illuminate/Pipeline/{closure}(Object(Illuminate/Http/Request))
#30 C:/wamp64/www/HoneyBeeshop/vendor/laravel/framework/src/Illuminate/Foundation/Http/Middleware/ConvertEmptyStringsToNull.php(31): Illuminate/Foundation/Http/Middleware/TransformsRequest->handle(Object(Illuminate/Http/Request), Object(Closure))
#31 C:/wamp64/www/HoneyBeeshop/vendor/laravel/framework/src/Illuminate/Pipeline/Pipeline.php(209): Illuminate/Foundation/Http/Middleware/ConvertEmptyStringsToNull->handle(Object(Illuminate/Http/Request), Object(Closure))
#32 C:/wamp64/www/HoneyBeeshop/vendor/laravel/framework/src/Illuminate/Foundation/Http/Middleware/TransformsRequest.php(21): Illuminate/Pipeline/Pipeline->Illuminate/Pipeline/{closure}(Object(Illuminate/Http/Request))
#33 C:/wamp64/www/HoneyBeeshop/vendor/laravel/framework/src/Illuminate/Foundation/Http/Middleware/TrimStrings.php(51): Illuminate/Foundation/Http/Middleware/TransformsRequest->handle(Object(Illuminate/Http/Request), Object(Closure))
#34 C:/wamp64/www/HoneyBeeshop/vendor/laravel/framework/src/Illuminate/Pipeline/Pipeline.php(209): Illuminate/Foundation/Http/Middleware/TrimStrings->handle(Object(Illuminate/Http/Request), Object(Closure))
#35 C:/wamp64/www/HoneyBeeshop/vendor/laravel/framework/src/Illuminate/Http/Middleware/ValidatePostSize.php(27): Illuminate/Pipeline/Pipeline->Illuminate/Pipeline/{closure}(Object(Illuminate/Http/Request))
#36 C:/wamp64/www/HoneyBeeshop/vendor/laravel/framework/src/Illuminate/Pipeline/Pipeline.php(209): Illuminate/Http/Middleware/ValidatePostSize->handle(Object(Illuminate/Http/Request), Object(Closure))
#37 C:/wamp64/www/HoneyBeeshop/vendor/laravel/framework/src/Illuminate/Foundation/Http/Middleware/PreventRequestsDuringMaintenance.php(110): Illuminate/Pipeline/Pipeline->Illuminate/Pipeline/{closure}(Object(Illuminate/Http/Request))
#38 C:/wamp64/www/HoneyBeeshop/vendor/laravel/framework/src/Illuminate/Pipeline/Pipeline.php(209): Illuminate/Foundation/Http/Middleware/PreventRequestsDuringMaintenance->handle(Object(Illuminate/Http/Request), Object(Closure))
#39 C:/wamp64/www/HoneyBeeshop/vendor/laravel/framework/src/Illuminate/Http/Middleware/HandleCors.php(49): Illuminate/Pipeline/Pipeline->Illuminate/Pipeline/{closure}(Object(Illuminate/Http/Request))
#40 C:/wamp64/www/HoneyBeeshop/vendor/laravel/framework/src/Illuminate/Pipeline/Pipeline.php(209): Illuminate/Http/Middleware/HandleCors->handle(Object(Illuminate/Http/Request), Object(Closure))
#41 C:/wamp64/www/HoneyBeeshop/vendor/laravel/framework/src/Illuminate/Http/Middleware/TrustProxies.php(58): Illuminate/Pipeline/Pipeline->Illuminate/Pipeline/{closure}(Object(Illuminate/Http/Request))
#42 C:/wamp64/www/HoneyBeeshop/vendor/laravel/framework/src/Illuminate/Pipeline/Pipeline.php(209): Illuminate/Http/Middleware/TrustProxies->handle(Object(Illuminate/Http/Request), Object(Closure))
#43 C:/wamp64/www/HoneyBeeshop/vendor/laravel/framework/src/Illuminate/Foundation/Http/Middleware/InvokeDeferredCallbacks.php(22): Illuminate/Pipeline/Pipeline->Illuminate/Pipeline/{closure}(Object(Illuminate/Http/Request))
#44 C:/wamp64/www/HoneyBeeshop/vendor/laravel/framework/src/Illuminate/Pipeline/Pipeline.php(209): Illuminate/Foundation/Http/Middleware/InvokeDeferredCallbacks->handle(Object(Illuminate/Http/Request), Object(Closure))
#45 C:/wamp64/www/HoneyBeeshop/vendor/laravel/framework/src/Illuminate/Pipeline/Pipeline.php(127): Illuminate/Pipeline/Pipeline->Illuminate/Pipeline/{closure}(Object(Illuminate/Http/Request))
#46 C:/wamp64/www/HoneyBeeshop/vendor/laravel/framework/src/Illuminate/Foundation/Http/Kernel.php(176): Illuminate/Pipeline/Pipeline->then(Object(Closure))
#47 C:/wamp64/www/HoneyBeeshop/vendor/laravel/framework/src/Illuminate/Foundation/Http/Kernel.php(145): Illuminate/Foundation/Http/Kernel->sendRequestThroughRouter(Object(Illuminate/Http/Request))
#48 C:/wamp64/www/HoneyBeeshop/vendor/laravel/framework/src/Illuminate/Foundation/Application.php(1220): Illuminate/Foundation/Http/Kernel->handle(Object(Illuminate/Http/Request))
#49 C:/wamp64/www/HoneyBeeshop/public/index.php(17): Illuminate/Foundation/Application->handleRequest(Object(Illuminate/Http/Request))
#50 C:/wamp64/www/HoneyBeeshop/vendor/laravel/framework/src/Illuminate/Foundation/resources/server.php(23): require_once('C://wamp64//www//H...')
#51 {main}

[previous exception] [object] (PDOException(code: 1049): SQLSTATE[HY000] [1049] Unknown database 'honeybeeshop' at C:/wamp64/www/HoneyBeeshop/vendor/laravel/framework/src/Illuminate/Database/Connectors/Connector.php:66)
[stacktrace]
#0 C:/wamp64/www/HoneyBeeshop/vendor/laravel/framework/src/Illuminate/Database/Connectors/Connector.php(66): PDO->__construct('mysql:host=127....', 'root', Object(SensitiveParameterValue), Array)
#1 C:/wamp64/www/HoneyBeeshop/vendor/laravel/framework/src/Illuminate/Database/Connectors/Connector.php(44): Illuminate/Database/Connectors/Connector->createPdoConnection('mysql:host=127....', 'root', Object(SensitiveParameterValue), Array)
#2 C:/wamp64/www/HoneyBeeshop/vendor/laravel/framework/src/Illuminate/Database/Connectors/MySqlConnector.php(24): Illuminate/Database/Connectors/Connector->createConnection('mysql:host=127....', Array, Array)
#3 C:/wamp64/www/HoneyBeeshop/vendor/laravel/framework/src/Illuminate/Database/Connectors/ConnectionFactory.php(185): Illuminate/Database/Connectors/MySqlConnector->connect(Array)
#4 [internal function]: Illuminate/Database/Connectors/ConnectionFactory->Illuminate/Database/Connectors/{closure}()
#5 C:/wamp64/www/HoneyBeeshop/vendor/laravel/framework/src/Illuminate/Database/Connection.php(1231): call_user_func(Object(Closure))
#6 C:/wamp64/www/HoneyBeeshop/vendor/laravel/framework/src/Illuminate/Database/Connection.php(512): Illuminate/Database/Connection->getPdo()
#7 C:/wamp64/www/HoneyBeeshop/vendor/laravel/framework/src/Illuminate/Database/Connection.php(407): Illuminate/Database/Connection->getPdoForSelect(false)
#8 C:/wamp64/www/HoneyBeeshop/vendor/laravel/framework/src/Illuminate/Database/Connection.php(812): Illuminate/Database/Connection->Illuminate/Database/{closure}('select * from `...', Array)
#9 C:/wamp64/www/HoneyBeeshop/vendor/laravel/framework/src/Illuminate/Database/Connection.php(779): Illuminate/Database/Connection->runQueryCallback('select * from `...', Array, Object(Closure))
#10 C:/wamp64/www/HoneyBeeshop/vendor/laravel/framework/src/Illuminate/Database/Connection.php(398): Illuminate/Database/Connection->run('select * from `...', Array, Object(Closure))
#11 C:/wamp64/www/HoneyBeeshop/vendor/laravel/framework/src/Illuminate/Database/Query/Builder.php(3106): Illuminate/Database/Connection->select('select * from `...', Array, false)
#12 C:/wamp64/www/HoneyBeeshop/vendor/laravel/framework/src/Illuminate/Database/Query/Builder.php(3091): Illuminate/Database/Query/Builder->runSelect()
#13 C:/wamp64/www/HoneyBeeshop/vendor/laravel/framework/src/Illuminate/Database/Query/Builder.php(3676): Illuminate/Database/Query/Builder->Illuminate/Database/Query/{closure}()
#14 C:/wamp64/www/HoneyBeeshop/vendor/laravel/framework/src/Illuminate/Database/Query/Builder.php(3090): Illuminate/Database/Query/Builder->onceWithColumns(Array, Object(Closure))
#15 C:/wamp64/www/HoneyBeeshop/vendor/laravel/framework/src/Illuminate/Database/Concerns/BuildsQueries.php(343): Illuminate/Database/Query/Builder->get(Array)
#16 C:/wamp64/www/HoneyBeeshop/vendor/laravel/framework/src/Illuminate/Database/Query/Builder.php(3013): Illuminate/Database/Query/Builder->first(Array)
#17 C:/wamp64/www/HoneyBeeshop/vendor/laravel/framework/src/Illuminate/Session/DatabaseSessionHandler.php(97): Illuminate/Database/Query/Builder->find('WpZivayGwLaJuGD...')
#18 C:/wamp64/www/HoneyBeeshop/vendor/laravel/framework/src/Illuminate/Session/Store.php(117): Illuminate/Session/DatabaseSessionHandler->read('WpZivayGwLaJuGD...')
#19 C:/wamp64/www/HoneyBeeshop/vendor/laravel/framework/src/Illuminate/Session/Store.php(105): Illuminate/Session/Store->readFromHandler()
#20 C:/wamp64/www/HoneyBeeshop/vendor/laravel/framework/src/Illuminate/Session/Store.php(89): Illuminate/Session/Store->loadSession()
#21 C:/wamp64/www/HoneyBeeshop/vendor/laravel/framework/src/Illuminate/Session/Middleware/StartSession.php(147): Illuminate/Session/Store->start()
#22 C:/wamp64/www/HoneyBeeshop/vendor/laravel/framework/src/Illuminate/Support/helpers.php(399): Illuminate/Session/Middleware/StartSession->Illuminate/Session/Middleware/{closure}(Object(Illuminate/Session/Store))
#23 C:/wamp64/www/HoneyBeeshop/vendor/laravel/framework/src/Illuminate/Session/Middleware/StartSession.php(144): tap(Object(Illuminate/Session/Store), Object(Closure))
#24 C:/wamp64/www/HoneyBeeshop/vendor/laravel/framework/src/Illuminate/Session/Middleware/StartSession.php(116): Illuminate/Session/Middleware/StartSession->startSession(Object(Illuminate/Http/Request), Object(Illuminate/Session/Store))
#25 C:/wamp64/www/HoneyBeeshop/vendor/laravel/framework/src/Illuminate/Session/Middleware/StartSession.php(64): Illuminate/Session/Middleware/StartSession->handleStatefulRequest(Object(Illuminate/Http/Request), Object(Illuminate/Session/Store), Object(Closure))
#26 C:/wamp64/www/HoneyBeeshop/vendor/laravel/framework/src/Illuminate/Pipeline/Pipeline.php(209): Illuminate/Session/Middleware/StartSession->handle(Object(Illuminate/Http/Request), Object(Closure))
#27 C:/wamp64/www/HoneyBeeshop/vendor/laravel/framework/src/Illuminate/Cookie/Middleware/AddQueuedCookiesToResponse.php(37): Illuminate/Pipeline/Pipeline->Illuminate/Pipeline/{closure}(Object(Illuminate/Http/Request))
#28 C:/wamp64/www/HoneyBeeshop/vendor/laravel/framework/src/Illuminate/Pipeline/Pipeline.php(209): Illuminate/Cookie/Middleware/AddQueuedCookiesToResponse->handle(Object(Illuminate/Http/Request), Object(Closure))
#29 C:/wamp64/www/HoneyBeeshop/vendor/laravel/framework/src/Illuminate/Cookie/Middleware/EncryptCookies.php(75): Illuminate/Pipeline/Pipeline->Illuminate/Pipeline/{closure}(Object(Illuminate/Http/Request))
#30 C:/wamp64/www/HoneyBeeshop/vendor/laravel/framework/src/Illuminate/Pipeline/Pipeline.php(209): Illuminate/Cookie/Middleware/EncryptCookies->handle(Object(Illuminate/Http/Request), Object(Closure))
#31 C:/wamp64/www/HoneyBeeshop/vendor/laravel/framework/src/Illuminate/Pipeline/Pipeline.php(127): Illuminate/Pipeline/Pipeline->Illuminate/Pipeline/{closure}(Object(Illuminate/Http/Request))
#32 C:/wamp64/www/HoneyBeeshop/vendor/laravel/framework/src/Illuminate/Routing/Router.php(807): Illuminate/Pipeline/Pipeline->then(Object(Closure))
#33 C:/wamp64/www/HoneyBeeshop/vendor/laravel/framework/src/Illuminate/Routing/Router.php(786): Illuminate/Routing/Router->runRouteWithinStack(Object(Illuminate/Routing/Route), Object(Illuminate/Http/Request))
#34 C:/wamp64/www/HoneyBeeshop/vendor/laravel/framework/src/Illuminate/Routing/Router.php(750): Illuminate/Routing/Router->runRoute(Object(Illuminate/Http/Request), Object(Illuminate/Routing/Route))
#35 C:/wamp64/www/HoneyBeeshop/vendor/laravel/framework/src/Illuminate/Routing/Router.php(739): Illuminate/Routing/Router->dispatchToRoute(Object(Illuminate/Http/Request))
#36 C:/wamp64/www/HoneyBeeshop/vendor/laravel/framework/src/Illuminate/Foundation/Http/Kernel.php(201): Illuminate/Routing/Router->dispatch(Object(Illuminate/Http/Request))
#37 C:/wamp64/www/HoneyBeeshop/vendor/laravel/framework/src/Illuminate/Pipeline/Pipeline.php(170): Illuminate/Foundation/Http/Kernel->Illuminate/Foundation/Http/{closure}(Object(Illuminate/Http/Request))
#38 C:/wamp64/www/HoneyBeeshop/vendor/laravel/framework/src/Illuminate/Foundation/Http/Middleware/TransformsRequest.php(21): Illuminate/Pipeline/Pipeline->Illuminate/Pipeline/{closure}(Object(Illuminate/Http/Request))
#39 C:/wamp64/www/HoneyBeeshop/vendor/laravel/framework/src/Illuminate/Foundation/Http/Middleware/ConvertEmptyStringsToNull.php(31): Illuminate/Foundation/Http/Middleware/TransformsRequest->handle(Object(Illuminate/Http/Request), Object(Closure))
#40 C:/wamp64/www/HoneyBeeshop/vendor/laravel/framework/src/Illuminate/Pipeline/Pipeline.php(209): Illuminate/Foundation/Http/Middleware/ConvertEmptyStringsToNull->handle(Object(Illuminate/Http/Request), Object(Closure))
#41 C:/wamp64/www/HoneyBeeshop/vendor/laravel/framework/src/Illuminate/Foundation/Http/Middleware/TransformsRequest.php(21): Illuminate/Pipeline/Pipeline->Illuminate/Pipeline/{closure}(Object(Illuminate/Http/Request))
#42 C:/wamp64/www/HoneyBeeshop/vendor/laravel/framework/src/Illuminate/Foundation/Http/Middleware/TrimStrings.php(51): Illuminate/Foundation/Http/Middleware/TransformsRequest->handle(Object(Illuminate/Http/Request), Object(Closure))
#43 C:/wamp64/www/HoneyBeeshop/vendor/laravel/framework/src/Illuminate/Pipeline/Pipeline.php(209): Illuminate/Foundation/Http/Middleware/TrimStrings->handle(Object(Illuminate/Http/Request), Object(Closure))
#44 C:/wamp64/www/HoneyBeeshop/vendor/laravel/framework/src/Illuminate/Http/Middleware/ValidatePostSize.php(27): Illuminate/Pipeline/Pipeline->Illuminate/Pipeline/{closure}(Object(Illuminate/Http/Request))
#45 C:/wamp64/www/HoneyBeeshop/vendor/laravel/framework/src/Illuminate/Pipeline/Pipeline.php(209): Illuminate/Http/Middleware/ValidatePostSize->handle(Object(Illuminate/Http/Request), Object(Closure))
#46 C:/wamp64/www/HoneyBeeshop/vendor/laravel/framework/src/Illuminate/Foundation/Http/Middleware/PreventRequestsDuringMaintenance.php(110): Illuminate/Pipeline/Pipeline->Illuminate/Pipeline/{closure}(Object(Illuminate/Http/Request))
#47 C:/wamp64/www/HoneyBeeshop/vendor/laravel/framework/src/Illuminate/Pipeline/Pipeline.php(209): Illuminate/Foundation/Http/Middleware/PreventRequestsDuringMaintenance->handle(Object(Illuminate/Http/Request), Object(Closure))
#48 C:/wamp64/www/HoneyBeeshop/vendor/laravel/framework/src/Illuminate/Http/Middleware/HandleCors.php(49): Illuminate/Pipeline/Pipeline->Illuminate/Pipeline/{closure}(Object(Illuminate/Http/Request))
#49 C:/wamp64/www/HoneyBeeshop/vendor/laravel/framework/src/Illuminate/Pipeline/Pipeline.php(209): Illuminate/Http/Middleware/HandleCors->handle(Object(Illuminate/Http/Request), Object(Closure))
#50 C:/wamp64/www/HoneyBeeshop/vendor/laravel/framework/src/Illuminate/Http/Middleware/TrustProxies.php(58): Illuminate/Pipeline/Pipeline->Illuminate/Pipeline/{closure}(Object(Illuminate/Http/Request))
#51 C:/wamp64/www/HoneyBeeshop/vendor/laravel/framework/src/Illuminate/Pipeline/Pipeline.php(209): Illuminate/Http/Middleware/TrustProxies->handle(Object(Illuminate/Http/Request), Object(Closure))
#52 C:/wamp64/www/HoneyBeeshop/vendor/laravel/framework/src/Illuminate/Foundation/Http/Middleware/InvokeDeferredCallbacks.php(22): Illuminate/Pipeline/Pipeline->Illuminate/Pipeline/{closure}(Object(Illuminate/Http/Request))
#53 C:/wamp64/www/HoneyBeeshop/vendor/laravel/framework/src/Illuminate/Pipeline/Pipeline.php(209): Illuminate/Foundation/Http/Middleware/InvokeDeferredCallbacks->handle(Object(Illuminate/Http/Request), Object(Closure))
#54 C:/wamp64/www/HoneyBeeshop/vendor/laravel/framework/src/Illuminate/Pipeline/Pipeline.php(127): Illuminate/Pipeline/Pipeline->Illuminate/Pipeline/{closure}(Object(Illuminate/Http/Request))
#55 C:/wamp64/www/HoneyBeeshop/vendor/laravel/framework/src/Illuminate/Foundation/Http/Kernel.php(176): Illuminate/Pipeline/Pipeline->then(Object(Closure))
#56 C:/wamp64/www/HoneyBeeshop/vendor/laravel/framework/src/Illuminate/Foundation/Http/Kernel.php(145): Illuminate/Foundation/Http/Kernel->sendRequestThroughRouter(Object(Illuminate/Http/Request))
#57 C:/wamp64/www/HoneyBeeshop/vendor/laravel/framework/src/Illuminate/Foundation/Application.php(1220): Illuminate/Foundation/Http/Kernel->handle(Object(Illuminate/Http/Request))
#58 C:/wamp64/www/HoneyBeeshop/public/index.php(17): Illuminate/Foundation/Application->handleRequest(Object(Illuminate/Http/Request))
#59 C:/wamp64/www/HoneyBeeshop/vendor/laravel/framework/src/Illuminate/Foundation/resources/server.php(23): require_once('C://wamp64//www//H...')
#60 {main}
"} 
[2026-06-24 17:33:19] local.ERROR: SQLSTATE[HY000] [1049] Unknown database 'honeybeeshop' (Connection: mysql, SQL: select * from `sessions` where `id` = hZBpcisbKJB1XLiS2xmeihh0y9IgEY4DX7HqmYKI limit 1) {"exception":"[object] (Illuminate\\Database\\QueryException(code: 1049): SQLSTATE[HY000] [1049] Unknown database 'honeybeeshop' (Connection: mysql, SQL: select * from `sessions` where `id` = hZBpcisbKJB1XLiS2xmeihh0y9IgEY4DX7HqmYKI limit 1) at C:/wamp64/www/HoneyBeeshop/vendor/laravel/framework/src/Illuminate/Database/Connection.php:825)
[stacktrace]
#0 C:/wamp64/www/HoneyBeeshop/vendor/laravel/framework/src/Illuminate/Database/Connection.php(779): Illuminate/Database/Connection->runQueryCallback('select * from `...', Array, Object(Closure))
#1 C:/wamp64/www/HoneyBeeshop/vendor/laravel/framework/src/Illuminate/Database/Connection.php(398): Illuminate/Database/Connection->run('select * from `...', Array, Object(Closure))
#2 C:/wamp64/www/HoneyBeeshop/vendor/laravel/framework/src/Illuminate/Database/Query/Builder.php(3106): Illuminate/Database/Connection->select('select * from `...', Array, false)
#3 C:/wamp64/www/HoneyBeeshop/vendor/laravel/framework/src/Illuminate/Database/Query/Builder.php(3091): Illuminate/Database/Query/Builder->runSelect()
#4 C:/wamp64/www/HoneyBeeshop/vendor/laravel/framework/src/Illuminate/Database/Query/Builder.php(3676): Illuminate/Database/Query/Builder->Illuminate/Database/Query/{closure}()
#5 C:/wamp64/www/HoneyBeeshop/vendor/laravel/framework/src/Illuminate/Database/Query/Builder.php(3090): Illuminate/Database/Query/Builder->onceWithColumns(Array, Object(Closure))
#6 C:/wamp64/www/HoneyBeeshop/vendor/laravel/framework/src/Illuminate/Database/Concerns/BuildsQueries.php(343): Illuminate/Database/Query/Builder->get(Array)
#7 C:/wamp64/www/HoneyBeeshop/vendor/laravel/framework/src/Illuminate/Database/Query/Builder.php(3013): Illuminate/Database/Query/Builder->first(Array)
#8 C:/wamp64/www/HoneyBeeshop/vendor/laravel/framework/src/Illuminate/Session/DatabaseSessionHandler.php(97): Illuminate/Database/Query/Builder->find('hZBpcisbKJB1XLi...')
#9 C:/wamp64/www/HoneyBeeshop/vendor/laravel/framework/src/Illuminate/Session/Store.php(117): Illuminate/Session/DatabaseSessionHandler->read('hZBpcisbKJB1XLi...')
#10 C:/wamp64/www/HoneyBeeshop/vendor/laravel/framework/src/Illuminate/Session/Store.php(105): Illuminate/Session/Store->readFromHandler()
#11 C:/wamp64/www/HoneyBeeshop/vendor/laravel/framework/src/Illuminate/Session/Store.php(89): Illuminate/Session/Store->loadSession()
#12 C:/wamp64/www/HoneyBeeshop/vendor/laravel/framework/src/Illuminate/Session/Middleware/StartSession.php(147): Illuminate/Session/Store->start()
#13 C:/wamp64/www/HoneyBeeshop/vendor/laravel/framework/src/Illuminate/Support/helpers.php(399): Illuminate/Session/Middleware/StartSession->Illuminate/Session/Middleware/{closure}(Object(Illuminate/Session/Store))
#14 C:/wamp64/www/HoneyBeeshop/vendor/laravel/framework/src/Illuminate/Session/Middleware/StartSession.php(144): tap(Object(Illuminate/Session/Store), Object(Closure))
#15 C:/wamp64/www/HoneyBeeshop/vendor/laravel/framework/src/Illuminate/Session/Middleware/StartSession.php(116): Illuminate/Session/Middleware/StartSession->startSession(Object(Illuminate/Http/Request), Object(Illuminate/Session/Store))
#16 C:/wamp64/www/HoneyBeeshop/vendor/laravel/framework/src/Illuminate/Session/Middleware/StartSession.php(64): Illuminate/Session/Middleware/StartSession->handleStatefulRequest(Object(Illuminate/Http/Request), Object(Illuminate/Session/Store), Object(Closure))
#17 C:/wamp64/www/HoneyBeeshop/vendor/laravel/framework/src/Illuminate/Pipeline/Pipeline.php(209): Illuminate/Session/Middleware/StartSession->handle(Object(Illuminate/Http/Request), Object(Closure))
#18 C:/wamp64/www/HoneyBeeshop/vendor/laravel/framework/src/Illuminate/Cookie/Middleware/AddQueuedCookiesToResponse.php(37): Illuminate/Pipeline/Pipeline->Illuminate/Pipeline/{closure}(Object(Illuminate/Http/Request))
#19 C:/wamp64/www/HoneyBeeshop/vendor/laravel/framework/src/Illuminate/Pipeline/Pipeline.php(209): Illuminate/Cookie/Middleware/AddQueuedCookiesToResponse->handle(Object(Illuminate/Http/Request), Object(Closure))
#20 C:/wamp64/www/HoneyBeeshop/vendor/laravel/framework/src/Illuminate/Cookie/Middleware/EncryptCookies.php(75): Illuminate/Pipeline/Pipeline->Illuminate/Pipeline/{closure}(Object(Illuminate/Http/Request))
#21 C:/wamp64/www/HoneyBeeshop/vendor/laravel/framework/src/Illuminate/Pipeline/Pipeline.php(209): Illuminate/Cookie/Middleware/EncryptCookies->handle(Object(Illuminate/Http/Request), Object(Closure))
#22 C:/wamp64/www/HoneyBeeshop/vendor/laravel/framework/src/Illuminate/Pipeline/Pipeline.php(127): Illuminate/Pipeline/Pipeline->Illuminate/Pipeline/{closure}(Object(Illuminate/Http/Request))
#23 C:/wamp64/www/HoneyBeeshop/vendor/laravel/framework/src/Illuminate/Routing/Router.php(807): Illuminate/Pipeline/Pipeline->then(Object(Closure))
#24 C:/wamp64/www/HoneyBeeshop/vendor/laravel/framework/src/Illuminate/Routing/Router.php(786): Illuminate/Routing/Router->runRouteWithinStack(Object(Illuminate/Routing/Route), Object(Illuminate/Http/Request))
#25 C:/wamp64/www/HoneyBeeshop/vendor/laravel/framework/src/Illuminate/Routing/Router.php(750): Illuminate/Routing/Router->runRoute(Object(Illuminate/Http/Request), Object(Illuminate/Routing/Route))
#26 C:/wamp64/www/HoneyBeeshop/vendor/laravel/framework/src/Illuminate/Routing/Router.php(739): Illuminate/Routing/Router->dispatchToRoute(Object(Illuminate/Http/Request))
#27 C:/wamp64/www/HoneyBeeshop/vendor/laravel/framework/src/Illuminate/Foundation/Http/Kernel.php(201): Illuminate/Routing/Router->dispatch(Object(Illuminate/Http/Request))
#28 C:/wamp64/www/HoneyBeeshop/vendor/laravel/framework/src/Illuminate/Pipeline/Pipeline.php(170): Illuminate/Foundation/Http/Kernel->Illuminate/Foundation/Http/{closure}(Object(Illuminate/Http/Request))
#29 C:/wamp64/www/HoneyBeeshop/vendor/laravel/framework/src/Illuminate/Foundation/Http/Middleware/TransformsRequest.php(21): Illuminate/Pipeline/Pipeline->Illuminate/Pipeline/{closure}(Object(Illuminate/Http/Request))
#30 C:/wamp64/www/HoneyBeeshop/vendor/laravel/framework/src/Illuminate/Foundation/Http/Middleware/ConvertEmptyStringsToNull.php(31): Illuminate/Foundation/Http/Middleware/TransformsRequest->handle(Object(Illuminate/Http/Request), Object(Closure))
#31 C:/wamp64/www/HoneyBeeshop/vendor/laravel/framework/src/Illuminate/Pipeline/Pipeline.php(209): Illuminate/Foundation/Http/Middleware/ConvertEmptyStringsToNull->handle(Object(Illuminate/Http/Request), Object(Closure))
#32 C:/wamp64/www/HoneyBeeshop/vendor/laravel/framework/src/Illuminate/Foundation/Http/Middleware/TransformsRequest.php(21): Illuminate/Pipeline/Pipeline->Illuminate/Pipeline/{closure}(Object(Illuminate/Http/Request))
#33 C:/wamp64/www/HoneyBeeshop/vendor/laravel/framework/src/Illuminate/Foundation/Http/Middleware/TrimStrings.php(51): Illuminate/Foundation/Http/Middleware/TransformsRequest->handle(Object(Illuminate/Http/Request), Object(Closure))
#34 C:/wamp64/www/HoneyBeeshop/vendor/laravel/framework/src/Illuminate/Pipeline/Pipeline.php(209): Illuminate/Foundation/Http/Middleware/TrimStrings->handle(Object(Illuminate/Http/Request), Object(Closure))
#35 C:/wamp64/www/HoneyBeeshop/vendor/laravel/framework/src/Illuminate/Http/Middleware/ValidatePostSize.php(27): Illuminate/Pipeline/Pipeline->Illuminate/Pipeline/{closure}(Object(Illuminate/Http/Request))
#36 C:/wamp64/www/HoneyBeeshop/vendor/laravel/framework/src/Illuminate/Pipeline/Pipeline.php(209): Illuminate/Http/Middleware/ValidatePostSize->handle(Object(Illuminate/Http/Request), Object(Closure))
#37 C:/wamp64/www/HoneyBeeshop/vendor/laravel/framework/src/Illuminate/Foundation/Http/Middleware/PreventRequestsDuringMaintenance.php(110): Illuminate/Pipeline/Pipeline->Illuminate/Pipeline/{closure}(Object(Illuminate/Http/Request))
#38 C:/wamp64/www/HoneyBeeshop/vendor/laravel/framework/src/Illuminate/Pipeline/Pipeline.php(209): Illuminate/Foundation/Http/Middleware/PreventRequestsDuringMaintenance->handle(Object(Illuminate/Http/Request), Object(Closure))
#39 C:/wamp64/www/HoneyBeeshop/vendor/laravel/framework/src/Illuminate/Http/Middleware/HandleCors.php(49): Illuminate/Pipeline/Pipeline->Illuminate/Pipeline/{closure}(Object(Illuminate/Http/Request))
#40 C:/wamp64/www/HoneyBeeshop/vendor/laravel/framework/src/Illuminate/Pipeline/Pipeline.php(209): Illuminate/Http/Middleware/HandleCors->handle(Object(Illuminate/Http/Request), Object(Closure))
#41 C:/wamp64/www/HoneyBeeshop/vendor/laravel/framework/src/Illuminate/Http/Middleware/TrustProxies.php(58): Illuminate/Pipeline/Pipeline->Illuminate/Pipeline/{closure}(Object(Illuminate/Http/Request))
#42 C:/wamp64/www/HoneyBeeshop/vendor/laravel/framework/src/Illuminate/Pipeline/Pipeline.php(209): Illuminate/Http/Middleware/TrustProxies->handle(Object(Illuminate/Http/Request), Object(Closure))
#43 C:/wamp64/www/HoneyBeeshop/vendor/laravel/framework/src/Illuminate/Foundation/Http/Middleware/InvokeDeferredCallbacks.php(22): Illuminate/Pipeline/Pipeline->Illuminate/Pipeline/{closure}(Object(Illuminate/Http/Request))
#44 C:/wamp64/www/HoneyBeeshop/vendor/laravel/framework/src/Illuminate/Pipeline/Pipeline.php(209): Illuminate/Foundation/Http/Middleware/InvokeDeferredCallbacks->handle(Object(Illuminate/Http/Request), Object(Closure))
#45 C:/wamp64/www/HoneyBeeshop/vendor/laravel/framework/src/Illuminate/Pipeline/Pipeline.php(127): Illuminate/Pipeline/Pipeline->Illuminate/Pipeline/{closure}(Object(Illuminate/Http/Request))
#46 C:/wamp64/www/HoneyBeeshop/vendor/laravel/framework/src/Illuminate/Foundation/Http/Kernel.php(176): Illuminate/Pipeline/Pipeline->then(Object(Closure))
#47 C:/wamp64/www/HoneyBeeshop/vendor/laravel/framework/src/Illuminate/Foundation/Http/Kernel.php(145): Illuminate/Foundation/Http/Kernel->sendRequestThroughRouter(Object(Illuminate/Http/Request))
#48 C:/wamp64/www/HoneyBeeshop/vendor/laravel/framework/src/Illuminate/Foundation/Application.php(1220): Illuminate/Foundation/Http/Kernel->handle(Object(Illuminate/Http/Request))
#49 C:/wamp64/www/HoneyBeeshop/public/index.php(17): Illuminate/Foundation/Application->handleRequest(Object(Illuminate/Http/Request))
#50 C:/wamp64/www/HoneyBeeshop/vendor/laravel/framework/src/Illuminate/Foundation/resources/server.php(23): require_once('C://wamp64//www//H...')
#51 {main}

[previous exception] [object] (PDOException(code: 1049): SQLSTATE[HY000] [1049] Unknown database 'honeybeeshop' at C:/wamp64/www/HoneyBeeshop/vendor/laravel/framework/src/Illuminate/Database/Connectors/Connector.php:66)
[stacktrace]
#0 C:/wamp64/www/HoneyBeeshop/vendor/laravel/framework/src/Illuminate/Database/Connectors/Connector.php(66): PDO->__construct('mysql:host=127....', 'root', Object(SensitiveParameterValue), Array)
#1 C:/wamp64/www/HoneyBeeshop/vendor/laravel/framework/src/Illuminate/Database/Connectors/Connector.php(44): Illuminate/Database/Connectors/Connector->createPdoConnection('mysql:host=127....', 'root', Object(SensitiveParameterValue), Array)
#2 C:/wamp64/www/HoneyBeeshop/vendor/laravel/framework/src/Illuminate/Database/Connectors/MySqlConnector.php(24): Illuminate/Database/Connectors/Connector->createConnection('mysql:host=127....', Array, Array)
#3 C:/wamp64/www/HoneyBeeshop/vendor/laravel/framework/src/Illuminate/Database/Connectors/ConnectionFactory.php(185): Illuminate/Database/Connectors/MySqlConnector->connect(Array)
#4 [internal function]: Illuminate/Database/Connectors/ConnectionFactory->Illuminate/Database/Connectors/{closure}()
#5 C:/wamp64/www/HoneyBeeshop/vendor/laravel/framework/src/Illuminate/Database/Connection.php(1231): call_user_func(Object(Closure))
#6 C:/wamp64/www/HoneyBeeshop/vendor/laravel/framework/src/Illuminate/Database/Connection.php(512): Illuminate/Database/Connection->getPdo()
#7 C:/wamp64/www/HoneyBeeshop/vendor/laravel/framework/src/Illuminate/Database/Connection.php(407): Illuminate/Database/Connection->getPdoForSelect(false)
#8 C:/wamp64/www/HoneyBeeshop/vendor/laravel/framework/src/Illuminate/Database/Connection.php(812): Illuminate/Database/Connection->Illuminate/Database/{closure}('select * from `...', Array)
#9 C:/wamp64/www/HoneyBeeshop/vendor/laravel/framework/src/Illuminate/Database/Connection.php(779): Illuminate/Database/Connection->runQueryCallback('select * from `...', Array, Object(Closure))
#10 C:/wamp64/www/HoneyBeeshop/vendor/laravel/framework/src/Illuminate/Database/Connection.php(398): Illuminate/Database/Connection->run('select * from `...', Array, Object(Closure))
#11 C:/wamp64/www/HoneyBeeshop/vendor/laravel/framework/src/Illuminate/Database/Query/Builder.php(3106): Illuminate/Database/Connection->select('select * from `...', Array, false)
#12 C:/wamp64/www/HoneyBeeshop/vendor/laravel/framework/src/Illuminate/Database/Query/Builder.php(3091): Illuminate/Database/Query/Builder->runSelect()
#13 C:/wamp64/www/HoneyBeeshop/vendor/laravel/framework/src/Illuminate/Database/Query/Builder.php(3676): Illuminate/Database/Query/Builder->Illuminate/Database/Query/{closure}()
#14 C:/wamp64/www/HoneyBeeshop/vendor/laravel/framework/src/Illuminate/Database/Query/Builder.php(3090): Illuminate/Database/Query/Builder->onceWithColumns(Array, Object(Closure))
#15 C:/wamp64/www/HoneyBeeshop/vendor/laravel/framework/src/Illuminate/Database/Concerns/BuildsQueries.php(343): Illuminate/Database/Query/Builder->get(Array)
#16 C:/wamp64/www/HoneyBeeshop/vendor/laravel/framework/src/Illuminate/Database/Query/Builder.php(3013): Illuminate/Database/Query/Builder->first(Array)
#17 C:/wamp64/www/HoneyBeeshop/vendor/laravel/framework/src/Illuminate/Session/DatabaseSessionHandler.php(97): Illuminate/Database/Query/Builder->find('hZBpcisbKJB1XLi...')
#18 C:/wamp64/www/HoneyBeeshop/vendor/laravel/framework/src/Illuminate/Session/Store.php(117): Illuminate/Session/DatabaseSessionHandler->read('hZBpcisbKJB1XLi...')
#19 C:/wamp64/www/HoneyBeeshop/vendor/laravel/framework/src/Illuminate/Session/Store.php(105): Illuminate/Session/Store->readFromHandler()
#20 C:/wamp64/www/HoneyBeeshop/vendor/laravel/framework/src/Illuminate/Session/Store.php(89): Illuminate/Session/Store->loadSession()
#21 C:/wamp64/www/HoneyBeeshop/vendor/laravel/framework/src/Illuminate/Session/Middleware/StartSession.php(147): Illuminate/Session/Store->start()
#22 C:/wamp64/www/HoneyBeeshop/vendor/laravel/framework/src/Illuminate/Support/helpers.php(399): Illuminate/Session/Middleware/StartSession->Illuminate/Session/Middleware/{closure}(Object(Illuminate/Session/Store))
#23 C:/wamp64/www/HoneyBeeshop/vendor/laravel/framework/src/Illuminate/Session/Middleware/StartSession.php(144): tap(Object(Illuminate/Session/Store), Object(Closure))
#24 C:/wamp64/www/HoneyBeeshop/vendor/laravel/framework/src/Illuminate/Session/Middleware/StartSession.php(116): Illuminate/Session/Middleware/StartSession->startSession(Object(Illuminate/Http/Request), Object(Illuminate/Session/Store))
#25 C:/wamp64/www/HoneyBeeshop/vendor/laravel/framework/src/Illuminate/Session/Middleware/StartSession.php(64): Illuminate/Session/Middleware/StartSession->handleStatefulRequest(Object(Illuminate/Http/Request), Object(Illuminate/Session/Store), Object(Closure))
#26 C:/wamp64/www/HoneyBeeshop/vendor/laravel/framework/src/Illuminate/Pipeline/Pipeline.php(209): Illuminate/Session/Middleware/StartSession->handle(Object(Illuminate/Http/Request), Object(Closure))
#27 C:/wamp64/www/HoneyBeeshop/vendor/laravel/framework/src/Illuminate/Cookie/Middleware/AddQueuedCookiesToResponse.php(37): Illuminate/Pipeline/Pipeline->Illuminate/Pipeline/{closure}(Object(Illuminate/Http/Request))
#28 C:/wamp64/www/HoneyBeeshop/vendor/laravel/framework/src/Illuminate/Pipeline/Pipeline.php(209): Illuminate/Cookie/Middleware/AddQueuedCookiesToResponse->handle(Object(Illuminate/Http/Request), Object(Closure))
#29 C:/wamp64/www/HoneyBeeshop/vendor/laravel/framework/src/Illuminate/Cookie/Middleware/EncryptCookies.php(75): Illuminate/Pipeline/Pipeline->Illuminate/Pipeline/{closure}(Object(Illuminate/Http/Request))
#30 C:/wamp64/www/HoneyBeeshop/vendor/laravel/framework/src/Illuminate/Pipeline/Pipeline.php(209): Illuminate/Cookie/Middleware/EncryptCookies->handle(Object(Illuminate/Http/Request), Object(Closure))
#31 C:/wamp64/www/HoneyBeeshop/vendor/laravel/framework/src/Illuminate/Pipeline/Pipeline.php(127): Illuminate/Pipeline/Pipeline->Illuminate/Pipeline/{closure}(Object(Illuminate/Http/Request))
#32 C:/wamp64/www/HoneyBeeshop/vendor/laravel/framework/src/Illuminate/Routing/Router.php(807): Illuminate/Pipeline/Pipeline->then(Object(Closure))
#33 C:/wamp64/www/HoneyBeeshop/vendor/laravel/framework/src/Illuminate/Routing/Router.php(786): Illuminate/Routing/Router->runRouteWithinStack(Object(Illuminate/Routing/Route), Object(Illuminate/Http/Request))
#34 C:/wamp64/www/HoneyBeeshop/vendor/laravel/framework/src/Illuminate/Routing/Router.php(750): Illuminate/Routing/Router->runRoute(Object(Illuminate/Http/Request), Object(Illuminate/Routing/Route))
#35 C:/wamp64/www/HoneyBeeshop/vendor/laravel/framework/src/Illuminate/Routing/Router.php(739): Illuminate/Routing/Router->dispatchToRoute(Object(Illuminate/Http/Request))
#36 C:/wamp64/www/HoneyBeeshop/vendor/laravel/framework/src/Illuminate/Foundation/Http/Kernel.php(201): Illuminate/Routing/Router->dispatch(Object(Illuminate/Http/Request))
#37 C:/wamp64/www/HoneyBeeshop/vendor/laravel/framework/src/Illuminate/Pipeline/Pipeline.php(170): Illuminate/Foundation/Http/Kernel->Illuminate/Foundation/Http/{closure}(Object(Illuminate/Http/Request))
#38 C:/wamp64/www/HoneyBeeshop/vendor/laravel/framework/src/Illuminate/Foundation/Http/Middleware/TransformsRequest.php(21): Illuminate/Pipeline/Pipeline->Illuminate/Pipeline/{closure}(Object(Illuminate/Http/Request))
#39 C:/wamp64/www/HoneyBeeshop/vendor/laravel/framework/src/Illuminate/Foundation/Http/Middleware/ConvertEmptyStringsToNull.php(31): Illuminate/Foundation/Http/Middleware/TransformsRequest->handle(Object(Illuminate/Http/Request), Object(Closure))
#40 C:/wamp64/www/HoneyBeeshop/vendor/laravel/framework/src/Illuminate/Pipeline/Pipeline.php(209): Illuminate/Foundation/Http/Middleware/ConvertEmptyStringsToNull->handle(Object(Illuminate/Http/Request), Object(Closure))
#41 C:/wamp64/www/HoneyBeeshop/vendor/laravel/framework/src/Illuminate/Foundation/Http/Middleware/TransformsRequest.php(21): Illuminate/Pipeline/Pipeline->Illuminate/Pipeline/{closure}(Object(Illuminate/Http/Request))
#42 C:/wamp64/www/HoneyBeeshop/vendor/laravel/framework/src/Illuminate/Foundation/Http/Middleware/TrimStrings.php(51): Illuminate/Foundation/Http/Middleware/TransformsRequest->handle(Object(Illuminate/Http/Request), Object(Closure))
#43 C:/wamp64/www/HoneyBeeshop/vendor/laravel/framework/src/Illuminate/Pipeline/Pipeline.php(209): Illuminate/Foundation/Http/Middleware/TrimStrings->handle(Object(Illuminate/Http/Request), Object(Closure))
#44 C:/wamp64/www/HoneyBeeshop/vendor/laravel/framework/src/Illuminate/Http/Middleware/ValidatePostSize.php(27): Illuminate/Pipeline/Pipeline->Illuminate/Pipeline/{closure}(Object(Illuminate/Http/Request))
#45 C:/wamp64/www/HoneyBeeshop/vendor/laravel/framework/src/Illuminate/Pipeline/Pipeline.php(209): Illuminate/Http/Middleware/ValidatePostSize->handle(Object(Illuminate/Http/Request), Object(Closure))
#46 C:/wamp64/www/HoneyBeeshop/vendor/laravel/framework/src/Illuminate/Foundation/Http/Middleware/PreventRequestsDuringMaintenance.php(110): Illuminate/Pipeline/Pipeline->Illuminate/Pipeline/{closure}(Object(Illuminate/Http/Request))
#47 C:/wamp64/www/HoneyBeeshop/vendor/laravel/framework/src/Illuminate/Pipeline/Pipeline.php(209): Illuminate/Foundation/Http/Middleware/PreventRequestsDuringMaintenance->handle(Object(Illuminate/Http/Request), Object(Closure))
#48 C:/wamp64/www/HoneyBeeshop/vendor/laravel/framework/src/Illuminate/Http/Middleware/HandleCors.php(49): Illuminate/Pipeline/Pipeline->Illuminate/Pipeline/{closure}(Object(Illuminate/Http/Request))
#49 C:/wamp64/www/HoneyBeeshop/vendor/laravel/framework/src/Illuminate/Pipeline/Pipeline.php(209): Illuminate/Http/Middleware/HandleCors->handle(Object(Illuminate/Http/Request), Object(Closure))
#50 C:/wamp64/www/HoneyBeeshop/vendor/laravel/framework/src/Illuminate/Http/Middleware/TrustProxies.php(58): Illuminate/Pipeline/Pipeline->Illuminate/Pipeline/{closure}(Object(Illuminate/Http/Request))
#51 C:/wamp64/www/HoneyBeeshop/vendor/laravel/framework/src/Illuminate/Pipeline/Pipeline.php(209): Illuminate/Http/Middleware/TrustProxies->handle(Object(Illuminate/Http/Request), Object(Closure))
#52 C:/wamp64/www/HoneyBeeshop/vendor/laravel/framework/src/Illuminate/Foundation/Http/Middleware/InvokeDeferredCallbacks.php(22): Illuminate/Pipeline/Pipeline->Illuminate/Pipeline/{closure}(Object(Illuminate/Http/Request))
#53 C:/wamp64/www/HoneyBeeshop/vendor/laravel/framework/src/Illuminate/Pipeline/Pipeline.php(209): Illuminate/Foundation/Http/Middleware/InvokeDeferredCallbacks->handle(Object(Illuminate/Http/Request), Object(Closure))
#54 C:/wamp64/www/HoneyBeeshop/vendor/laravel/framework/src/Illuminate/Pipeline/Pipeline.php(127): Illuminate/Pipeline/Pipeline->Illuminate/Pipeline/{closure}(Object(Illuminate/Http/Request))
#55 C:/wamp64/www/HoneyBeeshop/vendor/laravel/framework/src/Illuminate/Foundation/Http/Kernel.php(176): Illuminate/Pipeline/Pipeline->then(Object(Closure))
#56 C:/wamp64/www/HoneyBeeshop/vendor/laravel/framework/src/Illuminate/Foundation/Http/Kernel.php(145): Illuminate/Foundation/Http/Kernel->sendRequestThroughRouter(Object(Illuminate/Http/Request))
#57 C:/wamp64/www/HoneyBeeshop/vendor/laravel/framework/src/Illuminate/Foundation/Application.php(1220): Illuminate/Foundation/Http/Kernel->handle(Object(Illuminate/Http/Request))
#58 C:/wamp64/www/HoneyBeeshop/public/index.php(17): Illuminate/Foundation/Application->handleRequest(Object(Illuminate/Http/Request))
#59 C:/wamp64/www/HoneyBeeshop/vendor/laravel/framework/src/Illuminate/Foundation/resources/server.php(23): require_once('C://wamp64//www//H...')
#60 {main}
"} 
[2026-06-24 17:33:35] local.ERROR: SQLSTATE[HY000] [1049] Unknown database 'honeybeeshop' (Connection: mysql, SQL: select * from `sessions` where `id` = vmBGHiS0aO7QfxIbof7qv96PEmUEjBlbLA5x4B5M limit 1) {"exception":"[object] (Illuminate\\Database\\QueryException(code: 1049): SQLSTATE[HY000] [1049] Unknown database 'honeybeeshop' (Connection: mysql, SQL: select * from `sessions` where `id` = vmBGHiS0aO7QfxIbof7qv96PEmUEjBlbLA5x4B5M limit 1) at C:/wamp64/www/HoneyBeeshop/vendor/laravel/framework/src/Illuminate/Database/Connection.php:825)
[stacktrace]
#0 C:/wamp64/www/HoneyBeeshop/vendor/laravel/framework/src/Illuminate/Database/Connection.php(779): Illuminate/Database/Connection->runQueryCallback('select * from `...', Array, Object(Closure))
#1 C:/wamp64/www/HoneyBeeshop/vendor/laravel/framework/src/Illuminate/Database/Connection.php(398): Illuminate/Database/Connection->run('select * from `...', Array, Object(Closure))
#2 C:/wamp64/www/HoneyBeeshop/vendor/laravel/framework/src/Illuminate/Database/Query/Builder.php(3106): Illuminate/Database/Connection->select('select * from `...', Array, false)
#3 C:/wamp64/www/HoneyBeeshop/vendor/laravel/framework/src/Illuminate/Database/Query/Builder.php(3091): Illuminate/Database/Query/Builder->runSelect()
#4 C:/wamp64/www/HoneyBeeshop/vendor/laravel/framework/src/Illuminate/Database/Query/Builder.php(3676): Illuminate/Database/Query/Builder->Illuminate/Database/Query/{closure}()
#5 C:/wamp64/www/HoneyBeeshop/vendor/laravel/framework/src/Illuminate/Database/Query/Builder.php(3090): Illuminate/Database/Query/Builder->onceWithColumns(Array, Object(Closure))
#6 C:/wamp64/www/HoneyBeeshop/vendor/laravel/framework/src/Illuminate/Database/Concerns/BuildsQueries.php(343): Illuminate/Database/Query/Builder->get(Array)
#7 C:/wamp64/www/HoneyBeeshop/vendor/laravel/framework/src/Illuminate/Database/Query/Builder.php(3013): Illuminate/Database/Query/Builder->first(Array)
#8 C:/wamp64/www/HoneyBeeshop/vendor/laravel/framework/src/Illuminate/Session/DatabaseSessionHandler.php(97): Illuminate/Database/Query/Builder->find('vmBGHiS0aO7QfxI...')
#9 C:/wamp64/www/HoneyBeeshop/vendor/laravel/framework/src/Illuminate/Session/Store.php(117): Illuminate/Session/DatabaseSessionHandler->read('vmBGHiS0aO7QfxI...')
#10 C:/wamp64/www/HoneyBeeshop/vendor/laravel/framework/src/Illuminate/Session/Store.php(105): Illuminate/Session/Store->readFromHandler()
#11 C:/wamp64/www/HoneyBeeshop/vendor/laravel/framework/src/Illuminate/Session/Store.php(89): Illuminate/Session/Store->loadSession()
#12 C:/wamp64/www/HoneyBeeshop/vendor/laravel/framework/src/Illuminate/Session/Middleware/StartSession.php(147): Illuminate/Session/Store->start()
#13 C:/wamp64/www/HoneyBeeshop/vendor/laravel/framework/src/Illuminate/Support/helpers.php(399): Illuminate/Session/Middleware/StartSession->Illuminate/Session/Middleware/{closure}(Object(Illuminate/Session/Store))
#14 C:/wamp64/www/HoneyBeeshop/vendor/laravel/framework/src/Illuminate/Session/Middleware/StartSession.php(144): tap(Object(Illuminate/Session/Store), Object(Closure))
#15 C:/wamp64/www/HoneyBeeshop/vendor/laravel/framework/src/Illuminate/Session/Middleware/StartSession.php(116): Illuminate/Session/Middleware/StartSession->startSession(Object(Illuminate/Http/Request), Object(Illuminate/Session/Store))
#16 C:/wamp64/www/HoneyBeeshop/vendor/laravel/framework/src/Illuminate/Session/Middleware/StartSession.php(64): Illuminate/Session/Middleware/StartSession->handleStatefulRequest(Object(Illuminate/Http/Request), Object(Illuminate/Session/Store), Object(Closure))
#17 C:/wamp64/www/HoneyBeeshop/vendor/laravel/framework/src/Illuminate/Pipeline/Pipeline.php(209): Illuminate/Session/Middleware/StartSession->handle(Object(Illuminate/Http/Request), Object(Closure))
#18 C:/wamp64/www/HoneyBeeshop/vendor/laravel/framework/src/Illuminate/Cookie/Middleware/AddQueuedCookiesToResponse.php(37): Illuminate/Pipeline/Pipeline->Illuminate/Pipeline/{closure}(Object(Illuminate/Http/Request))
#19 C:/wamp64/www/HoneyBeeshop/vendor/laravel/framework/src/Illuminate/Pipeline/Pipeline.php(209): Illuminate/Cookie/Middleware/AddQueuedCookiesToResponse->handle(Object(Illuminate/Http/Request), Object(Closure))
#20 C:/wamp64/www/HoneyBeeshop/vendor/laravel/framework/src/Illuminate/Cookie/Middleware/EncryptCookies.php(75): Illuminate/Pipeline/Pipeline->Illuminate/Pipeline/{closure}(Object(Illuminate/Http/Request))
#21 C:/wamp64/www/HoneyBeeshop/vendor/laravel/framework/src/Illuminate/Pipeline/Pipeline.php(209): Illuminate/Cookie/Middleware/EncryptCookies->handle(Object(Illuminate/Http/Request), Object(Closure))
#22 C:/wamp64/www/HoneyBeeshop/vendor/laravel/framework/src/Illuminate/Pipeline/Pipeline.php(127): Illuminate/Pipeline/Pipeline->Illuminate/Pipeline/{closure}(Object(Illuminate/Http/Request))
#23 C:/wamp64/www/HoneyBeeshop/vendor/laravel/framework/src/Illuminate/Routing/Router.php(807): Illuminate/Pipeline/Pipeline->then(Object(Closure))
#24 C:/wamp64/www/HoneyBeeshop/vendor/laravel/framework/src/Illuminate/Routing/Router.php(786): Illuminate/Routing/Router->runRouteWithinStack(Object(Illuminate/Routing/Route), Object(Illuminate/Http/Request))
#25 C:/wamp64/www/HoneyBeeshop/vendor/laravel/framework/src/Illuminate/Routing/Router.php(750): Illuminate/Routing/Router->runRoute(Object(Illuminate/Http/Request), Object(Illuminate/Routing/Route))
#26 C:/wamp64/www/HoneyBeeshop/vendor/laravel/framework/src/Illuminate/Routing/Router.php(739): Illuminate/Routing/Router->dispatchToRoute(Object(Illuminate/Http/Request))
#27 C:/wamp64/www/HoneyBeeshop/vendor/laravel/framework/src/Illuminate/Foundation/Http/Kernel.php(201): Illuminate/Routing/Router->dispatch(Object(Illuminate/Http/Request))
#28 C:/wamp64/www/HoneyBeeshop/vendor/laravel/framework/src/Illuminate/Pipeline/Pipeline.php(170): Illuminate/Foundation/Http/Kernel->Illuminate/Foundation/Http/{closure}(Object(Illuminate/Http/Request))
#29 C:/wamp64/www/HoneyBeeshop/vendor/laravel/framework/src/Illuminate/Foundation/Http/Middleware/TransformsRequest.php(21): Illuminate/Pipeline/Pipeline->Illuminate/Pipeline/{closure}(Object(Illuminate/Http/Request))
#30 C:/wamp64/www/HoneyBeeshop/vendor/laravel/framework/src/Illuminate/Foundation/Http/Middleware/ConvertEmptyStringsToNull.php(31): Illuminate/Foundation/Http/Middleware/TransformsRequest->handle(Object(Illuminate/Http/Request), Object(Closure))
#31 C:/wamp64/www/HoneyBeeshop/vendor/laravel/framework/src/Illuminate/Pipeline/Pipeline.php(209): Illuminate/Foundation/Http/Middleware/ConvertEmptyStringsToNull->handle(Object(Illuminate/Http/Request), Object(Closure))
#32 C:/wamp64/www/HoneyBeeshop/vendor/laravel/framework/src/Illuminate/Foundation/Http/Middleware/TransformsRequest.php(21): Illuminate/Pipeline/Pipeline->Illuminate/Pipeline/{closure}(Object(Illuminate/Http/Request))
#33 C:/wamp64/www/HoneyBeeshop/vendor/laravel/framework/src/Illuminate/Foundation/Http/Middleware/TrimStrings.php(51): Illuminate/Foundation/Http/Middleware/TransformsRequest->handle(Object(Illuminate/Http/Request), Object(Closure))
#34 C:/wamp64/www/HoneyBeeshop/vendor/laravel/framework/src/Illuminate/Pipeline/Pipeline.php(209): Illuminate/Foundation/Http/Middleware/TrimStrings->handle(Object(Illuminate/Http/Request), Object(Closure))
#35 C:/wamp64/www/HoneyBeeshop/vendor/laravel/framework/src/Illuminate/Http/Middleware/ValidatePostSize.php(27): Illuminate/Pipeline/Pipeline->Illuminate/Pipeline/{closure}(Object(Illuminate/Http/Request))
#36 C:/wamp64/www/HoneyBeeshop/vendor/laravel/framework/src/Illuminate/Pipeline/Pipeline.php(209): Illuminate/Http/Middleware/ValidatePostSize->handle(Object(Illuminate/Http/Request), Object(Closure))
#37 C:/wamp64/www/HoneyBeeshop/vendor/laravel/framework/src/Illuminate/Foundation/Http/Middleware/PreventRequestsDuringMaintenance.php(110): Illuminate/Pipeline/Pipeline->Illuminate/Pipeline/{closure}(Object(Illuminate/Http/Request))
#38 C:/wamp64/www/HoneyBeeshop/vendor/laravel/framework/src/Illuminate/Pipeline/Pipeline.php(209): Illuminate/Foundation/Http/Middleware/PreventRequestsDuringMaintenance->handle(Object(Illuminate/Http/Request), Object(Closure))
#39 C:/wamp64/www/HoneyBeeshop/vendor/laravel/framework/src/Illuminate/Http/Middleware/HandleCors.php(49): Illuminate/Pipeline/Pipeline->Illuminate/Pipeline/{closure}(Object(Illuminate/Http/Request))
#40 C:/wamp64/www/HoneyBeeshop/vendor/laravel/framework/src/Illuminate/Pipeline/Pipeline.php(209): Illuminate/Http/Middleware/HandleCors->handle(Object(Illuminate/Http/Request), Object(Closure))
#41 C:/wamp64/www/HoneyBeeshop/vendor/laravel/framework/src/Illuminate/Http/Middleware/TrustProxies.php(58): Illuminate/Pipeline/Pipeline->Illuminate/Pipeline/{closure}(Object(Illuminate/Http/Request))
#42 C:/wamp64/www/HoneyBeeshop/vendor/laravel/framework/src/Illuminate/Pipeline/Pipeline.php(209): Illuminate/Http/Middleware/TrustProxies->handle(Object(Illuminate/Http/Request), Object(Closure))
#43 C:/wamp64/www/HoneyBeeshop/vendor/laravel/framework/src/Illuminate/Foundation/Http/Middleware/InvokeDeferredCallbacks.php(22): Illuminate/Pipeline/Pipeline->Illuminate/Pipeline/{closure}(Object(Illuminate/Http/Request))
#44 C:/wamp64/www/HoneyBeeshop/vendor/laravel/framework/src/Illuminate/Pipeline/Pipeline.php(209): Illuminate/Foundation/Http/Middleware/InvokeDeferredCallbacks->handle(Object(Illuminate/Http/Request), Object(Closure))
#45 C:/wamp64/www/HoneyBeeshop/vendor/laravel/framework/src/Illuminate/Pipeline/Pipeline.php(127): Illuminate/Pipeline/Pipeline->Illuminate/Pipeline/{closure}(Object(Illuminate/Http/Request))
#46 C:/wamp64/www/HoneyBeeshop/vendor/laravel/framework/src/Illuminate/Foundation/Http/Kernel.php(176): Illuminate/Pipeline/Pipeline->then(Object(Closure))
#47 C:/wamp64/www/HoneyBeeshop/vendor/laravel/framework/src/Illuminate/Foundation/Http/Kernel.php(145): Illuminate/Foundation/Http/Kernel->sendRequestThroughRouter(Object(Illuminate/Http/Request))
#48 C:/wamp64/www/HoneyBeeshop/vendor/laravel/framework/src/Illuminate/Foundation/Application.php(1220): Illuminate/Foundation/Http/Kernel->handle(Object(Illuminate/Http/Request))
#49 C:/wamp64/www/HoneyBeeshop/public/index.php(17): Illuminate/Foundation/Application->handleRequest(Object(Illuminate/Http/Request))
#50 {main}

[previous exception] [object] (PDOException(code: 1049): SQLSTATE[HY000] [1049] Unknown database 'honeybeeshop' at C:/wamp64/www/HoneyBeeshop/vendor/laravel/framework/src/Illuminate/Database/Connectors/Connector.php:66)
[stacktrace]
#0 C:/wamp64/www/HoneyBeeshop/vendor/laravel/framework/src/Illuminate/Database/Connectors/Connector.php(66): PDO->__construct('mysql:host=127....', 'root', Object(SensitiveParameterValue), Array)
#1 C:/wamp64/www/HoneyBeeshop/vendor/laravel/framework/src/Illuminate/Database/Connectors/Connector.php(44): Illuminate/Database/Connectors/Connector->createPdoConnection('mysql:host=127....', 'root', Object(SensitiveParameterValue), Array)
#2 C:/wamp64/www/HoneyBeeshop/vendor/laravel/framework/src/Illuminate/Database/Connectors/MySqlConnector.php(24): Illuminate/Database/Connectors/Connector->createConnection('mysql:host=127....', Array, Array)
#3 C:/wamp64/www/HoneyBeeshop/vendor/laravel/framework/src/Illuminate/Database/Connectors/ConnectionFactory.php(185): Illuminate/Database/Connectors/MySqlConnector->connect(Array)
#4 [internal function]: Illuminate/Database/Connectors/ConnectionFactory->Illuminate/Database/Connectors/{closure}()
#5 C:/wamp64/www/HoneyBeeshop/vendor/laravel/framework/src/Illuminate/Database/Connection.php(1231): call_user_func(Object(Closure))
#6 C:/wamp64/www/HoneyBeeshop/vendor/laravel/framework/src/Illuminate/Database/Connection.php(512): Illuminate/Database/Connection->getPdo()
#7 C:/wamp64/www/HoneyBeeshop/vendor/laravel/framework/src/Illuminate/Database/Connection.php(407): Illuminate/Database/Connection->getPdoForSelect(false)
#8 C:/wamp64/www/HoneyBeeshop/vendor/laravel/framework/src/Illuminate/Database/Connection.php(812): Illuminate/Database/Connection->Illuminate/Database/{closure}('select * from `...', Array)
#9 C:/wamp64/www/HoneyBeeshop/vendor/laravel/framework/src/Illuminate/Database/Connection.php(779): Illuminate/Database/Connection->runQueryCallback('select * from `...', Array, Object(Closure))
#10 C:/wamp64/www/HoneyBeeshop/vendor/laravel/framework/src/Illuminate/Database/Connection.php(398): Illuminate/Database/Connection->run('select * from `...', Array, Object(Closure))
#11 C:/wamp64/www/HoneyBeeshop/vendor/laravel/framework/src/Illuminate/Database/Query/Builder.php(3106): Illuminate/Database/Connection->select('select * from `...', Array, false)
#12 C:/wamp64/www/HoneyBeeshop/vendor/laravel/framework/src/Illuminate/Database/Query/Builder.php(3091): Illuminate/Database/Query/Builder->runSelect()
#13 C:/wamp64/www/HoneyBeeshop/vendor/laravel/framework/src/Illuminate/Database/Query/Builder.php(3676): Illuminate/Database/Query/Builder->Illuminate/Database/Query/{closure}()
#14 C:/wamp64/www/HoneyBeeshop/vendor/laravel/framework/src/Illuminate/Database/Query/Builder.php(3090): Illuminate/Database/Query/Builder->onceWithColumns(Array, Object(Closure))
#15 C:/wamp64/www/HoneyBeeshop/vendor/laravel/framework/src/Illuminate/Database/Concerns/BuildsQueries.php(343): Illuminate/Database/Query/Builder->get(Array)
#16 C:/wamp64/www/HoneyBeeshop/vendor/laravel/framework/src/Illuminate/Database/Query/Builder.php(3013): Illuminate/Database/Query/Builder->first(Array)
#17 C:/wamp64/www/HoneyBeeshop/vendor/laravel/framework/src/Illuminate/Session/DatabaseSessionHandler.php(97): Illuminate/Database/Query/Builder->find('vmBGHiS0aO7QfxI...')
#18 C:/wamp64/www/HoneyBeeshop/vendor/laravel/framework/src/Illuminate/Session/Store.php(117): Illuminate/Session/DatabaseSessionHandler->read('vmBGHiS0aO7QfxI...')
#19 C:/wamp64/www/HoneyBeeshop/vendor/laravel/framework/src/Illuminate/Session/Store.php(105): Illuminate/Session/Store->readFromHandler()
#20 C:/wamp64/www/HoneyBeeshop/vendor/laravel/framework/src/Illuminate/Session/Store.php(89): Illuminate/Session/Store->loadSession()
#21 C:/wamp64/www/HoneyBeeshop/vendor/laravel/framework/src/Illuminate/Session/Middleware/StartSession.php(147): Illuminate/Session/Store->start()
#22 C:/wamp64/www/HoneyBeeshop/vendor/laravel/framework/src/Illuminate/Support/helpers.php(399): Illuminate/Session/Middleware/StartSession->Illuminate/Session/Middleware/{closure}(Object(Illuminate/Session/Store))
#23 C:/wamp64/www/HoneyBeeshop/vendor/laravel/framework/src/Illuminate/Session/Middleware/StartSession.php(144): tap(Object(Illuminate/Session/Store), Object(Closure))
#24 C:/wamp64/www/HoneyBeeshop/vendor/laravel/framework/src/Illuminate/Session/Middleware/StartSession.php(116): Illuminate/Session/Middleware/StartSession->startSession(Object(Illuminate/Http/Request), Object(Illuminate/Session/Store))
#25 C:/wamp64/www/HoneyBeeshop/vendor/laravel/framework/src/Illuminate/Session/Middleware/StartSession.php(64): Illuminate/Session/Middleware/StartSession->handleStatefulRequest(Object(Illuminate/Http/Request), Object(Illuminate/Session/Store), Object(Closure))
#26 C:/wamp64/www/HoneyBeeshop/vendor/laravel/framework/src/Illuminate/Pipeline/Pipeline.php(209): Illuminate/Session/Middleware/StartSession->handle(Object(Illuminate/Http/Request), Object(Closure))
#27 C:/wamp64/www/HoneyBeeshop/vendor/laravel/framework/src/Illuminate/Cookie/Middleware/AddQueuedCookiesToResponse.php(37): Illuminate/Pipeline/Pipeline->Illuminate/Pipeline/{closure}(Object(Illuminate/Http/Request))
#28 C:/wamp64/www/HoneyBeeshop/vendor/laravel/framework/src/Illuminate/Pipeline/Pipeline.php(209): Illuminate/Cookie/Middleware/AddQueuedCookiesToResponse->handle(Object(Illuminate/Http/Request), Object(Closure))
#29 C:/wamp64/www/HoneyBeeshop/vendor/laravel/framework/src/Illuminate/Cookie/Middleware/EncryptCookies.php(75): Illuminate/Pipeline/Pipeline->Illuminate/Pipeline/{closure}(Object(Illuminate/Http/Request))
#30 C:/wamp64/www/HoneyBeeshop/vendor/laravel/framework/src/Illuminate/Pipeline/Pipeline.php(209): Illuminate/Cookie/Middleware/EncryptCookies->handle(Object(Illuminate/Http/Request), Object(Closure))
#31 C:/wamp64/www/HoneyBeeshop/vendor/laravel/framework/src/Illuminate/Pipeline/Pipeline.php(127): Illuminate/Pipeline/Pipeline->Illuminate/Pipeline/{closure}(Object(Illuminate/Http/Request))
#32 C:/wamp64/www/HoneyBeeshop/vendor/laravel/framework/src/Illuminate/Routing/Router.php(807): Illuminate/Pipeline/Pipeline->then(Object(Closure))
#33 C:/wamp64/www/HoneyBeeshop/vendor/laravel/framework/src/Illuminate/Routing/Router.php(786): Illuminate/Routing/Router->runRouteWithinStack(Object(Illuminate/Routing/Route), Object(Illuminate/Http/Request))
#34 C:/wamp64/www/HoneyBeeshop/vendor/laravel/framework/src/Illuminate/Routing/Router.php(750): Illuminate/Routing/Router->runRoute(Object(Illuminate/Http/Request), Object(Illuminate/Routing/Route))
#35 C:/wamp64/www/HoneyBeeshop/vendor/laravel/framework/src/Illuminate/Routing/Router.php(739): Illuminate/Routing/Router->dispatchToRoute(Object(Illuminate/Http/Request))
#36 C:/wamp64/www/HoneyBeeshop/vendor/laravel/framework/src/Illuminate/Foundation/Http/Kernel.php(201): Illuminate/Routing/Router->dispatch(Object(Illuminate/Http/Request))
#37 C:/wamp64/www/HoneyBeeshop/vendor/laravel/framework/src/Illuminate/Pipeline/Pipeline.php(170): Illuminate/Foundation/Http/Kernel->Illuminate/Foundation/Http/{closure}(Object(Illuminate/Http/Request))
#38 C:/wamp64/www/HoneyBeeshop/vendor/laravel/framework/src/Illuminate/Foundation/Http/Middleware/TransformsRequest.php(21): Illuminate/Pipeline/Pipeline->Illuminate/Pipeline/{closure}(Object(Illuminate/Http/Request))
#39 C:/wamp64/www/HoneyBeeshop/vendor/laravel/framework/src/Illuminate/Foundation/Http/Middleware/ConvertEmptyStringsToNull.php(31): Illuminate/Foundation/Http/Middleware/TransformsRequest->handle(Object(Illuminate/Http/Request), Object(Closure))
#40 C:/wamp64/www/HoneyBeeshop/vendor/laravel/framework/src/Illuminate/Pipeline/Pipeline.php(209): Illuminate/Foundation/Http/Middleware/ConvertEmptyStringsToNull->handle(Object(Illuminate/Http/Request), Object(Closure))
#41 C:/wamp64/www/HoneyBeeshop/vendor/laravel/framework/src/Illuminate/Foundation/Http/Middleware/TransformsRequest.php(21): Illuminate/Pipeline/Pipeline->Illuminate/Pipeline/{closure}(Object(Illuminate/Http/Request))
#42 C:/wamp64/www/HoneyBeeshop/vendor/laravel/framework/src/Illuminate/Foundation/Http/Middleware/TrimStrings.php(51): Illuminate/Foundation/Http/Middleware/TransformsRequest->handle(Object(Illuminate/Http/Request), Object(Closure))
#43 C:/wamp64/www/HoneyBeeshop/vendor/laravel/framework/src/Illuminate/Pipeline/Pipeline.php(209): Illuminate/Foundation/Http/Middleware/TrimStrings->handle(Object(Illuminate/Http/Request), Object(Closure))
#44 C:/wamp64/www/HoneyBeeshop/vendor/laravel/framework/src/Illuminate/Http/Middleware/ValidatePostSize.php(27): Illuminate/Pipeline/Pipeline->Illuminate/Pipeline/{closure}(Object(Illuminate/Http/Request))
#45 C:/wamp64/www/HoneyBeeshop/vendor/laravel/framework/src/Illuminate/Pipeline/Pipeline.php(209): Illuminate/Http/Middleware/ValidatePostSize->handle(Object(Illuminate/Http/Request), Object(Closure))
#46 C:/wamp64/www/HoneyBeeshop/vendor/laravel/framework/src/Illuminate/Foundation/Http/Middleware/PreventRequestsDuringMaintenance.php(110): Illuminate/Pipeline/Pipeline->Illuminate/Pipeline/{closure}(Object(Illuminate/Http/Request))
#47 C:/wamp64/www/HoneyBeeshop/vendor/laravel/framework/src/Illuminate/Pipeline/Pipeline.php(209): Illuminate/Foundation/Http/Middleware/PreventRequestsDuringMaintenance->handle(Object(Illuminate/Http/Request), Object(Closure))
#48 C:/wamp64/www/HoneyBeeshop/vendor/laravel/framework/src/Illuminate/Http/Middleware/HandleCors.php(49): Illuminate/Pipeline/Pipeline->Illuminate/Pipeline/{closure}(Object(Illuminate/Http/Request))
#49 C:/wamp64/www/HoneyBeeshop/vendor/laravel/framework/src/Illuminate/Pipeline/Pipeline.php(209): Illuminate/Http/Middleware/HandleCors->handle(Object(Illuminate/Http/Request), Object(Closure))
#50 C:/wamp64/www/HoneyBeeshop/vendor/laravel/framework/src/Illuminate/Http/Middleware/TrustProxies.php(58): Illuminate/Pipeline/Pipeline->Illuminate/Pipeline/{closure}(Object(Illuminate/Http/Request))
#51 C:/wamp64/www/HoneyBeeshop/vendor/laravel/framework/src/Illuminate/Pipeline/Pipeline.php(209): Illuminate/Http/Middleware/TrustProxies->handle(Object(Illuminate/Http/Request), Object(Closure))
#52 C:/wamp64/www/HoneyBeeshop/vendor/laravel/framework/src/Illuminate/Foundation/Http/Middleware/InvokeDeferredCallbacks.php(22): Illuminate/Pipeline/Pipeline->Illuminate/Pipeline/{closure}(Object(Illuminate/Http/Request))
#53 C:/wamp64/www/HoneyBeeshop/vendor/laravel/framework/src/Illuminate/Pipeline/Pipeline.php(209): Illuminate/Foundation/Http/Middleware/InvokeDeferredCallbacks->handle(Object(Illuminate/Http/Request), Object(Closure))
#54 C:/wamp64/www/HoneyBeeshop/vendor/laravel/framework/src/Illuminate/Pipeline/Pipeline.php(127): Illuminate/Pipeline/Pipeline->Illuminate/Pipeline/{closure}(Object(Illuminate/Http/Request))
#55 C:/wamp64/www/HoneyBeeshop/vendor/laravel/framework/src/Illuminate/Foundation/Http/Kernel.php(176): Illuminate/Pipeline/Pipeline->then(Object(Closure))
#56 C:/wamp64/www/HoneyBeeshop/vendor/laravel/framework/src/Illuminate/Foundation/Http/Kernel.php(145): Illuminate/Foundation/Http/Kernel->sendRequestThroughRouter(Object(Illuminate/Http/Request))
#57 C:/wamp64/www/HoneyBeeshop/vendor/laravel/framework/src/Illuminate/Foundation/Application.php(1220): Illuminate/Foundation/Http/Kernel->handle(Object(Illuminate/Http/Request))
#58 C:/wamp64/www/HoneyBeeshop/public/index.php(17): Illuminate/Foundation/Application->handleRequest(Object(Illuminate/Http/Request))
#59 {main}
"} 
[2026-06-24 17:39:54] local.ERROR: SQLSTATE[42000]: Syntax error or access violation: 1071 Specified key was too long; max key length is 1000 bytes (Connection: mysql, SQL: alter table `users` add unique `users_email_unique`(`email`)) {"exception":"[object] (Illuminate\\Database\\QueryException(code: 42000): SQLSTATE[42000]: Syntax error or access violation: 1071 Specified key was too long; max key length is 1000 bytes (Connection: mysql, SQL: alter table `users` add unique `users_email_unique`(`email`)) at C:/wamp64/www/HoneyBeeshop/vendor/laravel/framework/src/Illuminate/Database/Connection.php:825)
[stacktrace]
#0 C:/wamp64/www/HoneyBeeshop/vendor/laravel/framework/src/Illuminate/Database/Connection.php(779): Illuminate/Database/Connection->runQueryCallback('alter table `us...', Array, Object(Closure))
#1 C:/wamp64/www/HoneyBeeshop/vendor/laravel/framework/src/Illuminate/Database/Connection.php(560): Illuminate/Database/Connection->run('alter table `us...', Array, Object(Closure))
#2 C:/wamp64/www/HoneyBeeshop/vendor/laravel/framework/src/Illuminate/Database/Schema/Blueprint.php(118): Illuminate/Database/Connection->statement('alter table `us...')
#3 C:/wamp64/www/HoneyBeeshop/vendor/laravel/framework/src/Illuminate/Database/Schema/Builder.php(564): Illuminate/Database/Schema/Blueprint->build(Object(Illuminate/Database/MySqlConnection), Object(Illuminate/Database/Schema/Grammars/MySqlGrammar))
#4 C:/wamp64/www/HoneyBeeshop/vendor/laravel/framework/src/Illuminate/Database/Schema/Builder.php(418): Illuminate/Database/Schema/Builder->build(Object(Illuminate/Database/Schema/Blueprint))
#5 C:/wamp64/www/HoneyBeeshop/vendor/laravel/framework/src/Illuminate/Support/Facades/Facade.php(361): Illuminate/Database/Schema/Builder->create('users', Object(Closure))
#6 C:/wamp64/www/HoneyBeeshop/database/migrations/0001_01_01_000000_create_users_table.php(14): Illuminate/Support/Facades/Facade::__callStatic('create', Array)
#7 C:/wamp64/www/HoneyBeeshop/vendor/laravel/framework/src/Illuminate/Database/Migrations/Migrator.php(507): Illuminate/Database/Migrations/Migration@anonymous->up()
#8 C:/wamp64/www/HoneyBeeshop/vendor/laravel/framework/src/Illuminate/Database/Migrations/Migrator.php(432): Illuminate/Database/Migrations/Migrator->runMethod(Object(Illuminate/Database/MySqlConnection), Object(Illuminate/Database/Migrations/Migration@anonymous), 'up')
#9 C:/wamp64/www/HoneyBeeshop/vendor/laravel/framework/src/Illuminate/Database/Migrations/Migrator.php(441): Illuminate/Database/Migrations/Migrator->Illuminate/Database/Migrations/{closure}()
#10 C:/wamp64/www/HoneyBeeshop/vendor/laravel/framework/src/Illuminate/Database/Migrations/Migrator.php(244): Illuminate/Database/Migrations/Migrator->runMigration(Object(Illuminate/Database/Migrations/Migration@anonymous), 'up')
#11 C:/wamp64/www/HoneyBeeshop/vendor/laravel/framework/src/Illuminate/Console/View/Components/Task.php(40): Illuminate/Database/Migrations/Migrator->Illuminate/Database/Migrations/{closure}()
#12 C:/wamp64/www/HoneyBeeshop/vendor/laravel/framework/src/Illuminate/Database/Migrations/Migrator.php(798): Illuminate/Console/View/Components/Task->render('0001_01_01_0000...', Object(Closure))
#13 C:/wamp64/www/HoneyBeeshop/vendor/laravel/framework/src/Illuminate/Database/Migrations/Migrator.php(244): Illuminate/Database/Migrations/Migrator->write('Illuminate//Cons...', '0001_01_01_0000...', Object(Closure))
#14 C:/wamp64/www/HoneyBeeshop/vendor/laravel/framework/src/Illuminate/Database/Migrations/Migrator.php(211): Illuminate/Database/Migrations/Migrator->runUp('C://wamp64//www//H...', 1, false)
#15 C:/wamp64/www/HoneyBeeshop/vendor/laravel/framework/src/Illuminate/Database/Migrations/Migrator.php(138): Illuminate/Database/Migrations/Migrator->runPending(Array, Array)
#16 C:/wamp64/www/HoneyBeeshop/vendor/laravel/framework/src/Illuminate/Database/Console/Migrations/MigrateCommand.php(117): Illuminate/Database/Migrations/Migrator->run(Array, Array)
#17 C:/wamp64/www/HoneyBeeshop/vendor/laravel/framework/src/Illuminate/Database/Migrations/Migrator.php(658): Illuminate/Database/Console/Migrations/MigrateCommand->Illuminate/Database/Console/Migrations/{closure}()
#18 C:/wamp64/www/HoneyBeeshop/vendor/laravel/framework/src/Illuminate/Database/Console/Migrations/MigrateCommand.php(110): Illuminate/Database/Migrations/Migrator->usingConnection(NULL, Object(Closure))
#19 C:/wamp64/www/HoneyBeeshop/vendor/laravel/framework/src/Illuminate/Database/Console/Migrations/MigrateCommand.php(89): Illuminate/Database/Console/Migrations/MigrateCommand->runMigrations()
#20 C:/wamp64/www/HoneyBeeshop/vendor/laravel/framework/src/Illuminate/Container/BoundMethod.php(36): Illuminate/Database/Console/Migrations/MigrateCommand->handle()
#21 C:/wamp64/www/HoneyBeeshop/vendor/laravel/framework/src/Illuminate/Container/Util.php(43): Illuminate/Container/BoundMethod::Illuminate/Container/{closure}()
#22 C:/wamp64/www/HoneyBeeshop/vendor/laravel/framework/src/Illuminate/Container/BoundMethod.php(95): Illuminate/Container/Util::unwrapIfClosure(Object(Closure))
#23 C:/wamp64/www/HoneyBeeshop/vendor/laravel/framework/src/Illuminate/Container/BoundMethod.php(35): Illuminate/Container/BoundMethod::callBoundMethod(Object(Illuminate/Foundation/Application), Array, Object(Closure))
#24 C:/wamp64/www/HoneyBeeshop/vendor/laravel/framework/src/Illuminate/Container/Container.php(696): Illuminate/Container/BoundMethod::call(Object(Illuminate/Foundation/Application), Array, Array, NULL)
#25 C:/wamp64/www/HoneyBeeshop/vendor/laravel/framework/src/Illuminate/Console/Command.php(213): Illuminate/Container/Container->call(Array)
#26 C:/wamp64/www/HoneyBeeshop/vendor/symfony/console/Command/Command.php(341): Illuminate/Console/Command->execute(Object(Symfony/Component/Console/Input/ArgvInput), Object(Illuminate/Console/OutputStyle))
#27 C:/wamp64/www/HoneyBeeshop/vendor/laravel/framework/src/Illuminate/Console/Command.php(182): Symfony/Component/Console/Command/Command->run(Object(Symfony/Component/Console/Input/ArgvInput), Object(Illuminate/Console/OutputStyle))
#28 C:/wamp64/www/HoneyBeeshop/vendor/symfony/console/Application.php(1117): Illuminate/Console/Command->run(Object(Symfony/Component/Console/Input/ArgvInput), Object(Symfony/Component/Console/Output/ConsoleOutput))
#29 C:/wamp64/www/HoneyBeeshop/vendor/symfony/console/Application.php(356): Symfony/Component/Console/Application->doRunCommand(Object(Illuminate/Database/Console/Migrations/MigrateCommand), Object(Symfony/Component/Console/Input/ArgvInput), Object(Symfony/Component/Console/Output/ConsoleOutput))
#30 C:/wamp64/www/HoneyBeeshop/vendor/symfony/console/Application.php(195): Symfony/Component/Console/Application->doRun(Object(Symfony/Component/Console/Input/ArgvInput), Object(Symfony/Component/Console/Output/ConsoleOutput))
#31 C:/wamp64/www/HoneyBeeshop/vendor/laravel/framework/src/Illuminate/Foundation/Console/Kernel.php(198): Symfony/Component/Console/Application->run(Object(Symfony/Component/Console/Input/ArgvInput), Object(Symfony/Component/Console/Output/ConsoleOutput))
#32 C:/wamp64/www/HoneyBeeshop/vendor/laravel/framework/src/Illuminate/Foundation/Application.php(1235): Illuminate/Foundation/Console/Kernel->handle(Object(Symfony/Component/Console/Input/ArgvInput), Object(Symfony/Component/Console/Output/ConsoleOutput))
#33 C:/wamp64/www/HoneyBeeshop/artisan(13): Illuminate/Foundation/Application->handleCommand(Object(Symfony/Component/Console/Input/ArgvInput))
#34 {main}

[previous exception] [object] (PDOException(code: 42000): SQLSTATE[42000]: Syntax error or access violation: 1071 Specified key was too long; max key length is 1000 bytes at C:/wamp64/www/HoneyBeeshop/vendor/laravel/framework/src/Illuminate/Database/Connection.php:571)
[stacktrace]
#0 C:/wamp64/www/HoneyBeeshop/vendor/laravel/framework/src/Illuminate/Database/Connection.php(571): PDOStatement->execute()
#1 C:/wamp64/www/HoneyBeeshop/vendor/laravel/framework/src/Illuminate/Database/Connection.php(812): Illuminate/Database/Connection->Illuminate/Database/{closure}('alter table `us...', Array)
#2 C:/wamp64/www/HoneyBeeshop/vendor/laravel/framework/src/Illuminate/Database/Connection.php(779): Illuminate/Database/Connection->runQueryCallback('alter table `us...', Array, Object(Closure))
#3 C:/wamp64/www/HoneyBeeshop/vendor/laravel/framework/src/Illuminate/Database/Connection.php(560): Illuminate/Database/Connection->run('alter table `us...', Array, Object(Closure))
#4 C:/wamp64/www/HoneyBeeshop/vendor/laravel/framework/src/Illuminate/Database/Schema/Blueprint.php(118): Illuminate/Database/Connection->statement('alter table `us...')
#5 C:/wamp64/www/HoneyBeeshop/vendor/laravel/framework/src/Illuminate/Database/Schema/Builder.php(564): Illuminate/Database/Schema/Blueprint->build(Object(Illuminate/Database/MySqlConnection), Object(Illuminate/Database/Schema/Grammars/MySqlGrammar))
#6 C:/wamp64/www/HoneyBeeshop/vendor/laravel/framework/src/Illuminate/Database/Schema/Builder.php(418): Illuminate/Database/Schema/Builder->build(Object(Illuminate/Database/Schema/Blueprint))
#7 C:/wamp64/www/HoneyBeeshop/vendor/laravel/framework/src/Illuminate/Support/Facades/Facade.php(361): Illuminate/Database/Schema/Builder->create('users', Object(Closure))
#8 C:/wamp64/www/HoneyBeeshop/database/migrations/0001_01_01_000000_create_users_table.php(14): Illuminate/Support/Facades/Facade::__callStatic('create', Array)
#9 C:/wamp64/www/HoneyBeeshop/vendor/laravel/framework/src/Illuminate/Database/Migrations/Migrator.php(507): Illuminate/Database/Migrations/Migration@anonymous->up()
#10 C:/wamp64/www/HoneyBeeshop/vendor/laravel/framework/src/Illuminate/Database/Migrations/Migrator.php(432): Illuminate/Database/Migrations/Migrator->runMethod(Object(Illuminate/Database/MySqlConnection), Object(Illuminate/Database/Migrations/Migration@anonymous), 'up')
#11 C:/wamp64/www/HoneyBeeshop/vendor/laravel/framework/src/Illuminate/Database/Migrations/Migrator.php(441): Illuminate/Database/Migrations/Migrator->Illuminate/Database/Migrations/{closure}()
#12 C:/wamp64/www/HoneyBeeshop/vendor/laravel/framework/src/Illuminate/Database/Migrations/Migrator.php(244): Illuminate/Database/Migrations/Migrator->runMigration(Object(Illuminate/Database/Migrations/Migration@anonymous), 'up')
#13 C:/wamp64/www/HoneyBeeshop/vendor/laravel/framework/src/Illuminate/Console/View/Components/Task.php(40): Illuminate/Database/Migrations/Migrator->Illuminate/Database/Migrations/{closure}()
#14 C:/wamp64/www/HoneyBeeshop/vendor/laravel/framework/src/Illuminate/Database/Migrations/Migrator.php(798): Illuminate/Console/View/Components/Task->render('0001_01_01_0000...', Object(Closure))
#15 C:/wamp64/www/HoneyBeeshop/vendor/laravel/framework/src/Illuminate/Database/Migrations/Migrator.php(244): Illuminate/Database/Migrations/Migrator->write('Illuminate//Cons...', '0001_01_01_0000...', Object(Closure))
#16 C:/wamp64/www/HoneyBeeshop/vendor/laravel/framework/src/Illuminate/Database/Migrations/Migrator.php(211): Illuminate/Database/Migrations/Migrator->runUp('C://wamp64//www//H...', 1, false)
#17 C:/wamp64/www/HoneyBeeshop/vendor/laravel/framework/src/Illuminate/Database/Migrations/Migrator.php(138): Illuminate/Database/Migrations/Migrator->runPending(Array, Array)
#18 C:/wamp64/www/HoneyBeeshop/vendor/laravel/framework/src/Illuminate/Database/Console/Migrations/MigrateCommand.php(117): Illuminate/Database/Migrations/Migrator->run(Array, Array)
#19 C:/wamp64/www/HoneyBeeshop/vendor/laravel/framework/src/Illuminate/Database/Migrations/Migrator.php(658): Illuminate/Database/Console/Migrations/MigrateCommand->Illuminate/Database/Console/Migrations/{closure}()
#20 C:/wamp64/www/HoneyBeeshop/vendor/laravel/framework/src/Illuminate/Database/Console/Migrations/MigrateCommand.php(110): Illuminate/Database/Migrations/Migrator->usingConnection(NULL, Object(Closure))
#21 C:/wamp64/www/HoneyBeeshop/vendor/laravel/framework/src/Illuminate/Database/Console/Migrations/MigrateCommand.php(89): Illuminate/Database/Console/Migrations/MigrateCommand->runMigrations()
#22 C:/wamp64/www/HoneyBeeshop/vendor/laravel/framework/src/Illuminate/Container/BoundMethod.php(36): Illuminate/Database/Console/Migrations/MigrateCommand->handle()
#23 C:/wamp64/www/HoneyBeeshop/vendor/laravel/framework/src/Illuminate/Container/Util.php(43): Illuminate/Container/BoundMethod::Illuminate/Container/{closure}()
#24 C:/wamp64/www/HoneyBeeshop/vendor/laravel/framework/src/Illuminate/Container/BoundMethod.php(95): Illuminate/Container/Util::unwrapIfClosure(Object(Closure))
#25 C:/wamp64/www/HoneyBeeshop/vendor/laravel/framework/src/Illuminate/Container/BoundMethod.php(35): Illuminate/Container/BoundMethod::callBoundMethod(Object(Illuminate/Foundation/Application), Array, Object(Closure))
#26 C:/wamp64/www/HoneyBeeshop/vendor/laravel/framework/src/Illuminate/Container/Container.php(696): Illuminate/Container/BoundMethod::call(Object(Illuminate/Foundation/Application), Array, Array, NULL)
#27 C:/wamp64/www/HoneyBeeshop/vendor/laravel/framework/src/Illuminate/Console/Command.php(213): Illuminate/Container/Container->call(Array)
#28 C:/wamp64/www/HoneyBeeshop/vendor/symfony/console/Command/Command.php(341): Illuminate/Console/Command->execute(Object(Symfony/Component/Console/Input/ArgvInput), Object(Illuminate/Console/OutputStyle))
#29 C:/wamp64/www/HoneyBeeshop/vendor/laravel/framework/src/Illuminate/Console/Command.php(182): Symfony/Component/Console/Command/Command->run(Object(Symfony/Component/Console/Input/ArgvInput), Object(Illuminate/Console/OutputStyle))
#30 C:/wamp64/www/HoneyBeeshop/vendor/symfony/console/Application.php(1117): Illuminate/Console/Command->run(Object(Symfony/Component/Console/Input/ArgvInput), Object(Symfony/Component/Console/Output/ConsoleOutput))
#31 C:/wamp64/www/HoneyBeeshop/vendor/symfony/console/Application.php(356): Symfony/Component/Console/Application->doRunCommand(Object(Illuminate/Database/Console/Migrations/MigrateCommand), Object(Symfony/Component/Console/Input/ArgvInput), Object(Symfony/Component/Console/Output/ConsoleOutput))
#32 C:/wamp64/www/HoneyBeeshop/vendor/symfony/console/Application.php(195): Symfony/Component/Console/Application->doRun(Object(Symfony/Component/Console/Input/ArgvInput), Object(Symfony/Component/Console/Output/ConsoleOutput))
#33 C:/wamp64/www/HoneyBeeshop/vendor/laravel/framework/src/Illuminate/Foundation/Console/Kernel.php(198): Symfony/Component/Console/Application->run(Object(Symfony/Component/Console/Input/ArgvInput), Object(Symfony/Component/Console/Output/ConsoleOutput))
#34 C:/wamp64/www/HoneyBeeshop/vendor/laravel/framework/src/Illuminate/Foundation/Application.php(1235): Illuminate/Foundation/Console/Kernel->handle(Object(Symfony/Component/Console/Input/ArgvInput), Object(Symfony/Component/Console/Output/ConsoleOutput))
#35 C:/wamp64/www/HoneyBeeshop/artisan(13): Illuminate/Foundation/Application->handleCommand(Object(Symfony/Component/Console/Input/ArgvInput))
#36 {main}
"} 
[2026-06-24 17:41:25] local.ERROR: SQLSTATE[42S01]: Base table or view already exists: 1050 Table 'users' already exists (Connection: mysql, SQL: create table `users` (`id` bigint unsigned not null auto_increment primary key, `name` varchar(191) not null, `email` varchar(191) not null, `email_verified_at` timestamp null, `password` varchar(191) not null, `remember_token` varchar(100) null, `created_at` timestamp null, `updated_at` timestamp null) default character set utf8mb4 collate 'utf8mb4_unicode_ci') {"exception":"[object] (Illuminate\\Database\\QueryException(code: 42S01): SQLSTATE[42S01]: Base table or view already exists: 1050 Table 'users' already exists (Connection: mysql, SQL: create table `users` (`id` bigint unsigned not null auto_increment primary key, `name` varchar(191) not null, `email` varchar(191) not null, `email_verified_at` timestamp null, `password` varchar(191) not null, `remember_token` varchar(100) null, `created_at` timestamp null, `updated_at` timestamp null) default character set utf8mb4 collate 'utf8mb4_unicode_ci') at C:/wamp64/www/HoneyBeeshop/vendor/laravel/framework/src/Illuminate/Database/Connection.php:825)
[stacktrace]
#0 C:/wamp64/www/HoneyBeeshop/vendor/laravel/framework/src/Illuminate/Database/Connection.php(779): Illuminate/Database/Connection->runQueryCallback('create table `u...', Array, Object(Closure))
#1 C:/wamp64/www/HoneyBeeshop/vendor/laravel/framework/src/Illuminate/Database/Connection.php(560): Illuminate/Database/Connection->run('create table `u...', Array, Object(Closure))
#2 C:/wamp64/www/HoneyBeeshop/vendor/laravel/framework/src/Illuminate/Database/Schema/Blueprint.php(118): Illuminate/Database/Connection->statement('create table `u...')
#3 C:/wamp64/www/HoneyBeeshop/vendor/laravel/framework/src/Illuminate/Database/Schema/Builder.php(564): Illuminate/Database/Schema/Blueprint->build(Object(Illuminate/Database/MySqlConnection), Object(Illuminate/Database/Schema/Grammars/MySqlGrammar))
#4 C:/wamp64/www/HoneyBeeshop/vendor/laravel/framework/src/Illuminate/Database/Schema/Builder.php(418): Illuminate/Database/Schema/Builder->build(Object(Illuminate/Database/Schema/Blueprint))
#5 C:/wamp64/www/HoneyBeeshop/vendor/laravel/framework/src/Illuminate/Support/Facades/Facade.php(361): Illuminate/Database/Schema/Builder->create('users', Object(Closure))
#6 C:/wamp64/www/HoneyBeeshop/database/migrations/0001_01_01_000000_create_users_table.php(14): Illuminate/Support/Facades/Facade::__callStatic('create', Array)
#7 C:/wamp64/www/HoneyBeeshop/vendor/laravel/framework/src/Illuminate/Database/Migrations/Migrator.php(507): Illuminate/Database/Migrations/Migration@anonymous->up()
#8 C:/wamp64/www/HoneyBeeshop/vendor/laravel/framework/src/Illuminate/Database/Migrations/Migrator.php(432): Illuminate/Database/Migrations/Migrator->runMethod(Object(Illuminate/Database/MySqlConnection), Object(Illuminate/Database/Migrations/Migration@anonymous), 'up')
#9 C:/wamp64/www/HoneyBeeshop/vendor/laravel/framework/src/Illuminate/Database/Migrations/Migrator.php(441): Illuminate/Database/Migrations/Migrator->Illuminate/Database/Migrations/{closure}()
#10 C:/wamp64/www/HoneyBeeshop/vendor/laravel/framework/src/Illuminate/Database/Migrations/Migrator.php(244): Illuminate/Database/Migrations/Migrator->runMigration(Object(Illuminate/Database/Migrations/Migration@anonymous), 'up')
#11 C:/wamp64/www/HoneyBeeshop/vendor/laravel/framework/src/Illuminate/Console/View/Components/Task.php(40): Illuminate/Database/Migrations/Migrator->Illuminate/Database/Migrations/{closure}()
#12 C:/wamp64/www/HoneyBeeshop/vendor/laravel/framework/src/Illuminate/Database/Migrations/Migrator.php(798): Illuminate/Console/View/Components/Task->render('0001_01_01_0000...', Object(Closure))
#13 C:/wamp64/www/HoneyBeeshop/vendor/laravel/framework/src/Illuminate/Database/Migrations/Migrator.php(244): Illuminate/Database/Migrations/Migrator->write('Illuminate//Cons...', '0001_01_01_0000...', Object(Closure))
#14 C:/wamp64/www/HoneyBeeshop/vendor/laravel/framework/src/Illuminate/Database/Migrations/Migrator.php(211): Illuminate/Database/Migrations/Migrator->runUp('C://wamp64//www//H...', 1, false)
#15 C:/wamp64/www/HoneyBeeshop/vendor/laravel/framework/src/Illuminate/Database/Migrations/Migrator.php(138): Illuminate/Database/Migrations/Migrator->runPending(Array, Array)
#16 C:/wamp64/www/HoneyBeeshop/vendor/laravel/framework/src/Illuminate/Database/Console/Migrations/MigrateCommand.php(117): Illuminate/Database/Migrations/Migrator->run(Array, Array)
#17 C:/wamp64/www/HoneyBeeshop/vendor/laravel/framework/src/Illuminate/Database/Migrations/Migrator.php(658): Illuminate/Database/Console/Migrations/MigrateCommand->Illuminate/Database/Console/Migrations/{closure}()
#18 C:/wamp64/www/HoneyBeeshop/vendor/laravel/framework/src/Illuminate/Database/Console/Migrations/MigrateCommand.php(110): Illuminate/Database/Migrations/Migrator->usingConnection(NULL, Object(Closure))
#19 C:/wamp64/www/HoneyBeeshop/vendor/laravel/framework/src/Illuminate/Database/Console/Migrations/MigrateCommand.php(89): Illuminate/Database/Console/Migrations/MigrateCommand->runMigrations()
#20 C:/wamp64/www/HoneyBeeshop/vendor/laravel/framework/src/Illuminate/Container/BoundMethod.php(36): Illuminate/Database/Console/Migrations/MigrateCommand->handle()
#21 C:/wamp64/www/HoneyBeeshop/vendor/laravel/framework/src/Illuminate/Container/Util.php(43): Illuminate/Container/BoundMethod::Illuminate/Container/{closure}()
#22 C:/wamp64/www/HoneyBeeshop/vendor/laravel/framework/src/Illuminate/Container/BoundMethod.php(95): Illuminate/Container/Util::unwrapIfClosure(Object(Closure))
#23 C:/wamp64/www/HoneyBeeshop/vendor/laravel/framework/src/Illuminate/Container/BoundMethod.php(35): Illuminate/Container/BoundMethod::callBoundMethod(Object(Illuminate/Foundation/Application), Array, Object(Closure))
#24 C:/wamp64/www/HoneyBeeshop/vendor/laravel/framework/src/Illuminate/Container/Container.php(696): Illuminate/Container/BoundMethod::call(Object(Illuminate/Foundation/Application), Array, Array, NULL)
#25 C:/wamp64/www/HoneyBeeshop/vendor/laravel/framework/src/Illuminate/Console/Command.php(213): Illuminate/Container/Container->call(Array)
#26 C:/wamp64/www/HoneyBeeshop/vendor/symfony/console/Command/Command.php(341): Illuminate/Console/Command->execute(Object(Symfony/Component/Console/Input/ArgvInput), Object(Illuminate/Console/OutputStyle))
#27 C:/wamp64/www/HoneyBeeshop/vendor/laravel/framework/src/Illuminate/Console/Command.php(182): Symfony/Component/Console/Command/Command->run(Object(Symfony/Component/Console/Input/ArgvInput), Object(Illuminate/Console/OutputStyle))
#28 C:/wamp64/www/HoneyBeeshop/vendor/symfony/console/Application.php(1117): Illuminate/Console/Command->run(Object(Symfony/Component/Console/Input/ArgvInput), Object(Symfony/Component/Console/Output/ConsoleOutput))
#29 C:/wamp64/www/HoneyBeeshop/vendor/symfony/console/Application.php(356): Symfony/Component/Console/Application->doRunCommand(Object(Illuminate/Database/Console/Migrations/MigrateCommand), Object(Symfony/Component/Console/Input/ArgvInput), Object(Symfony/Component/Console/Output/ConsoleOutput))
#30 C:/wamp64/www/HoneyBeeshop/vendor/symfony/console/Application.php(195): Symfony/Component/Console/Application->doRun(Object(Symfony/Component/Console/Input/ArgvInput), Object(Symfony/Component/Console/Output/ConsoleOutput))
#31 C:/wamp64/www/HoneyBeeshop/vendor/laravel/framework/src/Illuminate/Foundation/Console/Kernel.php(198): Symfony/Component/Console/Application->run(Object(Symfony/Component/Console/Input/ArgvInput), Object(Symfony/Component/Console/Output/ConsoleOutput))
#32 C:/wamp64/www/HoneyBeeshop/vendor/laravel/framework/src/Illuminate/Foundation/Application.php(1235): Illuminate/Foundation/Console/Kernel->handle(Object(Symfony/Component/Console/Input/ArgvInput), Object(Symfony/Component/Console/Output/ConsoleOutput))
#33 C:/wamp64/www/HoneyBeeshop/artisan(13): Illuminate/Foundation/Application->handleCommand(Object(Symfony/Component/Console/Input/ArgvInput))
#34 {main}

[previous exception] [object] (PDOException(code: 42S01): SQLSTATE[42S01]: Base table or view already exists: 1050 Table 'users' already exists at C:/wamp64/www/HoneyBeeshop/vendor/laravel/framework/src/Illuminate/Database/Connection.php:571)
[stacktrace]
#0 C:/wamp64/www/HoneyBeeshop/vendor/laravel/framework/src/Illuminate/Database/Connection.php(571): PDOStatement->execute()
#1 C:/wamp64/www/HoneyBeeshop/vendor/laravel/framework/src/Illuminate/Database/Connection.php(812): Illuminate/Database/Connection->Illuminate/Database/{closure}('create table `u...', Array)
#2 C:/wamp64/www/HoneyBeeshop/vendor/laravel/framework/src/Illuminate/Database/Connection.php(779): Illuminate/Database/Connection->runQueryCallback('create table `u...', Array, Object(Closure))
#3 C:/wamp64/www/HoneyBeeshop/vendor/laravel/framework/src/Illuminate/Database/Connection.php(560): Illuminate/Database/Connection->run('create table `u...', Array, Object(Closure))
#4 C:/wamp64/www/HoneyBeeshop/vendor/laravel/framework/src/Illuminate/Database/Schema/Blueprint.php(118): Illuminate/Database/Connection->statement('create table `u...')
#5 C:/wamp64/www/HoneyBeeshop/vendor/laravel/framework/src/Illuminate/Database/Schema/Builder.php(564): Illuminate/Database/Schema/Blueprint->build(Object(Illuminate/Database/MySqlConnection), Object(Illuminate/Database/Schema/Grammars/MySqlGrammar))
#6 C:/wamp64/www/HoneyBeeshop/vendor/laravel/framework/src/Illuminate/Database/Schema/Builder.php(418): Illuminate/Database/Schema/Builder->build(Object(Illuminate/Database/Schema/Blueprint))
#7 C:/wamp64/www/HoneyBeeshop/vendor/laravel/framework/src/Illuminate/Support/Facades/Facade.php(361): Illuminate/Database/Schema/Builder->create('users', Object(Closure))
#8 C:/wamp64/www/HoneyBeeshop/database/migrations/0001_01_01_000000_create_users_table.php(14): Illuminate/Support/Facades/Facade::__callStatic('create', Array)
#9 C:/wamp64/www/HoneyBeeshop/vendor/laravel/framework/src/Illuminate/Database/Migrations/Migrator.php(507): Illuminate/Database/Migrations/Migration@anonymous->up()
#10 C:/wamp64/www/HoneyBeeshop/vendor/laravel/framework/src/Illuminate/Database/Migrations/Migrator.php(432): Illuminate/Database/Migrations/Migrator->runMethod(Object(Illuminate/Database/MySqlConnection), Object(Illuminate/Database/Migrations/Migration@anonymous), 'up')
#11 C:/wamp64/www/HoneyBeeshop/vendor/laravel/framework/src/Illuminate/Database/Migrations/Migrator.php(441): Illuminate/Database/Migrations/Migrator->Illuminate/Database/Migrations/{closure}()
#12 C:/wamp64/www/HoneyBeeshop/vendor/laravel/framework/src/Illuminate/Database/Migrations/Migrator.php(244): Illuminate/Database/Migrations/Migrator->runMigration(Object(Illuminate/Database/Migrations/Migration@anonymous), 'up')
#13 C:/wamp64/www/HoneyBeeshop/vendor/laravel/framework/src/Illuminate/Console/View/Components/Task.php(40): Illuminate/Database/Migrations/Migrator->Illuminate/Database/Migrations/{closure}()
#14 C:/wamp64/www/HoneyBeeshop/vendor/laravel/framework/src/Illuminate/Database/Migrations/Migrator.php(798): Illuminate/Console/View/Components/Task->render('0001_01_01_0000...', Object(Closure))
#15 C:/wamp64/www/HoneyBeeshop/vendor/laravel/framework/src/Illuminate/Database/Migrations/Migrator.php(244): Illuminate/Database/Migrations/Migrator->write('Illuminate//Cons...', '0001_01_01_0000...', Object(Closure))
#16 C:/wamp64/www/HoneyBeeshop/vendor/laravel/framework/src/Illuminate/Database/Migrations/Migrator.php(211): Illuminate/Database/Migrations/Migrator->runUp('C://wamp64//www//H...', 1, false)
#17 C:/wamp64/www/HoneyBeeshop/vendor/laravel/framework/src/Illuminate/Database/Migrations/Migrator.php(138): Illuminate/Database/Migrations/Migrator->runPending(Array, Array)
#18 C:/wamp64/www/HoneyBeeshop/vendor/laravel/framework/src/Illuminate/Database/Console/Migrations/MigrateCommand.php(117): Illuminate/Database/Migrations/Migrator->run(Array, Array)
#19 C:/wamp64/www/HoneyBeeshop/vendor/laravel/framework/src/Illuminate/Database/Migrations/Migrator.php(658): Illuminate/Database/Console/Migrations/MigrateCommand->Illuminate/Database/Console/Migrations/{closure}()
#20 C:/wamp64/www/HoneyBeeshop/vendor/laravel/framework/src/Illuminate/Database/Console/Migrations/MigrateCommand.php(110): Illuminate/Database/Migrations/Migrator->usingConnection(NULL, Object(Closure))
#21 C:/wamp64/www/HoneyBeeshop/vendor/laravel/framework/src/Illuminate/Database/Console/Migrations/MigrateCommand.php(89): Illuminate/Database/Console/Migrations/MigrateCommand->runMigrations()
#22 C:/wamp64/www/HoneyBeeshop/vendor/laravel/framework/src/Illuminate/Container/BoundMethod.php(36): Illuminate/Database/Console/Migrations/MigrateCommand->handle()
#23 C:/wamp64/www/HoneyBeeshop/vendor/laravel/framework/src/Illuminate/Container/Util.php(43): Illuminate/Container/BoundMethod::Illuminate/Container/{closure}()
#24 C:/wamp64/www/HoneyBeeshop/vendor/laravel/framework/src/Illuminate/Container/BoundMethod.php(95): Illuminate/Container/Util::unwrapIfClosure(Object(Closure))
#25 C:/wamp64/www/HoneyBeeshop/vendor/laravel/framework/src/Illuminate/Container/BoundMethod.php(35): Illuminate/Container/BoundMethod::callBoundMethod(Object(Illuminate/Foundation/Application), Array, Object(Closure))
#26 C:/wamp64/www/HoneyBeeshop/vendor/laravel/framework/src/Illuminate/Container/Container.php(696): Illuminate/Container/BoundMethod::call(Object(Illuminate/Foundation/Application), Array, Array, NULL)
#27 C:/wamp64/www/HoneyBeeshop/vendor/laravel/framework/src/Illuminate/Console/Command.php(213): Illuminate/Container/Container->call(Array)
#28 C:/wamp64/www/HoneyBeeshop/vendor/symfony/console/Command/Command.php(341): Illuminate/Console/Command->execute(Object(Symfony/Component/Console/Input/ArgvInput), Object(Illuminate/Console/OutputStyle))
#29 C:/wamp64/www/HoneyBeeshop/vendor/laravel/framework/src/Illuminate/Console/Command.php(182): Symfony/Component/Console/Command/Command->run(Object(Symfony/Component/Console/Input/ArgvInput), Object(Illuminate/Console/OutputStyle))
#30 C:/wamp64/www/HoneyBeeshop/vendor/symfony/console/Application.php(1117): Illuminate/Console/Command->run(Object(Symfony/Component/Console/Input/ArgvInput), Object(Symfony/Component/Console/Output/ConsoleOutput))
#31 C:/wamp64/www/HoneyBeeshop/vendor/symfony/console/Application.php(356): Symfony/Component/Console/Application->doRunCommand(Object(Illuminate/Database/Console/Migrations/MigrateCommand), Object(Symfony/Component/Console/Input/ArgvInput), Object(Symfony/Component/Console/Output/ConsoleOutput))
#32 C:/wamp64/www/HoneyBeeshop/vendor/symfony/console/Application.php(195): Symfony/Component/Console/Application->doRun(Object(Symfony/Component/Console/Input/ArgvInput), Object(Symfony/Component/Console/Output/ConsoleOutput))
#33 C:/wamp64/www/HoneyBeeshop/vendor/laravel/framework/src/Illuminate/Foundation/Console/Kernel.php(198): Symfony/Component/Console/Application->run(Object(Symfony/Component/Console/Input/ArgvInput), Object(Symfony/Component/Console/Output/ConsoleOutput))
#34 C:/wamp64/www/HoneyBeeshop/vendor/laravel/framework/src/Illuminate/Foundation/Application.php(1235): Illuminate/Foundation/Console/Kernel->handle(Object(Symfony/Component/Console/Input/ArgvInput), Object(Symfony/Component/Console/Output/ConsoleOutput))
#35 C:/wamp64/www/HoneyBeeshop/artisan(13): Illuminate/Foundation/Application->handleCommand(Object(Symfony/Component/Console/Input/ArgvInput))
#36 {main}
"} 
